AUROC,AUROC_CI_low,AUROC_CI_high,AUPR,FPR@95TPR,DetRate@val5FPR,KnownFPR@val5,dataset,variant,family,group,near_far,n_siblings,seed,method,condition,n_known,n_unknown,run_id
0.9377183345528177,0.9292919778355547,0.9461446912700807,0.12762508117732582,0.14502377274459846,0.4575718015665796,0.04968202700262804,ciciot2023,D_clean,Backdoor_Malware,Malware_C2,far,0,42,rf:maxprob,with_normal,99694,1532,SAFE_FINAL_01
0.9413055509970892,0.9331018935526696,0.9495092084415089,0.13726581908635171,0.13473978548474605,0.4869451697127937,0.050696965902925585,ciciot2023,D_clean,Backdoor_Malware,Malware_C2,far,0,42,rf:maxprob,attacks_only,95844,1532,SAFE_FINAL_01
0.9259565176751565,0.9168549238383061,0.9350581115120069,0.11258230137563949,0.2578490179950649,0.43798955613577023,0.04992276365678978,ciciot2023,D_clean,Backdoor_Malware,Malware_C2,far,0,42,mlp:maxprob,with_normal,99694,1532,SAFE_FINAL_01
0.9281962370477352,0.9192167999471872,0.9371756741482833,0.12004267044227614,0.2517319811360127,0.44843342036553524,0.04999791327573974,ciciot2023,D_clean,Backdoor_Malware,Malware_C2,far,0,42,mlp:maxprob,attacks_only,95844,1532,SAFE_FINAL_01
0.940767665505533,0.9325302989921925,0.9490050320188735,0.11816570992220961,0.12405962244468072,0.43537859007832896,0.0499628864324834,ciciot2023,D_clean,Backdoor_Malware,Malware_C2,far,0,42,mlp:entropy,with_normal,99694,1532,SAFE_FINAL_01
0.9428079890592447,0.9347004057179432,0.9509155724005461,0.12556122446891885,0.11553148866908727,0.445822454308094,0.04973707274320771,ciciot2023,D_clean,Backdoor_Malware,Malware_C2,far,0,42,mlp:entropy,attacks_only,95844,1532,SAFE_FINAL_01
0.9615880468908489,0.9548458909790924,0.9683302028026053,0.1881608582329227,0.0976187132625835,0.6768929503916449,0.050113346841334484,ciciot2023,D_clean,Backdoor_Malware,Malware_C2,far,0,42,mlp:energy,with_normal,99694,1532,SAFE_FINAL_01
0.9624294218640538,0.9557570414003025,0.9691018023278051,0.19505073425407882,0.09472684779433246,0.683420365535248,0.04985184257752181,ciciot2023,D_clean,Backdoor_Malware,Malware_C2,far,0,42,mlp:energy,attacks_only,95844,1532,SAFE_FINAL_01
0.6653581303436035,0.6503507634877286,0.6803654971994784,0.021161748676099778,0.5713382951832607,0.05548302872062663,0.0499628864324834,ciciot2023,D_clean,Backdoor_Malware,Malware_C2,far,0,42,mlp:mahalanobis,with_normal,99694,1532,SAFE_FINAL_01
0.6714450064252583,0.6564646062362067,0.6864254066143098,0.02226430405960549,0.5551416885772714,0.05548302872062663,0.04958056842368849,ciciot2023,D_clean,Backdoor_Malware,Malware_C2,far,0,42,mlp:mahalanobis,attacks_only,95844,1532,SAFE_FINAL_01
0.9250959273497005,0.9159479438990796,0.9342439108003213,0.09482125650103172,0.1514835396312717,0.3426892950391645,0.048327883322968286,ciciot2023,D_clean,Backdoor_Malware,Malware_C2,far,0,42,edl:vacuity,with_normal,99694,1532,SAFE_FINAL_01
0.9280917714360248,0.9191065585495423,0.9370769843225074,0.10178765461441254,0.1438900713659697,0.3629242819843342,0.0482450648971245,ciciot2023,D_clean,Backdoor_Malware,Malware_C2,far,0,42,edl:vacuity,attacks_only,95844,1532,SAFE_FINAL_01
0.8319078671858603,0.8192581574296774,0.8445575769420431,0.05526339178976491,0.36963107107749715,0.20169712793733682,0.05039420627118984,ciciot2023,D_clean,Backdoor_Malware,Malware_C2,far,0,42,fusion_rank,with_normal,99694,1532,SAFE_FINAL_01
0.8377171875413736,0.8252208259072797,0.8502135491754674,0.05863284244955135,0.35363716038562665,0.2056135770234987,0.0503004882934769,ciciot2023,D_clean,Backdoor_Malware,Malware_C2,far,0,42,fusion_rank,attacks_only,95844,1532,SAFE_FINAL_01
0.7827012931109666,0.7689745851334973,0.7964280010884359,0.03255675298789263,0.3658093766926796,0.09399477806788512,0.05038417557726643,ciciot2023,D_clean,Backdoor_Malware,Malware_C2,far,0,42,fusion_z,with_normal,99694,1532,SAFE_FINAL_01
0.7913953380291712,0.7778296979055854,0.8049609781527569,0.03485919366797594,0.3428487959601018,0.0926892950391645,0.05025875380827177,ciciot2023,D_clean,Backdoor_Malware,Malware_C2,far,0,42,fusion_z,attacks_only,95844,1532,SAFE_FINAL_01
0.9374631051173248,0.9290212113608679,0.9459049988737817,0.12844426319309446,0.14402070335225792,0.4223237597911227,0.044255421590065604,ciciot2023,D_clean,Backdoor_Malware,Malware_C2,far,0,7,rf:maxprob,with_normal,99694,1532,SAFE_FINAL_01
0.9413716669211054,0.9331722032162371,0.9495711306259738,0.1385831251534094,0.1330391052126372,0.4510443864229765,0.04613747339426568,ciciot2023,D_clean,Backdoor_Malware,Malware_C2,far,0,7,rf:maxprob,attacks_only,95844,1532,SAFE_FINAL_01
0.91398858706074,0.9042738606289231,0.923703313492557,0.09573436160940535,0.288713463197384,0.3577023498694517,0.04959175075731739,ciciot2023,D_clean,Backdoor_Malware,Malware_C2,far,0,7,mlp:maxprob,with_normal,99694,1532,SAFE_FINAL_01
0.9175338694961557,0.9079934140886988,0.9270743249036125,0.10286979156884817,0.2795271482826259,0.3779373368146214,0.049340595133759026,ciciot2023,D_clean,Backdoor_Malware,Malware_C2,far,0,7,mlp:maxprob,attacks_only,95844,1532,SAFE_FINAL_01
0.9344087391752968,0.9257841325065433,0.9430333458440502,0.10438148582512953,0.13255562019780529,0.35574412532637073,0.049330952715308844,ciciot2023,D_clean,Backdoor_Malware,Malware_C2,far,0,7,mlp:entropy,with_normal,99694,1532,SAFE_FINAL_01
0.9373930928391796,0.9289466260694087,0.9458395596089505,0.11187595591249641,0.12177079420725345,0.3720626631853786,0.049977046033137185,ciciot2023,D_clean,Backdoor_Malware,Malware_C2,far,0,7,mlp:entropy,attacks_only,95844,1532,SAFE_FINAL_01
0.9481871216523082,0.9404377977137994,0.955936445590817,0.12558781610182365,0.10687704375388689,0.5150130548302873,0.04826769915942785,ciciot2023,D_clean,Backdoor_Malware,Malware_C2,far,0,7,mlp:energy,with_normal,99694,1532,SAFE_FINAL_01
0.9499155632635408,0.942286048689054,0.9575450778380276,0.1332571110561845,0.10316764742706899,0.5378590078328982,0.048140728684111685,ciciot2023,D_clean,Backdoor_Malware,Malware_C2,far,0,7,mlp:energy,attacks_only,95844,1532,SAFE_FINAL_01
0.6573090680982501,0.6422677959617963,0.6723503402347039,0.020129316003904964,0.5825124882139346,0.04960835509138381,0.04999297851425362,ciciot2023,D_clean,Backdoor_Malware,Malware_C2,far,0,7,mlp:mahalanobis,with_normal,99694,1532,SAFE_FINAL_01
0.6639358910361627,0.6489191859419682,0.6789525961303572,0.021243163603455205,0.5667856099495012,0.048302872062663184,0.04988314344142565,ciciot2023,D_clean,Backdoor_Malware,Malware_C2,far,0,7,mlp:mahalanobis,attacks_only,95844,1532,SAFE_FINAL_01
0.9200985138544835,0.910688433326403,0.929508594382564,0.08652155604590854,0.16458362589523942,0.30678851174934724,0.051156539009368666,ciciot2023,D_clean,Backdoor_Malware,Malware_C2,far,0,7,edl:vacuity,with_normal,99694,1532,SAFE_FINAL_01
0.9232052543662389,0.9139562482900945,0.9324542604423833,0.0925956366061829,0.15521055047785987,0.3224543080939948,0.05097867367806018,ciciot2023,D_clean,Backdoor_Malware,Malware_C2,far,0,7,edl:vacuity,attacks_only,95844,1532,SAFE_FINAL_01
0.8309059599659554,0.8182302435394304,0.8435816763924804,0.04995528662460965,0.3654181796296668,0.1801566579634465,0.04913033883684073,ciciot2023,D_clean,Backdoor_Malware,Malware_C2,far,0,7,fusion_rank,with_normal,99694,1532,SAFE_FINAL_01
0.8374414116749553,0.8249375657617147,0.849945257588196,0.053260420408701006,0.34861858853971034,0.18276762402088773,0.04871457785568215,ciciot2023,D_clean,Backdoor_Malware,Malware_C2,far,0,7,fusion_rank,attacks_only,95844,1532,SAFE_FINAL_01
0.7807547492192951,0.7669930981306361,0.7945164003079541,0.03120953479395132,0.36787569964090117,0.07441253263707572,0.05075531125243244,ciciot2023,D_clean,Backdoor_Malware,Malware_C2,far,0,7,fusion_z,with_normal,99694,1532,SAFE_FINAL_01
0.7902583184838112,0.7766707647027683,0.8038458722648542,0.033623467473143216,0.344820750386044,0.07180156657963446,0.05061349693251534,ciciot2023,D_clean,Backdoor_Malware,Malware_C2,far,0,7,fusion_z,attacks_only,95844,1532,SAFE_FINAL_01
0.9361432635300049,0.9276216952513796,0.9446648318086301,0.1273654418585031,0.1486749453327181,0.45887728459530025,0.048438220956125745,ciciot2023,D_clean,Backdoor_Malware,Malware_C2,far,0,13,rf:maxprob,with_normal,99694,1532,SAFE_FINAL_01
0.9398311141320486,0.9315347293680019,0.9481274988960953,0.13659542901121458,0.1377551020408163,0.4810704960835509,0.05005008138224615,ciciot2023,D_clean,Backdoor_Malware,Malware_C2,far,0,13,rf:maxprob,attacks_only,95844,1532,SAFE_FINAL_01
0.9373858321083927,0.9289392427357305,0.9458324214810548,0.11987151772142299,0.12786125544165144,0.5019582245430809,0.04981242602363232,ciciot2023,D_clean,Backdoor_Malware,Malware_C2,far,0,13,mlp:maxprob,with_normal,99694,1532,SAFE_FINAL_01
0.9391161250336845,0.93077531405909,0.947456936008279,0.12651371591498392,0.12105087433746504,0.5137075718015666,0.050321355536079464,ciciot2023,D_clean,Backdoor_Malware,Malware_C2,far,0,13,mlp:maxprob,attacks_only,95844,1532,SAFE_FINAL_01
0.9430729572963241,0.9349827659446259,0.9511631486480223,0.11811703155291699,0.11528276526170081,0.46736292428198434,0.05017353100487492,ciciot2023,D_clean,Backdoor_Malware,Malware_C2,far,0,13,mlp:entropy,with_normal,99694,1532,SAFE_FINAL_01
0.9446138023679252,0.9366238924320883,0.9526037123037622,0.12454139117596502,0.11017904094152998,0.48237597911227154,0.050509160719502524,ciciot2023,D_clean,Backdoor_Malware,Malware_C2,far,0,13,mlp:entropy,attacks_only,95844,1532,SAFE_FINAL_01
0.935251415676618,0.9266766345992099,0.943826196754026,0.104912556402723,0.13893514153309125,0.4216710182767624,0.047786225851104376,ciciot2023,D_clean,Backdoor_Malware,Malware_C2,far,0,13,mlp:energy,with_normal,99694,1532,SAFE_FINAL_01
0.9357984684206702,0.9272559385932627,0.9443409982480776,0.1087968243593026,0.13667000542548308,0.42689295039164493,0.04856850715746421,ciciot2023,D_clean,Backdoor_Malware,Malware_C2,far,0,13,mlp:energy,attacks_only,95844,1532,SAFE_FINAL_01
0.7040986934379516,0.6893441944672418,0.7188531924086614,0.02403596905038994,0.5089875017553714,0.07245430809399478,0.05051457459827071,ciciot2023,D_clean,Backdoor_Malware,Malware_C2,far,0,13,mlp:mahalanobis,with_normal,99694,1532,SAFE_FINAL_01
0.7115454312561655,0.6968549200486899,0.7262359424636412,0.02542036801438934,0.49057843996494305,0.07114882506527415,0.050843036601143525,ciciot2023,D_clean,Backdoor_Malware,Malware_C2,far,0,13,mlp:mahalanobis,attacks_only,95844,1532,SAFE_FINAL_01
0.9325080929105203,0.9237726824963992,0.9412435033246414,0.10328462999579444,0.13807250185567838,0.40339425587467365,0.04976227255401529,ciciot2023,D_clean,Backdoor_Malware,Malware_C2,far,0,13,edl:vacuity,with_normal,99694,1532,SAFE_FINAL_01
0.9354376435576394,0.9268736002258059,0.9440016868894728,0.11062090123592765,0.1286361170234965,0.42297650130548303,0.0503004882934769,ciciot2023,D_clean,Backdoor_Malware,Malware_C2,far,0,13,edl:vacuity,attacks_only,95844,1532,SAFE_FINAL_01
0.8546966805893397,0.8426917763497429,0.8667015848289364,0.060911247663074534,0.3319357233133388,0.24151436031331594,0.04962184283908761,ciciot2023,D_clean,Backdoor_Malware,Malware_C2,far,0,13,fusion_rank,with_normal,99694,1532,SAFE_FINAL_01
0.8608796020851115,0.8490676469903166,0.8726915571799064,0.064920899947631,0.315032761570886,0.24608355091383813,0.049528400317182086,ciciot2023,D_clean,Backdoor_Malware,Malware_C2,far,0,13,fusion_rank,attacks_only,95844,1532,SAFE_FINAL_01
0.8012986055868818,0.7879335593007034,0.8146636518730602,0.03596468566881372,0.3481653860814091,0.10117493472584857,0.0501434389231047,ciciot2023,D_clean,Backdoor_Malware,Malware_C2,far,0,13,fusion_z,with_normal,99694,1532,SAFE_FINAL_01
0.8103711326270726,0.7972002900339018,0.8235419752202434,0.03862436332067267,0.3249968699136096,0.10117493472584857,0.050279621050874336,ciciot2023,D_clean,Backdoor_Malware,Malware_C2,far,0,13,fusion_z,attacks_only,95844,1532,SAFE_FINAL_01
0.9385849960341429,0.9323755717857545,0.9447944202825314,0.19840185619583253,0.15116349228696124,0.4559139784946237,0.04912411254801794,ciciot2023,D_clean,BrowserHijacking,WebApplication,near,4,42,rf:maxprob,with_normal,99442,2790,SAFE_FINAL_01
0.9420434453206294,0.9359947260422886,0.9480921645989703,0.21180788985374385,0.1399803330822663,0.4559139784946237,0.04715875805506737,ciciot2023,D_clean,BrowserHijacking,WebApplication,near,4,42,rf:maxprob,attacks_only,95592,2790,SAFE_FINAL_01
0.8991314005267673,0.8914213805684313,0.9068414204851033,0.17536303020024108,0.3890006234790129,0.4376344086021505,0.04992860159691076,ciciot2023,D_clean,BrowserHijacking,WebApplication,near,4,42,mlp:maxprob,with_normal,99442,2790,SAFE_FINAL_01
0.9025551057646131,0.8949549284841769,0.9101552830450492,0.1860381444712057,0.3787555443970207,0.4444444444444444,0.049826345300861996,ciciot2023,D_clean,BrowserHijacking,WebApplication,near,4,42,mlp:maxprob,attacks_only,95592,2790,SAFE_FINAL_01
0.9197683143626021,0.9127759280971091,0.9267607006280951,0.18197295604192865,0.2400494760765069,0.4168458781362007,0.049626918203575954,ciciot2023,D_clean,BrowserHijacking,WebApplication,near,4,42,mlp:entropy,with_normal,99442,2790,SAFE_FINAL_01
0.9235946170267845,0.9167495514133746,0.9304396826401944,0.1935290981846599,0.22235124278182275,0.42329749103942654,0.05005649008285212,ciciot2023,D_clean,BrowserHijacking,WebApplication,near,4,42,mlp:entropy,attacks_only,95592,2790,SAFE_FINAL_01
0.9316756479651076,0.9251616477363732,0.938189648193842,0.20451168322095103,0.18707387220691457,0.45017921146953405,0.04780676173045594,ciciot2023,D_clean,BrowserHijacking,WebApplication,near,4,42,mlp:energy,with_normal,99442,2790,SAFE_FINAL_01
0.9345065411661448,0.9281142395684866,0.9408988427638031,0.21276277272268718,0.1693237927860072,0.45483870967741935,0.04778642564231316,ciciot2023,D_clean,BrowserHijacking,WebApplication,near,4,42,mlp:energy,attacks_only,95592,2790,SAFE_FINAL_01
0.7358198965280027,0.7250946347330667,0.7465451583229388,0.057979688754898936,0.5221335049576638,0.14731182795698924,0.04764586392067738,ciciot2023,D_clean,BrowserHijacking,WebApplication,near,4,42,mlp:mahalanobis,with_normal,99442,2790,SAFE_FINAL_01
0.7399133368788678,0.729223119893982,0.7506035538637537,0.060054893505664175,0.5063394426311826,0.14516129032258066,0.04753535860741485,ciciot2023,D_clean,BrowserHijacking,WebApplication,near,4,42,mlp:mahalanobis,attacks_only,95592,2790,SAFE_FINAL_01
0.8915161583715989,0.8835706069000714,0.8994617098431265,0.13353517472941986,0.38916152128879145,0.31827956989247314,0.04990848937068844,ciciot2023,D_clean,BrowserHijacking,WebApplication,near,4,42,edl:vacuity,with_normal,99442,2790,SAFE_FINAL_01
0.8960156156496651,0.8882066366349634,0.9038245946643669,0.14300469072443198,0.3778872709013307,0.33225806451612905,0.05018202360030128,ciciot2023,D_clean,BrowserHijacking,WebApplication,near,4,42,edl:vacuity,attacks_only,95592,2790,SAFE_FINAL_01
0.8790046884554884,0.8707010462141161,0.8873083306968607,0.16261557530192625,0.3220470223849078,0.35627240143369177,0.05100460569980491,ciciot2023,D_clean,BrowserHijacking,WebApplication,near,4,42,fusion_rank,with_normal,99442,2790,SAFE_FINAL_01
0.8828290770421843,0.8746302792110948,0.8910278748732737,0.16932807338115852,0.30887521968365556,0.35985663082437275,0.051165369486986356,ciciot2023,D_clean,BrowserHijacking,WebApplication,near,4,42,fusion_rank,attacks_only,95592,2790,SAFE_FINAL_01
0.8293122144865843,0.8198698263629602,0.8387546026102084,0.08905733650014414,0.3438185072705698,0.2039426523297491,0.04849057742201484,ciciot2023,D_clean,BrowserHijacking,WebApplication,near,4,42,fusion_z,with_normal,99442,2790,SAFE_FINAL_01
0.8353437293683339,0.8260173860542392,0.8446700726824286,0.0932089835231924,0.3227780567411499,0.2,0.048727927023181856,ciciot2023,D_clean,BrowserHijacking,WebApplication,near,4,42,fusion_z,attacks_only,95592,2790,SAFE_FINAL_01
0.938576884463334,0.9323670895028809,0.944786679423787,0.2014103920572078,0.15382836226141872,0.46164874551971324,0.047394461092898375,ciciot2023,D_clean,BrowserHijacking,WebApplication,near,4,7,rf:maxprob,with_normal,99442,2790,SAFE_FINAL_01
0.942624060335878,0.9366030031740396,0.9486451174977164,0.21725356738537613,0.14140304628002343,0.4978494623655914,0.048382709850196666,ciciot2023,D_clean,BrowserHijacking,WebApplication,near,4,7,rf:maxprob,attacks_only,95592,2790,SAFE_FINAL_01
0.8858514777692499,0.8777395696426809,0.8939633858958189,0.1609197023676414,0.4229400052291788,0.4118279569892473,0.049657086542909436,ciciot2023,D_clean,BrowserHijacking,WebApplication,near,4,7,mlp:maxprob,with_normal,99442,2790,SAFE_FINAL_01
0.8903953135953249,0.8824153258846403,0.8983753013060094,0.17158345980062606,0.40927065026362036,0.4236559139784946,0.049920495438948866,ciciot2023,D_clean,BrowserHijacking,WebApplication,near,4,7,mlp:maxprob,attacks_only,95592,2790,SAFE_FINAL_01
0.9100614042846539,0.9027157810831001,0.9174070274862076,0.17119166424031557,0.2675931698879749,0.4053763440860215,0.049998994388688885,ciciot2023,D_clean,BrowserHijacking,WebApplication,near,4,7,mlp:entropy,with_normal,99442,2790,SAFE_FINAL_01
0.9152732127521657,0.9081128461180921,0.9224335793862393,0.18312899333432292,0.2451669595782074,0.4103942652329749,0.04972173403632103,ciciot2023,D_clean,BrowserHijacking,WebApplication,near,4,7,mlp:entropy,attacks_only,95592,2790,SAFE_FINAL_01
0.9179657074288148,0.9109054151585764,0.9250259996990532,0.16155591194263402,0.20069990547253674,0.3863799283154122,0.05067275396713662,ciciot2023,D_clean,BrowserHijacking,WebApplication,near,4,7,mlp:energy,with_normal,99442,2790,SAFE_FINAL_01
0.9225350680205691,0.9156485147663971,0.929421621274741,0.17275207123113934,0.18135408820821827,0.3960573476702509,0.049868189806678384,ciciot2023,D_clean,BrowserHijacking,WebApplication,near,4,7,mlp:energy,attacks_only,95592,2790,SAFE_FINAL_01
0.7309161789451808,0.7201473881086866,0.741684969781675,0.0680895146278339,0.5332354538323847,0.16738351254480285,0.05135656965869552,ciciot2023,D_clean,BrowserHijacking,WebApplication,near,4,7,mlp:mahalanobis,with_normal,99442,2790,SAFE_FINAL_01
0.7353363503372007,0.724603749322885,0.7460689513515164,0.0703137881454708,0.5176374592016069,0.16559139784946236,0.051207213992802744,ciciot2023,D_clean,BrowserHijacking,WebApplication,near,4,7,mlp:mahalanobis,attacks_only,95592,2790,SAFE_FINAL_01
0.8868199553508578,0.8787359789173538,0.8949039317843618,0.13899139798662546,0.4394722551839263,0.37132616487455194,0.05165825305203033,ciciot2023,D_clean,BrowserHijacking,WebApplication,near,4,7,edl:vacuity,with_normal,99442,2790,SAFE_FINAL_01
0.8916033187342502,0.8836594570343422,0.8995471804341583,0.14932030131421734,0.4257364633023684,0.38853046594982077,0.051207213992802744,ciciot2023,D_clean,BrowserHijacking,WebApplication,near,4,7,edl:vacuity,attacks_only,95592,2790,SAFE_FINAL_01
0.8725967133162185,0.8641222898312629,0.881071136801174,0.16570018261197741,0.32672311498159734,0.35089605734767026,0.0522213953862553,ciciot2023,D_clean,BrowserHijacking,WebApplication,near,4,7,fusion_rank,with_normal,99442,2790,SAFE_FINAL_01
0.877024188599037,0.868665794483345,0.8853825827147289,0.17323636077035376,0.3133211984266466,0.3548387096774194,0.05199179847685999,ciciot2023,D_clean,BrowserHijacking,WebApplication,near,4,7,fusion_rank,attacks_only,95592,2790,SAFE_FINAL_01
0.8250885568713565,0.8155667224954837,0.8346103912472294,0.10150358533281001,0.3470062951268076,0.2082437275985663,0.051064942378471874,ciciot2023,D_clean,BrowserHijacking,WebApplication,near,4,7,fusion_z,with_normal,99442,2790,SAFE_FINAL_01
0.8316158150934783,0.8222161019069046,0.8410155282800519,0.10593776541491143,0.3264080676207214,0.2068100358422939,0.05109214160180768,ciciot2023,D_clean,BrowserHijacking,WebApplication,near,4,7,fusion_z,attacks_only,95592,2790,SAFE_FINAL_01
0.9399949550030389,0.9338504663209182,0.9461394436851596,0.2022195306138255,0.15260151646185716,0.45555555555555555,0.047032441020896605,ciciot2023,D_clean,BrowserHijacking,WebApplication,near,4,13,rf:maxprob,with_normal,99442,2790,SAFE_FINAL_01
0.9436096090583307,0.9376359251936337,0.9495832929230277,0.21666577118598115,0.14044062264624654,0.4885304659498208,0.048340865344380285,ciciot2023,D_clean,BrowserHijacking,WebApplication,near,4,13,rf:maxprob,attacks_only,95592,2790,SAFE_FINAL_01
0.8917440464746692,0.8838053408461886,0.8996827521031499,0.1643245689455264,0.40220429999396634,0.4075268817204301,0.05021017276402325,ciciot2023,D_clean,BrowserHijacking,WebApplication,near,4,13,mlp:maxprob,with_normal,99442,2790,SAFE_FINAL_01
0.8962196732319048,0.8884170461187106,0.9040223003450989,0.17558988797158676,0.3911519792451251,0.4218637992831541,0.05024479035902586,ciciot2023,D_clean,BrowserHijacking,WebApplication,near,4,13,mlp:maxprob,attacks_only,95592,2790,SAFE_FINAL_01
0.9148828113201413,0.9077088845443004,0.9220567380959821,0.1710558900592216,0.24011986886828504,0.3842293906810036,0.04994871382313308,ciciot2023,D_clean,BrowserHijacking,WebApplication,near,4,13,mlp:entropy,with_normal,99442,2790,SAFE_FINAL_01
0.9201008782546851,0.9131205337353259,0.9270812227740444,0.18354690883600056,0.2194221273746757,0.3956989247311828,0.05006695120930622,ciciot2023,D_clean,BrowserHijacking,WebApplication,near,4,13,mlp:entropy,attacks_only,95592,2790,SAFE_FINAL_01
0.9135550133184027,0.9063330857037327,0.9207769409330727,0.148047604295188,0.21202308883570323,0.36594982078853044,0.047615695581343896,ciciot2023,D_clean,BrowserHijacking,WebApplication,near,4,13,mlp:energy,with_normal,99442,2790,SAFE_FINAL_01
0.9184806559898686,0.9114390252566102,0.925522286723127,0.15806965935496528,0.19200351493848858,0.37455197132616486,0.047242447066700145,ciciot2023,D_clean,BrowserHijacking,WebApplication,near,4,13,mlp:energy,attacks_only,95592,2790,SAFE_FINAL_01
0.7356755895026866,0.7249490170154417,0.7464021619899316,0.05432510349563474,0.5264375213692404,0.13548387096774195,0.047957603427123345,ciciot2023,D_clean,BrowserHijacking,WebApplication,near,4,13,mlp:mahalanobis,with_normal,99442,2790,SAFE_FINAL_01
0.7408460681612505,0.7301647143581971,0.751527421964304,0.0566222468926284,0.5090279521298854,0.13261648745519714,0.04787011465394594,ciciot2023,D_clean,BrowserHijacking,WebApplication,near,4,13,mlp:mahalanobis,attacks_only,95592,2790,SAFE_FINAL_01
0.9008560347383562,0.893201366608908,0.9085107028678043,0.13911726995120582,0.36123569517909937,0.3247311827956989,0.051085054604694195,ciciot2023,D_clean,BrowserHijacking,WebApplication,near,4,13,edl:vacuity,with_normal,99442,2790,SAFE_FINAL_01
0.905665418005616,0.8981685041761547,0.9131623318350772,0.15003445486744682,0.3482299774039669,0.34014336917562726,0.050694618796552016,ciciot2023,D_clean,BrowserHijacking,WebApplication,near,4,13,edl:vacuity,attacks_only,95592,2790,SAFE_FINAL_01
0.87782432784976,0.8694886149705889,0.8861600407289312,0.15726382463806288,0.3210615233000141,0.3265232974910394,0.04949618873313087,ciciot2023,D_clean,BrowserHijacking,WebApplication,near,4,13,fusion_rank,with_normal,99442,2790,SAFE_FINAL_01
0.8826720701571883,0.8744688636880366,0.89087527662634,0.16510452275849258,0.3059461042765085,0.3279569892473118,0.049334672357519455,ciciot2023,D_clean,BrowserHijacking,WebApplication,near,4,13,fusion_rank,attacks_only,95592,2790,SAFE_FINAL_01
0.8284203670099225,0.8189610038711869,0.8378797301486581,0.0830516958896178,0.3436877778001247,0.1860215053763441,0.04906377586935098,ciciot2023,D_clean,BrowserHijacking,WebApplication,near,4,13,fusion_z,with_normal,99442,2790,SAFE_FINAL_01
0.8354902601288451,0.8261668405240904,0.8448136797335998,0.08765732504846367,0.32099966524395346,0.18387096774193548,0.048999916310988365,ciciot2023,D_clean,BrowserHijacking,WebApplication,near,4,13,fusion_z,attacks_only,95592,2790,SAFE_FINAL_01
0.905523182252679,0.8977169205587865,0.9133294439465716,0.14705364250521552,0.1923606573855355,0.32,0.0476855807408152,ciciot2023,D_clean,CommandInjection,WebApplication,near,4,42,rf:maxprob,with_normal,99485,2575,SAFE_FINAL_01
0.9121293510266837,0.904559679583716,0.9196990224696514,0.15908089628466712,0.17645213572436869,0.3363106796116505,0.04922883881424165,ciciot2023,D_clean,CommandInjection,WebApplication,near,4,42,rf:maxprob,attacks_only,95635,2575,SAFE_FINAL_01
0.8399219124120287,0.8303153751808179,0.8495284496432396,0.13525677472197953,0.5503744283057748,0.40621359223300973,0.04925365633010002,ciciot2023,D_clean,CommandInjection,WebApplication,near,4,42,mlp:maxprob,with_normal,99485,2575,SAFE_FINAL_01
0.8456917700338209,0.8362098636946785,0.8551736763729633,0.14528332533867078,0.5331730015161813,0.42330097087378643,0.04962618288283578,ciciot2023,D_clean,CommandInjection,WebApplication,near,4,42,mlp:maxprob,attacks_only,95635,2575,SAFE_FINAL_01
0.8510451856185569,0.8416863919606733,0.8604039792764405,0.14070830769046852,0.5544554455445545,0.4174757281553398,0.049494898728451524,ciciot2023,D_clean,CommandInjection,WebApplication,near,4,42,mlp:entropy,with_normal,99485,2575,SAFE_FINAL_01
0.8567937704084249,0.8475696205650154,0.8660179202518343,0.1501464503701384,0.536811836670675,0.43029126213592234,0.04968892141998223,ciciot2023,D_clean,CommandInjection,WebApplication,near,4,42,mlp:entropy,attacks_only,95635,2575,SAFE_FINAL_01
0.9180971478844203,0.910754386024232,0.9254399097446087,0.14110339013542317,0.2121224305171634,0.3654368932038835,0.049002362165150526,ciciot2023,D_clean,CommandInjection,WebApplication,near,4,42,mlp:energy,with_normal,99485,2575,SAFE_FINAL_01
0.9217774152433328,0.9145797324343914,0.9289750980522742,0.14864244183785824,0.19285826318816332,0.36854368932038833,0.04881058189993203,ciciot2023,D_clean,CommandInjection,WebApplication,near,4,42,mlp:energy,attacks_only,95635,2575,SAFE_FINAL_01
0.7015297832380449,0.6900994915634591,0.7129600749126308,0.06946294233183298,0.5723777453887521,0.229126213592233,0.0500477458913404,ciciot2023,D_clean,CommandInjection,WebApplication,near,4,42,mlp:mahalanobis,with_normal,99485,2575,SAFE_FINAL_01
0.7076160178185567,0.6962235570486497,0.7190084785884636,0.0714212663766624,0.5563548909917917,0.22679611650485437,0.04991896272285251,ciciot2023,D_clean,CommandInjection,WebApplication,near,4,42,mlp:mahalanobis,attacks_only,95635,2575,SAFE_FINAL_01
0.8453600645264862,0.8358722018793836,0.8548479271735887,0.10947410690901578,0.5501532894406191,0.31223300970873785,0.05075136955319898,ciciot2023,D_clean,CommandInjection,WebApplication,near,4,42,edl:vacuity,with_normal,99485,2575,SAFE_FINAL_01
0.8509084915797878,0.8415451646984256,0.86027181846115,0.11646512468226286,0.5320646206932609,0.32427184466019415,0.05078684582004496,ciciot2023,D_clean,CommandInjection,WebApplication,near,4,42,edl:vacuity,attacks_only,95635,2575,SAFE_FINAL_01
0.8269663973346227,0.817094943507064,0.8368378511621815,0.11154977730848142,0.40703623661858573,0.3168932038834951,0.049957279991958585,ciciot2023,D_clean,CommandInjection,WebApplication,near,4,42,fusion_rank,with_normal,99485,2575,SAFE_FINAL_01
0.8334740734010428,0.823731057318031,0.8432170894840547,0.11705520842922652,0.3883933706279082,0.31844660194174756,0.05000261410571444,ciciot2023,D_clean,CommandInjection,WebApplication,near,4,42,fusion_rank,attacks_only,95635,2575,SAFE_FINAL_01
0.8042386484570295,0.7939578868155188,0.8145194100985402,0.10126907517142016,0.3696034578077097,0.2594174757281553,0.04988691762577273,ciciot2023,D_clean,CommandInjection,WebApplication,near,4,42,fusion_z,with_normal,99485,2575,SAFE_FINAL_01
0.8130254583440985,0.8028931826219766,0.8231577340662203,0.10524596063105246,0.34638992000836516,0.25864077669902913,0.04992941914571025,ciciot2023,D_clean,CommandInjection,WebApplication,near,4,42,fusion_z,attacks_only,95635,2575,SAFE_FINAL_01
0.9035380910719331,0.8956630596988474,0.9114131224450187,0.14160202389078644,0.1977785595818465,0.3297087378640777,0.05037945418907373,ciciot2023,D_clean,CommandInjection,WebApplication,near,4,7,rf:maxprob,with_normal,99485,2575,SAFE_FINAL_01
0.9108662212365888,0.9032501383962843,0.9184823040768932,0.15389263647871645,0.1811679824332096,0.3297087378640777,0.04774402676844251,ciciot2023,D_clean,CommandInjection,WebApplication,near,4,7,rf:maxprob,attacks_only,95635,2575,SAFE_FINAL_01
0.8374002813518748,0.8277402518599852,0.8470603108437644,0.14234245566377074,0.5669095843594512,0.41902912621359223,0.04868070563401518,ciciot2023,D_clean,CommandInjection,WebApplication,near,4,7,mlp:maxprob,with_normal,99485,2575,SAFE_FINAL_01
0.842808518025401,0.8332629357303265,0.8523541003204755,0.1518551716589112,0.5495582161342605,0.42640776699029126,0.047984524494170545,ciciot2023,D_clean,CommandInjection,WebApplication,near,4,7,mlp:maxprob,attacks_only,95635,2575,SAFE_FINAL_01
0.8503547092770486,0.8409799595961136,0.8597294589579836,0.15106357037992513,0.5706387897673016,0.4438834951456311,0.0486203950344273,ciciot2023,D_clean,CommandInjection,WebApplication,near,4,7,mlp:entropy,with_normal,99485,2575,SAFE_FINAL_01
0.8557407862925434,0.8464913032697344,0.8649902693153523,0.16064403105973663,0.5533748104773357,0.45436893203883494,0.048266847911329534,ciciot2023,D_clean,CommandInjection,WebApplication,near,4,7,mlp:entropy,attacks_only,95635,2575,SAFE_FINAL_01
0.866394775813888,0.857411855936197,0.8753776956915791,0.11787216071124591,0.5530984570538272,0.32815533980582523,0.05115344021711816,ciciot2023,D_clean,CommandInjection,WebApplication,near,4,7,mlp:energy,with_normal,99485,2575,SAFE_FINAL_01
0.8727159380756425,0.863899249873919,0.8815326262773661,0.12624368776137626,0.5352433732420139,0.3366990291262136,0.05047315313431275,ciciot2023,D_clean,CommandInjection,WebApplication,near,4,7,mlp:energy,attacks_only,95635,2575,SAFE_FINAL_01
0.6980187928999396,0.6865662105355628,0.7094713752643165,0.07008344959483695,0.5778660099512489,0.23262135922330096,0.052088254510730264,ciciot2023,D_clean,CommandInjection,WebApplication,near,4,7,mlp:mahalanobis,with_normal,99485,2575,SAFE_FINAL_01
0.7046058877782182,0.6931927165438752,0.7160190590125612,0.07215477533991073,0.5619595336435406,0.23223300970873786,0.05163381607152193,ciciot2023,D_clean,CommandInjection,WebApplication,near,4,7,mlp:mahalanobis,attacks_only,95635,2575,SAFE_FINAL_01
0.8246533980094575,0.81473716497987,0.8345696310390449,0.08626788260042871,0.5552294315725989,0.16932038834951457,0.04990702115896869,ciciot2023,D_clean,CommandInjection,WebApplication,near,4,7,edl:vacuity,with_normal,99485,2575,SAFE_FINAL_01
0.8320480670591716,0.8222760249398957,0.8418201091784474,0.09392571432354366,0.5373242013907042,0.1871844660194175,0.049469336539969676,ciciot2023,D_clean,CommandInjection,WebApplication,near,4,7,edl:vacuity,attacks_only,95635,2575,SAFE_FINAL_01
0.8221714470298738,0.812207980026312,0.8321349140334355,0.10980024241651226,0.40298537467959994,0.30330097087378644,0.053756847765994875,ciciot2023,D_clean,CommandInjection,WebApplication,near,4,7,fusion_rank,with_normal,99485,2575,SAFE_FINAL_01
0.8293558082129617,0.8195297614892841,0.8391818549366393,0.1157226290755848,0.38429445286767394,0.30407766990291263,0.052836304700162075,ciciot2023,D_clean,CommandInjection,WebApplication,near,4,7,fusion_rank,attacks_only,95635,2575,SAFE_FINAL_01
0.8011208637102437,0.7907890463680642,0.8114526810524232,0.09935954351401377,0.36928180127657434,0.25786407766990294,0.05232949690908177,ciciot2023,D_clean,CommandInjection,WebApplication,near,4,7,fusion_z,with_normal,99485,2575,SAFE_FINAL_01
0.8104713420412664,0.8002943418200953,0.8206483422624374,0.10354923386933826,0.34592983740262456,0.25786407766990294,0.05168609818581064,ciciot2023,D_clean,CommandInjection,WebApplication,near,4,7,fusion_z,attacks_only,95635,2575,SAFE_FINAL_01
0.907737063351991,0.9000088447463659,0.9154652819576161,0.14964895187650615,0.1996079811026788,0.34058252427184466,0.04695180177916269,ciciot2023,D_clean,CommandInjection,WebApplication,near,4,13,rf:maxprob,with_normal,99485,2575,SAFE_FINAL_01
0.914492595989708,0.90701112819852,0.921974063780896,0.1622137597013629,0.182360014638992,0.36271844660194175,0.048360955717049195,ciciot2023,D_clean,CommandInjection,WebApplication,near,4,13,rf:maxprob,attacks_only,95635,2575,SAFE_FINAL_01
0.8437036914868856,0.8341791957163298,0.8532281872574414,0.1434921816747601,0.5455294768055485,0.4392233009708738,0.050188470623712116,ciciot2023,D_clean,CommandInjection,WebApplication,near,4,13,mlp:maxprob,with_normal,99485,2575,SAFE_FINAL_01
0.8491376811410293,0.83973360820889,0.8585417540731686,0.15240197895074342,0.5279447900873111,0.4462135922330097,0.05002352695142991,ciciot2023,D_clean,CommandInjection,WebApplication,near,4,13,mlp:maxprob,attacks_only,95635,2575,SAFE_FINAL_01
0.8557515944980728,0.8465036800045651,0.8649995089915805,0.14937354822455667,0.5488264562496858,0.4590291262135922,0.04880132683319093,ciciot2023,D_clean,CommandInjection,WebApplication,near,4,13,mlp:entropy,with_normal,99485,2575,SAFE_FINAL_01
0.8611413723598167,0.8520238683668188,0.8702588763528146,0.15852089694076227,0.5308935013331939,0.47184466019417476,0.04904062320280232,ciciot2023,D_clean,CommandInjection,WebApplication,near,4,13,mlp:entropy,attacks_only,95635,2575,SAFE_FINAL_01
0.912743637500116,0.9051973794352504,0.9202898955649816,0.1269223050837488,0.1909835653616123,0.28310679611650486,0.048308790269889934,ciciot2023,D_clean,CommandInjection,WebApplication,near,4,13,mlp:energy,with_normal,99485,2575,SAFE_FINAL_01
0.9185733886068643,0.9112486025409252,0.9258981746728034,0.13785783627131382,0.17202906885554453,0.30718446601941746,0.048486432791342085,ciciot2023,D_clean,CommandInjection,WebApplication,near,4,13,mlp:energy,attacks_only,95635,2575,SAFE_FINAL_01
0.7065229465729088,0.6951260886501024,0.7179198044957152,0.06499506822716145,0.5520229180278434,0.2283495145631068,0.04913303513092426,ciciot2023,D_clean,CommandInjection,WebApplication,near,4,13,mlp:mahalanobis,with_normal,99485,2575,SAFE_FINAL_01
0.7133009617371061,0.701949669619953,0.7246522538542592,0.06700893706961189,0.5351074397448633,0.22640776699029128,0.048862864014220735,ciciot2023,D_clean,CommandInjection,WebApplication,near,4,13,mlp:mahalanobis,attacks_only,95635,2575,SAFE_FINAL_01
0.8268993627863106,0.8170266007554069,0.8367721248172143,0.098249690401508,0.5706991003668895,0.23766990291262136,0.05044981655525959,ciciot2023,D_clean,CommandInjection,WebApplication,near,4,13,edl:vacuity,with_normal,99485,2575,SAFE_FINAL_01
0.8344729785222028,0.8247504707635053,0.8441954862809004,0.10742788419163059,0.5534166361687667,0.2566990291262136,0.05044178386573953,ciciot2023,D_clean,CommandInjection,WebApplication,near,4,13,edl:vacuity,attacks_only,95635,2575,SAFE_FINAL_01
0.8301019317446011,0.8202923727009481,0.8399114907882541,0.1307836062856649,0.38959642157109114,0.3087378640776699,0.04935417399607981,ciciot2023,D_clean,CommandInjection,WebApplication,near,4,13,fusion_rank,with_normal,99485,2575,SAFE_FINAL_01
0.8372498470875056,0.8275851208376169,0.8469145733373943,0.13676054025582712,0.37068019030689603,0.3099029126213592,0.048956971819940395,ciciot2023,D_clean,CommandInjection,WebApplication,near,4,13,fusion_rank,attacks_only,95635,2575,SAFE_FINAL_01
0.8044102779801414,0.7941323610676237,0.8146881948926591,0.09625407017315138,0.361582148062522,0.26019417475728157,0.05011810825752626,ciciot2023,D_clean,CommandInjection,WebApplication,near,4,13,fusion_z,with_normal,99485,2575,SAFE_FINAL_01
0.8137419405598044,0.8036223602849358,0.823861520834673,0.10032409129149375,0.3381293459507502,0.25980582524271845,0.05032676321430438,ciciot2023,D_clean,CommandInjection,WebApplication,near,4,13,fusion_z,attacks_only,95635,2575,SAFE_FINAL_01
0.910198576759015,0.9073499104739525,0.9130472430440776,0.48676109810705825,0.12746137691555945,0.11898269533298374,0.04552637597987233,ciciot2023,D_clean,DDoS-ACK_Fragmentation,DDoS,near,11,42,rf:maxprob,with_normal,96186,19070,SAFE_FINAL_01
0.9155643985005584,0.9127906206225243,0.9183381763785925,0.510485584299387,0.11883772309824987,0.11898269533298374,0.04386154912493502,ciciot2023,D_clean,DDoS-ACK_Fragmentation,DDoS,near,11,42,rf:maxprob,attacks_only,92336,19070,SAFE_FINAL_01
0.506793169350011,0.5022950507707145,0.5112912879293074,0.1506577559243613,0.6079574990123303,0.0017829050865233351,0.04797995550287984,ciciot2023,D_clean,DDoS-ACK_Fragmentation,DDoS,near,11,42,mlp:maxprob,with_normal,96186,19070,SAFE_FINAL_01
0.5201628588487889,0.5156272398523831,0.5246984778451946,0.15937320184016698,0.5916219026165309,0.0018877818563188254,0.04810691387974354,ciciot2023,D_clean,DDoS-ACK_Fragmentation,DDoS,near,11,42,mlp:maxprob,attacks_only,92336,19070,SAFE_FINAL_01
0.5948778158264002,0.5903079655534149,0.5994476660993855,0.17815111975480238,0.597831285218223,0.002097535395909806,0.04806312769010043,ciciot2023,D_clean,DDoS-ACK_Fragmentation,DDoS,near,11,42,mlp:entropy,with_normal,96186,19070,SAFE_FINAL_01
0.610428283137202,0.6058530992346323,0.6150034670397717,0.19082648234358335,0.5810734708022873,0.0022024121657052962,0.04799861375844741,ciciot2023,D_clean,DDoS-ACK_Fragmentation,DDoS,near,11,42,mlp:entropy,attacks_only,92336,19070,SAFE_FINAL_01
0.925774511281351,0.9231583573380593,0.9283906652246428,0.6614247523795088,0.22216330858960764,0.4957000524383849,0.04915476264737072,ciciot2023,D_clean,DDoS-ACK_Fragmentation,DDoS,near,11,42,mlp:energy,with_normal,96186,19070,SAFE_FINAL_01
0.9292786705915341,0.9267178990327435,0.9318394421503248,0.6740617315867805,0.1990772829665569,0.49832197168327214,0.04909244498353838,ciciot2023,D_clean,DDoS-ACK_Fragmentation,DDoS,near,11,42,mlp:energy,attacks_only,92336,19070,SAFE_FINAL_01
0.9815850982263206,0.980237206235531,0.9829329902171101,0.8054232761723237,0.036980433742956356,0.9743051914001049,0.050412741979082194,ciciot2023,D_clean,DDoS-ACK_Fragmentation,DDoS,near,11,42,mlp:mahalanobis,with_normal,96186,19070,SAFE_FINAL_01
0.9810095180757049,0.9796409632731556,0.9823780728782542,0.8063348303491066,0.03819745278114711,0.9728893550078658,0.05032706636631433,ciciot2023,D_clean,DDoS-ACK_Fragmentation,DDoS,near,11,42,mlp:mahalanobis,attacks_only,92336,19070,SAFE_FINAL_01
0.36766774964966664,0.36364438283968925,0.37169111645964403,0.1299207574780849,0.710654357182958,0.0124278972207656,0.048042334643295284,ciciot2023,D_clean,DDoS-ACK_Fragmentation,DDoS,near,11,42,edl:vacuity,with_normal,96186,19070,SAFE_FINAL_01
0.3821962588220018,0.378084767170231,0.38630775047377264,0.13678814833141997,0.6985899324207243,0.012585212375458836,0.04854011436492809,ciciot2023,D_clean,DDoS-ACK_Fragmentation,DDoS,near,11,42,edl:vacuity,attacks_only,92336,19070,SAFE_FINAL_01
0.9928025026585279,0.9919544533424769,0.9936505519745789,0.9305329839871419,0.012746137691555944,0.9970110120608285,0.05017362194082299,ciciot2023,D_clean,DDoS-ACK_Fragmentation,DDoS,near,11,42,fusion_rank,with_normal,96186,19070,SAFE_FINAL_01
0.9927543942021737,0.9919034875118422,0.9936053008925052,0.9322921422477977,0.012757754288684803,0.9970634504457263,0.05026208629353665,ciciot2023,D_clean,DDoS-ACK_Fragmentation,DDoS,near,11,42,fusion_rank,attacks_only,92336,19070,SAFE_FINAL_01
0.9891142201313744,0.9880734384753729,0.9901550017873759,0.8691700389108099,0.021136132077433305,0.9874147876245412,0.049612209677083983,ciciot2023,D_clean,DDoS-ACK_Fragmentation,DDoS,near,11,42,fusion_z,with_normal,96186,19070,SAFE_FINAL_01
0.9888179017340467,0.9877631294632843,0.9898726740048092,0.8700524441243287,0.021714174319875237,0.9869952805453592,0.04941734534742679,ciciot2023,D_clean,DDoS-ACK_Fragmentation,DDoS,near,11,42,fusion_z,attacks_only,92336,19070,SAFE_FINAL_01
0.9298085313663874,0.9272579204860011,0.9323591422467737,0.5489391225883153,0.09846547314578005,0.22270582066072364,0.04914436612396814,ciciot2023,D_clean,DDoS-ACK_Fragmentation,DDoS,near,11,7,rf:maxprob,with_normal,96186,19070,SAFE_FINAL_01
0.9339105608644638,0.931427895917576,0.9363932258113515,0.5720209814504976,0.09193597296828973,0.23418982695332985,0.050565326633165826,ciciot2023,D_clean,DDoS-ACK_Fragmentation,DDoS,near,11,7,rf:maxprob,attacks_only,92336,19070,SAFE_FINAL_01
0.647929704912865,0.6434085905835132,0.6524508192422167,0.19941539196497401,0.6220343916994158,0.004562139486103828,0.049747364481317446,ciciot2023,D_clean,DDoS-ACK_Fragmentation,DDoS,near,11,7,mlp:maxprob,with_normal,96186,19070,SAFE_FINAL_01
0.6609702752683548,0.6564619919119372,0.6654785586247725,0.21258267602201428,0.6062965690521573,0.005138961719979024,0.04992635591751863,ciciot2023,D_clean,DDoS-ACK_Fragmentation,DDoS,near,11,7,mlp:maxprob,attacks_only,92336,19070,SAFE_FINAL_01
0.725379030693143,0.7210679629530065,0.7296900984332796,0.2562390126250277,0.6147672218410164,0.013162034609334032,0.04970577838770715,ciciot2023,D_clean,DDoS-ACK_Fragmentation,DDoS,near,11,7,mlp:entropy,with_normal,96186,19070,SAFE_FINAL_01
0.7454553907086742,0.7412213392267702,0.7496894421905781,0.2820408293818122,0.5987263905735575,0.013162034609334032,0.04909244498353838,ciciot2023,D_clean,DDoS-ACK_Fragmentation,DDoS,near,11,7,mlp:entropy,attacks_only,92336,19070,SAFE_FINAL_01
0.9420799431916951,0.9397451040354484,0.9444147823479417,0.7245382751430676,0.1907762044372362,0.5699003670686943,0.04990331233235606,ciciot2023,D_clean,DDoS-ACK_Fragmentation,DDoS,near,11,7,mlp:energy,with_normal,96186,19070,SAFE_FINAL_01
0.945854736189764,0.9435910285161294,0.9481184438633986,0.7395807181336267,0.17247877317622595,0.5893550078657578,0.04944983538381563,ciciot2023,D_clean,DDoS-ACK_Fragmentation,DDoS,near,11,7,mlp:energy,attacks_only,92336,19070,SAFE_FINAL_01
0.9844308600173163,0.9831894682178038,0.9856722518168287,0.8318343101515724,0.0331753061776142,0.9760880964866282,0.04840621296238538,ciciot2023,D_clean,DDoS-ACK_Fragmentation,DDoS,near,11,7,mlp:mahalanobis,with_normal,96186,19070,SAFE_FINAL_01
0.9840793250513821,0.9828240851550899,0.9853345649476742,0.8335620596606488,0.03384378790504245,0.9757734661772417,0.04871339455900191,ciciot2023,D_clean,DDoS-ACK_Fragmentation,DDoS,near,11,7,mlp:mahalanobis,attacks_only,92336,19070,SAFE_FINAL_01
0.42483268711880345,0.4205618123439028,0.42910356189370413,0.1708506331179246,0.6831763458299545,0.05752490823282643,0.05010084627700497,ciciot2023,D_clean,DDoS-ACK_Fragmentation,DDoS,near,11,7,edl:vacuity,with_normal,96186,19070,SAFE_FINAL_01
0.4394365526891278,0.4350971300758416,0.44377597530241397,0.17863449924447694,0.6699662103621556,0.05757734661772417,0.04946066539594524,ciciot2023,D_clean,DDoS-ACK_Fragmentation,DDoS,near,11,7,edl:vacuity,attacks_only,92336,19070,SAFE_FINAL_01
0.9958917630760215,0.9952499521797716,0.9965335739722713,0.957840022513978,0.006310689705362527,0.9961719979024646,0.04845819557939825,ciciot2023,D_clean,DDoS-ACK_Fragmentation,DDoS,near,11,7,fusion_rank,with_normal,96186,19070,SAFE_FINAL_01
0.9959269829337637,0.9952878949760023,0.996566070891525,0.9594818806687996,0.006227256974527811,0.9963293130571579,0.047597903309651704,ciciot2023,D_clean,DDoS-ACK_Fragmentation,DDoS,near,11,7,fusion_rank,attacks_only,92336,19070,SAFE_FINAL_01
0.9905194740948894,0.9895474210417541,0.9914915271480247,0.8849170216473363,0.019659825754267772,0.9875196643943367,0.04947705487285052,ciciot2023,D_clean,DDoS-ACK_Fragmentation,DDoS,near,11,7,fusion_z,with_normal,96186,19070,SAFE_FINAL_01
0.9903731505383272,0.9893936279847491,0.9913526730919053,0.8867172911148755,0.019948882342748223,0.9874147876245412,0.049503985444463695,ciciot2023,D_clean,DDoS-ACK_Fragmentation,DDoS,near,11,7,fusion_z,attacks_only,92336,19070,SAFE_FINAL_01
0.9338326474953467,0.9313499261419134,0.93631536884878,0.5650584781158615,0.10427712972781902,0.2188253801782905,0.04803193811989271,ciciot2023,D_clean,DDoS-ACK_Fragmentation,DDoS,near,11,13,rf:maxprob,with_normal,96186,19070,SAFE_FINAL_01
0.9373985102355711,0.9349770178525961,0.939820002618546,0.5867543333730932,0.09740512909374459,0.23633980073413738,0.049688095650667126,ciciot2023,D_clean,DDoS-ACK_Fragmentation,DDoS,near,11,13,rf:maxprob,attacks_only,92336,19070,SAFE_FINAL_01
0.4559766475548364,0.4516016272582232,0.4603516678514496,0.14052025031767712,0.6202253966273678,0.0054011536444677506,0.0499656914727715,ciciot2023,D_clean,DDoS-ACK_Fragmentation,DDoS,near,11,13,mlp:maxprob,with_normal,96186,19070,SAFE_FINAL_01
0.4713428289918028,0.4669082202523248,0.4757774377312808,0.14882215967593462,0.6043904869173453,0.00550603041426324,0.05003465603881476,ciciot2023,D_clean,DDoS-ACK_Fragmentation,DDoS,near,11,13,mlp:maxprob,attacks_only,92336,19070,SAFE_FINAL_01
0.4850055541531789,0.48055305481549637,0.48945805349086147,0.14882535762086946,0.6119393674755161,0.006921866806502359,0.05006965670679725,ciciot2023,D_clean,DDoS-ACK_Fragmentation,DDoS,near,11,13,mlp:entropy,with_normal,96186,19070,SAFE_FINAL_01
0.50148288223162,0.496979480946945,0.5059862835162949,0.1580826977071926,0.5957589672500433,0.0071840587309910855,0.050565326633165826,ciciot2023,D_clean,DDoS-ACK_Fragmentation,DDoS,near,11,13,mlp:entropy,attacks_only,92336,19070,SAFE_FINAL_01
0.9005366519646634,0.8975578243263621,0.9035154796029646,0.5857532339838039,0.2015262096354979,0.3566334556895648,0.04998648451957665,ciciot2023,D_clean,DDoS-ACK_Fragmentation,DDoS,near,11,13,mlp:energy,with_normal,96186,19070,SAFE_FINAL_01
0.9073467187550686,0.9044565571720067,0.9102368803381304,0.6046437636216144,0.18237740426269278,0.35878342947037234,0.049763905735574425,ciciot2023,D_clean,DDoS-ACK_Fragmentation,DDoS,near,11,13,mlp:energy,attacks_only,92336,19070,SAFE_FINAL_01
0.9844199335819711,0.9831781139845798,0.9856617531793624,0.8410175588953402,0.03686607198552804,0.9704247509176718,0.04738735366893311,ciciot2023,D_clean,DDoS-ACK_Fragmentation,DDoS,near,11,13,mlp:mahalanobis,with_normal,96186,19070,SAFE_FINAL_01
0.9839929530070838,0.9827343738951382,0.9852515321190294,0.8421443424131166,0.03791587246577716,0.9690089145254326,0.04765205337029978,ciciot2023,D_clean,DDoS-ACK_Fragmentation,DDoS,near,11,13,mlp:mahalanobis,attacks_only,92336,19070,SAFE_FINAL_01
0.4309818188302813,0.42668866403674527,0.43527497362381734,0.15032520837574903,0.7013390722142515,0.03329837441006817,0.049071590460150125,ciciot2023,D_clean,DDoS-ACK_Fragmentation,DDoS,near,11,13,edl:vacuity,with_normal,96186,19070,SAFE_FINAL_01
0.445828376723954,0.44146805348081203,0.45018869996709593,0.15811568492091949,0.6888862415525905,0.03345568956476141,0.049254895165482586,ciciot2023,D_clean,DDoS-ACK_Fragmentation,DDoS,near,11,13,edl:vacuity,attacks_only,92336,19070,SAFE_FINAL_01
0.9963255093579559,0.9957183779542111,0.9969326407617007,0.9664859254050105,0.006976067203127274,0.9966439433665443,0.04965379577069428,ciciot2023,D_clean,DDoS-ACK_Fragmentation,DDoS,near,11,13,fusion_rank,with_normal,96186,19070,SAFE_FINAL_01
0.9963228556553266,0.9957154874213043,0.9969302238893489,0.9674805681522549,0.006952867787211921,0.9968012585212376,0.04955813550511177,ciciot2023,D_clean,DDoS-ACK_Fragmentation,DDoS,near,11,13,fusion_rank,attacks_only,92336,19070,SAFE_FINAL_01
0.9907817696029882,0.9898231162106572,0.9917404229953193,0.8963806507655875,0.02062670243070717,0.9897745149449397,0.04726259538810222,ciciot2023,D_clean,DDoS-ACK_Fragmentation,DDoS,near,11,13,fusion_z,with_normal,96186,19070,SAFE_FINAL_01
0.990587181563569,0.9896184939593771,0.9915558691677608,0.897550367889439,0.02105354357996881,0.989722076560042,0.04763039334604055,ciciot2023,D_clean,DDoS-ACK_Fragmentation,DDoS,near,11,13,fusion_z,attacks_only,92336,19070,SAFE_FINAL_01
0.8603259131585704,0.8563063805495198,0.8643454457676211,0.30440915965390475,0.20218180322643664,0.010505581089954037,0.05083334190152068,ciciot2023,D_clean,DDoS-HTTP_Flood,DDoS,near,11,42,rf:maxprob,with_normal,97259,13707,SAFE_FINAL_01
0.870294965108888,0.8663892557176197,0.8742006745001564,0.32790558291238747,0.18526052093481357,0.012840154665499379,0.05268228971512381,ciciot2023,D_clean,DDoS-HTTP_Flood,DDoS,near,11,42,rf:maxprob,attacks_only,93409,13707,SAFE_FINAL_01
0.4988543086448972,0.4936951965233972,0.5040134207663972,0.11011336718407257,0.7713939069906127,0.00036477712117895966,0.0500724868649688,ciciot2023,D_clean,DDoS-HTTP_Flood,DDoS,near,11,42,mlp:maxprob,with_normal,97259,13707,SAFE_FINAL_01
0.5115542412129264,0.5063511346633555,0.5167573477624973,0.11678769246251963,0.7619715444978535,0.00036477712117895966,0.04974895352696207,ciciot2023,D_clean,DDoS-HTTP_Flood,DDoS,near,11,42,mlp:maxprob,attacks_only,93409,13707,SAFE_FINAL_01
0.533172683777404,0.5279393330432959,0.5384060345115121,0.11993556394236235,0.77129108874243,0.0006565988181221273,0.04863303139041117,ciciot2023,D_clean,DDoS-HTTP_Flood,DDoS,near,11,42,mlp:entropy,with_normal,97259,13707,SAFE_FINAL_01
0.5490642645000768,0.5437954189381122,0.5543331100620414,0.12902991787931137,0.7618644884325921,0.0006565988181221273,0.04861415923519147,ciciot2023,D_clean,DDoS-HTTP_Flood,DDoS,near,11,42,mlp:entropy,attacks_only,93409,13707,SAFE_FINAL_01
0.6685093148963435,0.6633070250174677,0.6737116047752192,0.17741171054663238,0.7278606607100628,0.02050047421025753,0.04938360460214479,ciciot2023,D_clean,DDoS-HTTP_Flood,DDoS,near,11,42,mlp:energy,with_normal,97259,13707,SAFE_FINAL_01
0.6821947178031291,0.6770185915468658,0.6873708440593924,0.19165182932408856,0.7166440064661863,0.021230028452615454,0.04955625260949159,ciciot2023,D_clean,DDoS-HTTP_Flood,DDoS,near,11,42,mlp:energy,attacks_only,93409,13707,SAFE_FINAL_01
0.8883793193405417,0.8847094662932847,0.8920491723877987,0.37772611621003493,0.2748023319178688,0.17326913256000584,0.04877697693786693,ciciot2023,D_clean,DDoS-HTTP_Flood,DDoS,near,11,42,mlp:mahalanobis,with_normal,97259,13707,SAFE_FINAL_01
0.8870715795729883,0.8833815952579259,0.8907615638880507,0.3827370101597143,0.27369953644723743,0.16145035383380754,0.04858204241561306,ciciot2023,D_clean,DDoS-HTTP_Flood,DDoS,near,11,42,mlp:mahalanobis,attacks_only,93409,13707,SAFE_FINAL_01
0.4163327010772436,0.41147913829530297,0.4211862638591843,0.10800332701105753,0.7319322633380972,0.02298095863427446,0.05156335146361776,ciciot2023,D_clean,DDoS-HTTP_Flood,DDoS,near,11,42,edl:vacuity,with_normal,97259,13707,SAFE_FINAL_01
0.43164465546868663,0.42670634078618336,0.4365829701511899,0.1138865628816845,0.7208834266505368,0.02298095863427446,0.05166525709514073,ciciot2023,D_clean,DDoS-HTTP_Flood,DDoS,near,11,42,edl:vacuity,attacks_only,93409,13707,SAFE_FINAL_01
0.9438539532517133,0.9411478489672125,0.9465600575362141,0.5479465537458152,0.13935985358681457,0.5605165244035895,0.05091559650006683,ciciot2023,D_clean,DDoS-HTTP_Flood,DDoS,near,11,42,fusion_rank,with_normal,97259,13707,SAFE_FINAL_01
0.9447864665869019,0.9421004251592773,0.9474725080145265,0.5603270709821058,0.13555438983395604,0.5631429196760779,0.05057328522947468,ciciot2023,D_clean,DDoS-HTTP_Flood,DDoS,near,11,42,fusion_rank,attacks_only,93409,13707,SAFE_FINAL_01
0.929826703139443,0.9268300177526803,0.9328233885262058,0.48880045930763794,0.17461623088865813,0.41154154811410226,0.04935275912768998,ciciot2023,D_clean,DDoS-HTTP_Flood,DDoS,near,11,42,fusion_z,with_normal,97259,13707,SAFE_FINAL_01
0.9298762684393246,0.9268793783396195,0.9328731585390296,0.4964968208798262,0.1710648866811549,0.39826366090318815,0.04926720123328587,ciciot2023,D_clean,DDoS-HTTP_Flood,DDoS,near,11,42,fusion_z,attacks_only,93409,13707,SAFE_FINAL_01
0.8540895764685023,0.8500010519013032,0.8581781010357014,0.2959612589726812,0.20387830432145096,0.012183555847377252,0.0496098047481467,ciciot2023,D_clean,DDoS-HTTP_Flood,DDoS,near,11,7,rf:maxprob,with_normal,97259,13707,SAFE_FINAL_01
0.8653987981008389,0.8614347312518825,0.8693628649497952,0.32047538479848675,0.18637390401353188,0.012183555847377252,0.04728666402595039,ciciot2023,D_clean,DDoS-HTTP_Flood,DDoS,near,11,7,rf:maxprob,attacks_only,93409,13707,SAFE_FINAL_01
0.4815218677922609,0.47641216504091416,0.48663157054360767,0.10677138139514562,0.7797735942175017,0.001094331363536879,0.051481096865071616,ciciot2023,D_clean,DDoS-HTTP_Flood,DDoS,near,11,7,mlp:maxprob,with_normal,97259,13707,SAFE_FINAL_01
0.49401301549167803,0.4888536374649437,0.49917239351841236,0.11311587702799618,0.7706966138166558,0.001167286787772671,0.05124773844062135,ciciot2023,D_clean,DDoS-HTTP_Flood,DDoS,near,11,7,mlp:maxprob,attacks_only,93409,13707,SAFE_FINAL_01
0.507134549390041,0.5019546405898995,0.5123144581901825,0.11306244708935127,0.778293011443671,0.0008025096665937112,0.051172642120523554,ciciot2023,D_clean,DDoS-HTTP_Flood,DDoS,near,11,7,mlp:entropy,with_normal,97259,13707,SAFE_FINAL_01
0.5226664518609797,0.5174398989999097,0.5278930047220497,0.12110221547461127,0.769155006476892,0.0008025096665937112,0.05110856555578156,ciciot2023,D_clean,DDoS-HTTP_Flood,DDoS,near,11,7,mlp:entropy,attacks_only,93409,13707,SAFE_FINAL_01
0.5972718727957147,0.591986375196831,0.6025573703945984,0.14231038637708168,0.7562384972084846,0.021375939301087037,0.050884751025612025,ciciot2023,D_clean,DDoS-HTTP_Flood,DDoS,near,11,7,mlp:energy,with_normal,97259,13707,SAFE_FINAL_01
0.614111685959303,0.6088217685838953,0.6194016033347107,0.15481385926155927,0.7461914804783265,0.02181367184650179,0.05064822447515764,ciciot2023,D_clean,DDoS-HTTP_Flood,DDoS,near,11,7,mlp:energy,attacks_only,93409,13707,SAFE_FINAL_01
0.8899210747338919,0.8862725305914435,0.8935696188763403,0.4082761701248745,0.3254403191478424,0.32859123075800684,0.04936304095250825,ciciot2023,D_clean,DDoS-HTTP_Flood,DDoS,near,11,7,mlp:mahalanobis,with_normal,97259,13707,SAFE_FINAL_01
0.8895988657814851,0.8859436725108736,0.8932540590520965,0.41442523160056494,0.3211253733580276,0.31400014591084846,0.048838976972240364,ciciot2023,D_clean,DDoS-HTTP_Flood,DDoS,near,11,7,mlp:mahalanobis,attacks_only,93409,13707,SAFE_FINAL_01
0.4387110556635185,0.433757124602017,0.44366498672501997,0.11929600377600891,0.7342148284477529,0.04078208214780769,0.05166616971180045,ciciot2023,D_clean,DDoS-HTTP_Flood,DDoS,near,11,7,edl:vacuity,with_normal,97259,13707,SAFE_FINAL_01
0.4537644278403588,0.44873608481833693,0.4587927708623807,0.12556213907052705,0.7232600712993394,0.041073903844750854,0.0506375188686315,ciciot2023,D_clean,DDoS-HTTP_Flood,DDoS,near,11,7,edl:vacuity,attacks_only,93409,13707,SAFE_FINAL_01
0.9399068903238331,0.9371147002698782,0.942699080377788,0.5587730993633175,0.188537821692594,0.6026118041876414,0.049301350003598636,ciciot2023,D_clean,DDoS-HTTP_Flood,DDoS,near,11,7,fusion_rank,with_normal,97259,13707,SAFE_FINAL_01
0.9417009642644534,0.9389465511545269,0.9444553773743799,0.5741313585456688,0.1815028530441392,0.6101262128839279,0.048742626513505125,ciciot2023,D_clean,DDoS-HTTP_Flood,DDoS,near,11,7,fusion_rank,attacks_only,93409,13707,SAFE_FINAL_01
0.9298117053423017,0.9268147305669838,0.9328086801176196,0.5180797088677243,0.21078769059932756,0.5134602757715037,0.04948642285032748,ciciot2023,D_clean,DDoS-HTTP_Flood,DDoS,near,11,7,fusion_z,with_normal,97259,13707,SAFE_FINAL_01
0.9307554223446008,0.9277755968738697,0.933735247815332,0.5273717146171043,0.20335299596398634,0.5097395491354783,0.049331434872442695,ciciot2023,D_clean,DDoS-HTTP_Flood,DDoS,near,11,7,fusion_z,attacks_only,93409,13707,SAFE_FINAL_01
0.8601083044534786,0.8560863153345547,0.8641302935724026,0.3052752371083858,0.20299406738707987,0.01094331363536879,0.048026403726133315,ciciot2023,D_clean,DDoS-HTTP_Flood,DDoS,near,11,13,rf:maxprob,with_normal,97259,13707,SAFE_FINAL_01
0.8702533185265586,0.8663471044487555,0.8741595326043617,0.3289843718241827,0.18589215171985568,0.01094331363536879,0.04617328094723207,ciciot2023,D_clean,DDoS-HTTP_Flood,DDoS,near,11,13,rf:maxprob,attacks_only,93409,13707,SAFE_FINAL_01
0.530025181814479,0.5247973202403661,0.5352530433885919,0.1171356685187463,0.7398389866233459,0.0002918216969431677,0.05119320577016009,ciciot2023,D_clean,DDoS-HTTP_Flood,DDoS,near,11,13,mlp:maxprob,with_normal,97259,13707,SAFE_FINAL_01
0.5433595375605362,0.538098220052522,0.5486208550685505,0.12468280933088374,0.7291160380691368,0.0002918216969431677,0.05169737391471914,ciciot2023,D_clean,DDoS-HTTP_Flood,DDoS,near,11,13,mlp:maxprob,attacks_only,93409,13707,SAFE_FINAL_01
0.5636286963301805,0.5583562349777899,0.5689011576825712,0.1286436408203939,0.7389753133386113,0.0005836433938863354,0.05164560606216391,ciciot2023,D_clean,DDoS-HTTP_Flood,DDoS,near,11,13,mlp:entropy,with_normal,97259,13707,SAFE_FINAL_01
0.5815837197764793,0.5762892423629998,0.5868781971899587,0.13971675649492246,0.7282167671209412,0.0005836433938863354,0.051847252406085065,ciciot2023,D_clean,DDoS-HTTP_Flood,DDoS,near,11,13,mlp:entropy,attacks_only,93409,13707,SAFE_FINAL_01
0.6670328945100459,0.6618272650613954,0.6722385239586963,0.18100699910898643,0.7705919246547878,0.03946888451156343,0.05040150525915339,ciciot2023,D_clean,DDoS-HTTP_Flood,DDoS,near,11,13,mlp:energy,with_normal,97259,13707,SAFE_FINAL_01
0.6814555045372133,0.6762773387520163,0.6866336703224102,0.1964411078729676,0.7611365071888148,0.04173050266287298,0.050562579622948536,ciciot2023,D_clean,DDoS-HTTP_Flood,DDoS,near,11,13,mlp:energy,attacks_only,93409,13707,SAFE_FINAL_01
0.8964384907255417,0.8928827565523759,0.8999942248987075,0.4133067832244928,0.29139719717455453,0.2659225213394616,0.048992895259050574,ciciot2023,D_clean,DDoS-HTTP_Flood,DDoS,near,11,13,mlp:mahalanobis,with_normal,97259,13707,SAFE_FINAL_01
0.8960021040628958,0.892438007438286,0.8995662006875056,0.41907357761678626,0.2866640259503902,0.25724082585540237,0.04894603303750174,ciciot2023,D_clean,DDoS-HTTP_Flood,DDoS,near,11,13,mlp:mahalanobis,attacks_only,93409,13707,SAFE_FINAL_01
0.4420437456158081,0.43707597632932443,0.4470115149022918,0.12122802406469971,0.7348934288857586,0.042387101480995115,0.05195406080671198,ciciot2023,D_clean,DDoS-HTTP_Flood,DDoS,near,11,13,edl:vacuity,with_normal,97259,13707,SAFE_FINAL_01
0.45676815220035594,0.45172856539591,0.4618077390048019,0.12746934460017303,0.7239666413300646,0.04246005690523091,0.05149396739072252,ciciot2023,D_clean,DDoS-HTTP_Flood,DDoS,near,11,13,edl:vacuity,attacks_only,93409,13707,SAFE_FINAL_01
0.9422573337050812,0.9395159605643079,0.9449987068458546,0.5571698497425686,0.16997912789561892,0.6107098562778143,0.04905458620796019,ciciot2023,D_clean,DDoS-HTTP_Flood,DDoS,near,11,13,fusion_rank,with_normal,97259,13707,SAFE_FINAL_01
0.9438978969495561,0.9411919253421479,0.9466038685569642,0.5720673492838371,0.16373154621075056,0.6217261253374189,0.049074500315815395,ciciot2023,D_clean,DDoS-HTTP_Flood,DDoS,near,11,13,fusion_rank,attacks_only,93409,13707,SAFE_FINAL_01
0.9318688661778552,0.9289119755491362,0.9348257568065743,0.5170654822347077,0.19691750891948304,0.525570876194645,0.04922937722987076,ciciot2023,D_clean,DDoS-HTTP_Flood,DDoS,near,11,13,fusion_z,with_normal,97259,13707,SAFE_FINAL_01
0.9325311737253116,0.9295862586825422,0.935476088768081,0.5255946543448456,0.19039921206735969,0.5227256146494492,0.04949201897033476,ciciot2023,D_clean,DDoS-HTTP_Flood,DDoS,near,11,13,fusion_z,attacks_only,93409,13707,SAFE_FINAL_01
0.8968017707730209,0.8937600012127647,0.8998435403332772,0.5037640200246544,0.10804772099016897,0.0020664441265299633,0.046640201193024755,ciciot2023,D_clean,DDoS-ICMP_Flood,DDoS,near,11,42,rf:maxprob,with_normal,96226,18873,SAFE_FINAL_01
0.9026825269269303,0.8997148009803335,0.9056502528735271,0.5256133565681975,0.10181215900233827,0.002808244582207386,0.04863817441759764,ciciot2023,D_clean,DDoS-ICMP_Flood,DDoS,near,11,42,rf:maxprob,attacks_only,92376,18873,SAFE_FINAL_01
0.8395393939655843,0.8358982073452138,0.8431805805859548,0.3498656999100696,0.2840084800365805,0.00015895724050230488,0.04923825161598736,ciciot2023,D_clean,DDoS-ICMP_Flood,DDoS,near,11,42,mlp:maxprob,with_normal,96226,18873,SAFE_FINAL_01
0.8480024522002785,0.8444322120320519,0.8515726923685051,0.3710781987030343,0.27396726422447387,0.00015895724050230488,0.04938512167662596,ciciot2023,D_clean,DDoS-ICMP_Flood,DDoS,near,11,42,mlp:maxprob,attacks_only,92376,18873,SAFE_FINAL_01
0.8351428106840653,0.8314642843101375,0.838821337057993,0.34352167983251214,0.16420717893292874,0.00015895724050230488,0.0489368777669237,ciciot2023,D_clean,DDoS-ICMP_Flood,DDoS,near,11,42,mlp:entropy,with_normal,96226,18873,SAFE_FINAL_01
0.8488661701773245,0.8453038368791205,0.8524285034755285,0.3712931582897117,0.14805793712652637,0.00015895724050230488,0.048876331514679135,ciciot2023,D_clean,DDoS-ICMP_Flood,DDoS,near,11,42,mlp:entropy,attacks_only,92376,18873,SAFE_FINAL_01
0.9153062320395398,0.9125165156536077,0.9180959484254718,0.5611815407908217,0.16636875688483363,0.38494145074974834,0.04997609793610874,ciciot2023,D_clean,DDoS-ICMP_Flood,DDoS,near,11,42,mlp:energy,with_normal,96226,18873,SAFE_FINAL_01
0.9192682501448162,0.9165358419451979,0.9220006583444345,0.577748567108078,0.15541915649086344,0.3916176548508451,0.050749112323547244,ciciot2023,D_clean,DDoS-ICMP_Flood,DDoS,near,11,42,mlp:energy,attacks_only,92376,18873,SAFE_FINAL_01
0.9998785390434171,0.9997673628018198,0.9999897152850143,0.9988778300409664,4.1568806767401744e-05,0.9994171567848249,0.04964354748196953,ciciot2023,D_clean,DDoS-ICMP_Flood,DDoS,near,11,42,mlp:mahalanobis,with_normal,96226,18873,SAFE_FINAL_01
0.999876008098344,0.9997636795295936,0.9999883366670944,0.9988814121264483,4.3301290378453275e-05,0.9993641710379908,0.04967740538668052,ciciot2023,D_clean,DDoS-ICMP_Flood,DDoS,near,11,42,mlp:mahalanobis,attacks_only,92376,18873,SAFE_FINAL_01
0.42387250605344234,0.41958748561553627,0.4281575264913484,0.14353165876407162,0.604639078835242,0.013299422455359509,0.04968511628873693,ciciot2023,D_clean,DDoS-ICMP_Flood,DDoS,near,11,42,edl:vacuity,with_normal,96226,18873,SAFE_FINAL_01
0.44055281611168307,0.43619165153060185,0.4449139806927643,0.15160409860601884,0.5881614272105309,0.013299422455359509,0.05003464103230276,ciciot2023,D_clean,DDoS-ICMP_Flood,DDoS,near,11,42,edl:vacuity,attacks_only,92376,18873,SAFE_FINAL_01
0.994463409868383,0.9937150601465224,0.9952117595902435,0.9213961477099369,0.005996300376197701,0.9998410427594977,0.050454139213933866,ciciot2023,D_clean,DDoS-ICMP_Flood,DDoS,near,11,42,fusion_rank,with_normal,96226,18873,SAFE_FINAL_01
0.9944181391915975,0.993666720989917,0.995169557393278,0.9232864643924868,0.006029704685199619,0.9998410427594977,0.05053260587165498,ciciot2023,D_clean,DDoS-ICMP_Flood,DDoS,near,11,42,fusion_rank,attacks_only,92376,18873,SAFE_FINAL_01
0.9999281554328541,0.9998426482608146,1.0,0.9993641294165945,3.11766050755513e-05,0.999470142531659,0.049965705734416895,ciciot2023,D_clean,DDoS-ICMP_Flood,DDoS,near,11,42,fusion_z,with_normal,96226,18873,SAFE_FINAL_01
0.9999271205074154,0.9998409996488178,1.0,0.9993682191397559,3.247596778383996e-05,0.999470142531659,0.050067117000086606,ciciot2023,D_clean,DDoS-ICMP_Flood,DDoS,near,11,42,fusion_z,attacks_only,92376,18873,SAFE_FINAL_01
0.8941433180523533,0.8910681671588507,0.8972184689458558,0.49385869758446516,0.11470912227464511,0.004662745721400944,0.04851079749755783,ciciot2023,D_clean,DDoS-ICMP_Flood,DDoS,near,11,7,rf:maxprob,with_normal,96226,18873,SAFE_FINAL_01
0.9010180895551447,0.8980283940195801,0.9040077850907093,0.5179017200901234,0.10696501255737421,0.004980660202405553,0.05024032216160042,ciciot2023,D_clean,DDoS-ICMP_Flood,DDoS,near,11,7,rf:maxprob,attacks_only,92376,18873,SAFE_FINAL_01
0.83519936043903,0.8315213076911806,0.8388774131868794,0.3612026444197005,0.4308918587491946,0.00026492873417050813,0.04949805665828362,ciciot2023,D_clean,DDoS-ICMP_Flood,DDoS,near,11,7,mlp:maxprob,with_normal,96226,18873,SAFE_FINAL_01
0.8428290679302374,0.8392123752223701,0.8464457606381046,0.38222628189371205,0.4189616350567247,0.00031791448100460976,0.04919026586992292,ciciot2023,D_clean,DDoS-ICMP_Flood,DDoS,near,11,7,mlp:maxprob,attacks_only,92376,18873,SAFE_FINAL_01
0.8453185893931909,0.8417281150442365,0.8489090637421454,0.36114493374302736,0.25599110427535177,0.00026492873417050813,0.05057884563423607,ciciot2023,D_clean,DDoS-ICMP_Flood,DDoS,near,11,7,mlp:entropy,with_normal,96226,18873,SAFE_FINAL_01
0.8565024271872614,0.8530119508842083,0.8599929034903145,0.3868863248051508,0.235862128691435,0.00026492873417050813,0.05003464103230276,ciciot2023,D_clean,DDoS-ICMP_Flood,DDoS,near,11,7,mlp:entropy,attacks_only,92376,18873,SAFE_FINAL_01
0.9583803874638546,0.9563711745255521,0.960389600402157,0.8138039512522681,0.15594537858790763,0.7212949716526255,0.05297944422505352,ciciot2023,D_clean,DDoS-ICMP_Flood,DDoS,near,11,7,mlp:energy,with_normal,96226,18873,SAFE_FINAL_01
0.9610567996307894,0.9591095364976411,0.9630040627639377,0.8242777079432757,0.14292673421667965,0.7312033063106025,0.05332553910106521,ciciot2023,D_clean,DDoS-ICMP_Flood,DDoS,near,11,7,mlp:energy,attacks_only,92376,18873,SAFE_FINAL_01
0.9998713097096591,0.9997568731506278,0.9999857462686904,0.9995311558581371,5.196100845925218e-05,0.9993641710379908,0.05211689148462993,ciciot2023,D_clean,DDoS-ICMP_Flood,DDoS,near,11,7,mlp:mahalanobis,with_normal,96226,18873,SAFE_FINAL_01
0.9998702274804714,0.9997553106702074,0.9999851442907354,0.9995366056863425,5.4126612973066595e-05,0.9993641710379908,0.05187494587338703,ciciot2023,D_clean,DDoS-ICMP_Flood,DDoS,near,11,7,mlp:mahalanobis,attacks_only,92376,18873,SAFE_FINAL_01
0.4434141058000402,0.43906030659848455,0.44776790500159586,0.18937668230426263,0.6445451333319477,0.06464261113760399,0.049965705734416895,ciciot2023,D_clean,DDoS-ICMP_Flood,DDoS,near,11,7,edl:vacuity,with_normal,96226,18873,SAFE_FINAL_01
0.4587845955066389,0.45436627660075496,0.46320291441252287,0.19725790692872583,0.629730665973846,0.06464261113760399,0.04914696457954447,ciciot2023,D_clean,DDoS-ICMP_Flood,DDoS,near,11,7,edl:vacuity,attacks_only,92376,18873,SAFE_FINAL_01
0.994456928026481,0.9937081430948567,0.9952057129581053,0.9259020240988788,0.006578263670941326,0.9997880570126636,0.04859393511109263,ciciot2023,D_clean,DDoS-ICMP_Flood,DDoS,near,11,7,fusion_rank,with_normal,96226,18873,SAFE_FINAL_01
0.9944672294168717,0.9937191024443356,0.9952153563894078,0.9282697576095819,0.006516844201957218,0.9997880570126636,0.04794535377154239,ciciot2023,D_clean,DDoS-ICMP_Flood,DDoS,near,11,7,fusion_rank,attacks_only,92376,18873,SAFE_FINAL_01
0.9999285249113332,0.9998432378761561,1.0,0.9997636513220316,1.0392201691850436e-05,0.9995231282784931,0.05067237544946272,ciciot2023,D_clean,DDoS-ICMP_Flood,DDoS,near,11,7,fusion_z,with_normal,96226,18873,SAFE_FINAL_01
0.9999290448944924,0.9998440685661716,1.0,0.9997701286302517,1.0825322594613319e-05,0.9995231282784931,0.05045682861349268,ciciot2023,D_clean,DDoS-ICMP_Flood,DDoS,near,11,7,fusion_z,attacks_only,92376,18873,SAFE_FINAL_01
0.9014632858172225,0.8984816624504819,0.904444909183963,0.4868617336549472,0.10737222788019869,0.004026916759391723,0.04760667595036684,ciciot2023,D_clean,DDoS-ICMP_Flood,DDoS,near,11,13,rf:maxprob,with_normal,96226,18873,SAFE_FINAL_01
0.9076752072353228,0.904775084380194,0.9105753300904516,0.5103818837662958,0.10013423400017321,0.0054045461770783655,0.04948254957997748,ciciot2023,D_clean,DDoS-ICMP_Flood,DDoS,near,11,13,rf:maxprob,attacks_only,92376,18873,SAFE_FINAL_01
0.8464910409689863,0.8429110869127384,0.8500709950252342,0.3519451691977519,0.2193793777149627,0.00010597149366820326,0.05143100617296781,ciciot2023,D_clean,DDoS-ICMP_Flood,DDoS,near,11,13,mlp:maxprob,with_normal,96226,18873,SAFE_FINAL_01
0.8549850508449566,0.851480011871818,0.8584900898180952,0.3736093468351508,0.2084632372044687,0.00021194298733640652,0.051474408937386334,ciciot2023,D_clean,DDoS-ICMP_Flood,DDoS,near,11,13,mlp:maxprob,attacks_only,92376,18873,SAFE_FINAL_01
0.8553832707142198,0.8518857560150725,0.8588807854133671,0.36445330958908734,0.15634028225219795,0.00026492873417050813,0.049757861700579886,ciciot2023,D_clean,DDoS-ICMP_Flood,DDoS,near,11,13,mlp:entropy,with_normal,96226,18873,SAFE_FINAL_01
0.8668318587492221,0.8634444496978616,0.8702192678005826,0.39121681229433186,0.1418333766346237,0.00026492873417050813,0.05031609941976271,ciciot2023,D_clean,DDoS-ICMP_Flood,DDoS,near,11,13,mlp:entropy,attacks_only,92376,18873,SAFE_FINAL_01
0.9997231983970286,0.9995553796175232,0.9998910171765341,0.9966508167942114,0.00019745183214515827,0.9994171567848249,0.04748196953006464,ciciot2023,D_clean,DDoS-ICMP_Flood,DDoS,near,11,13,mlp:energy,with_normal,96226,18873,SAFE_FINAL_01
0.9997238237826123,0.9995561942164155,0.999891453348809,0.9966681776200164,0.00020568112929765308,0.9994171567848249,0.04810773361046159,ciciot2023,D_clean,DDoS-ICMP_Flood,DDoS,near,11,13,mlp:energy,attacks_only,92376,18873,SAFE_FINAL_01
0.9998939877590778,0.9997901212909532,0.9999978542272023,0.9997108666865098,0.0,0.9994171567848249,0.05129590755097375,ciciot2023,D_clean,DDoS-ICMP_Flood,DDoS,near,11,13,mlp:mahalanobis,with_normal,96226,18873,SAFE_FINAL_01
0.999893801365562,0.9997898435251468,0.9999977592059773,0.9997164933724998,0.0,0.9994171567848249,0.051593487485927084,ciciot2023,D_clean,DDoS-ICMP_Flood,DDoS,near,11,13,mlp:mahalanobis,attacks_only,92376,18873,SAFE_FINAL_01
0.7025541812685139,0.698142240896776,0.7069661216402517,0.3295995571494398,0.5533847400910357,0.16542150161606528,0.04974746949888804,ciciot2023,D_clean,DDoS-ICMP_Flood,DDoS,near,11,13,edl:vacuity,with_normal,96226,18873,SAFE_FINAL_01
0.7149545495793719,0.710575753434304,0.7193333457244397,0.346356987537465,0.5348142374642765,0.16833571769194086,0.0494933749025721,ciciot2023,D_clean,DDoS-ICMP_Flood,DDoS,near,11,13,edl:vacuity,attacks_only,92376,18873,SAFE_FINAL_01
0.9953244769859504,0.9946364462597208,0.99601250771218,0.9353621854509905,0.005383160476378526,0.9998410427594977,0.050454139213933866,ciciot2023,D_clean,DDoS-ICMP_Flood,DDoS,near,11,13,fusion_rank,with_normal,96226,18873,SAFE_FINAL_01
0.9953956687471889,0.9947128433347595,0.9960784941596182,0.9381061856103319,0.0052827574261712995,0.9998410427594977,0.05070581103316879,ciciot2023,D_clean,DDoS-ICMP_Flood,DDoS,near,11,13,fusion_rank,attacks_only,92376,18873,SAFE_FINAL_01
0.9999344976878791,0.9998528515928847,1.0,0.9997854871898624,0.0,0.999470142531659,0.05029825618855611,ciciot2023,D_clean,DDoS-ICMP_Flood,DDoS,near,11,13,fusion_z,with_normal,96226,18873,SAFE_FINAL_01
0.9999351570461148,0.9998539228324231,1.0,0.999792131950727,0.0,0.999470142531659,0.05048930458127652,ciciot2023,D_clean,DDoS-ICMP_Flood,DDoS,near,11,13,fusion_z,attacks_only,92376,18873,SAFE_FINAL_01
0.9120819659818221,0.9092594835648607,0.9149044483987835,0.5104333791645957,0.1729027831203801,0.02921584054550223,0.04937257633567946,ciciot2023,D_clean,DDoS-ICMP_Fragmentation,DDoS,near,11,42,rf:maxprob,with_normal,96187,19065,SAFE_FINAL_01
0.9170242476119437,0.9142716205654712,0.9197768746584162,0.53261691159011,0.16015248491937142,0.02921584054550223,0.04744576930158008,ciciot2023,D_clean,DDoS-ICMP_Fragmentation,DDoS,near,11,42,rf:maxprob,attacks_only,92337,19065,SAFE_FINAL_01
0.21449221605007432,0.21149949053112685,0.2174849415690218,0.1030247574636924,0.924490835559899,0.001049042748492001,0.04884235915456351,ciciot2023,D_clean,DDoS-ICMP_Fragmentation,DDoS,near,11,42,mlp:maxprob,with_normal,96187,19065,SAFE_FINAL_01
0.22262552404101602,0.21954345974705336,0.22570758833497867,0.10753552221676231,0.9213424737645798,0.0012588512981904013,0.04941681016277332,ciciot2023,D_clean,DDoS-ICMP_Fragmentation,DDoS,near,11,42,mlp:maxprob,attacks_only,92337,19065,SAFE_FINAL_01
0.21829161479263046,0.21526653303399645,0.22131669655126446,0.10253281840013657,0.91300279663572,0.0014162077104642014,0.05021468597627538,ciciot2023,D_clean,DDoS-ICMP_Fragmentation,DDoS,near,11,42,mlp:entropy,with_normal,96187,19065,SAFE_FINAL_01
0.22669567232318066,0.22357981176575514,0.22981153288060618,0.1070865416137606,0.9093754399644779,0.0014686598478888015,0.05030486153979445,ciciot2023,D_clean,DDoS-ICMP_Fragmentation,DDoS,near,11,42,mlp:entropy,attacks_only,92337,19065,SAFE_FINAL_01
0.3680958067761566,0.36406990915853193,0.3721217043937813,0.12265063112615568,0.7482196138771352,0.011591922370836612,0.049653279549211435,ciciot2023,D_clean,DDoS-ICMP_Fragmentation,DDoS,near,11,42,mlp:energy,with_normal,96187,19065,SAFE_FINAL_01
0.3814953736453035,0.3773867134185019,0.3856040338721051,0.12941504886128166,0.7377216067231988,0.011591922370836612,0.04942764005761504,ciciot2023,D_clean,DDoS-ICMP_Fragmentation,DDoS,near,11,42,mlp:energy,attacks_only,92337,19065,SAFE_FINAL_01
0.9964760045622185,0.9958813086062984,0.9970707005181386,0.9783345531300558,0.0008629024712279206,0.9800157356412273,0.04727250044184765,ciciot2023,D_clean,DDoS-ICMP_Fragmentation,DDoS,near,11,42,mlp:mahalanobis,with_normal,96187,19065,SAFE_FINAL_01
0.9964238664740598,0.9958247869448763,0.9970229460032433,0.9784661748479728,0.0008988812718628502,0.9798583792289536,0.047164192035695336,ciciot2023,D_clean,DDoS-ICMP_Fragmentation,DDoS,near,11,42,mlp:mahalanobis,attacks_only,92337,19065,SAFE_FINAL_01
0.14379272017042616,0.1414717360732832,0.14611370426756912,0.09807838938158661,1.0,0.008287437713086808,0.049611693887947436,ciciot2023,D_clean,DDoS-ICMP_Fragmentation,DDoS,near,11,42,edl:vacuity,with_normal,96187,19065,SAFE_FINAL_01
0.14929603453928117,0.14689740469653667,0.15169466438202567,0.10201151693275727,1.0,0.008287437713086808,0.049286851424672665,ciciot2023,D_clean,DDoS-ICMP_Fragmentation,DDoS,near,11,42,edl:vacuity,attacks_only,92337,19065,SAFE_FINAL_01
0.9938046575073566,0.9930173157118284,0.9945919993028848,0.944536909376825,0.021000758938318067,0.9894046682402308,0.05044340711322736,ciciot2023,D_clean,DDoS-ICMP_Fragmentation,DDoS,near,11,42,fusion_rank,with_normal,96187,19065,SAFE_FINAL_01
0.9938097275410626,0.993022665537283,0.9945967895448421,0.9460238647325863,0.02092335683420514,0.9897193810647784,0.05061892849020436,ciciot2023,D_clean,DDoS-ICMP_Fragmentation,DDoS,near,11,42,fusion_rank,attacks_only,92337,19065,SAFE_FINAL_01
0.9975610947609098,0.997066059158927,0.9980561303628926,0.981725267413756,0.0005718028423799474,0.9844741673223184,0.047979456683335586,ciciot2023,D_clean,DDoS-ICMP_Fragmentation,DDoS,near,11,42,fusion_z,with_normal,96187,19065,SAFE_FINAL_01
0.9975462230378187,0.9970496743806548,0.9980427716949826,0.981886690323754,0.0005956442162946598,0.9843168109100446,0.048398800047651534,ciciot2023,D_clean,DDoS-ICMP_Fragmentation,DDoS,near,11,42,fusion_z,attacks_only,92337,19065,SAFE_FINAL_01
0.9138957606431202,0.9110992260020697,0.9166922952841706,0.5415884331596732,0.1759801220539158,0.005717282979281406,0.04630563381745974,ciciot2023,D_clean,DDoS-ICMP_Fragmentation,DDoS,near,11,7,rf:maxprob,with_normal,96187,19065,SAFE_FINAL_01
0.9193606995772374,0.9166430366753094,0.9220783624791654,0.5650766286084433,0.16158203103847862,0.007290847102019407,0.04800892383334958,ciciot2023,D_clean,DDoS-ICMP_Fragmentation,DDoS,near,11,7,rf:maxprob,attacks_only,92337,19065,SAFE_FINAL_01
0.4803826268554688,0.4759407160581714,0.4848245376527662,0.1434852253990835,0.6579683325189475,0.001101494885916601,0.049902793516795406,ciciot2023,D_clean,DDoS-ICMP_Fragmentation,DDoS,near,11,7,mlp:maxprob,with_normal,96187,19065,SAFE_FINAL_01
0.4951208509044685,0.4906297669284037,0.4996119348805333,0.15202932406677874,0.643707289602218,0.0011539470233412012,0.049167722581413734,ciciot2023,D_clean,DDoS-ICMP_Fragmentation,DDoS,near,11,7,mlp:maxprob,attacks_only,92337,19065,SAFE_FINAL_01
0.49088464308521373,0.4864182871988988,0.4953509989715287,0.14593422398706202,0.6607129861623712,0.0014162077104642014,0.05017310031501138,ciciot2023,D_clean,DDoS-ICMP_Fragmentation,DDoS,near,11,7,mlp:entropy,with_normal,96187,19065,SAFE_FINAL_01
0.5078749025071593,0.5033590853719739,0.5123907196423446,0.15548849756774233,0.6465663818404324,0.0014162077104642014,0.04933017100403955,ciciot2023,D_clean,DDoS-ICMP_Fragmentation,DDoS,near,11,7,mlp:entropy,attacks_only,92337,19065,SAFE_FINAL_01
0.5797765649208244,0.5752053239033909,0.584347805938258,0.1708359412553776,0.5716468961502074,0.011119853134015211,0.04880077349329951,ciciot2023,D_clean,DDoS-ICMP_Fragmentation,DDoS,near,11,7,mlp:energy,with_normal,96187,19065,SAFE_FINAL_01
0.6017932598864237,0.5972127520730793,0.6063737676997681,0.18426632146918265,0.5537975026262495,0.011487018095987412,0.04853958868059391,ciciot2023,D_clean,DDoS-ICMP_Fragmentation,DDoS,near,11,7,mlp:energy,attacks_only,92337,19065,SAFE_FINAL_01
0.9965169996481986,0.9959257594257722,0.997108239870625,0.9836337825838226,0.0006965598261719359,0.9802779963283503,0.05088005655649932,ciciot2023,D_clean,DDoS-ICMP_Fragmentation,DDoS,near,11,7,mlp:mahalanobis,with_normal,96187,19065,SAFE_FINAL_01
0.9965040559802348,0.9959117052551194,0.9970964067053503,0.9840907169207013,0.0007147730595535917,0.9799632835038028,0.05088967586124739,ciciot2023,D_clean,DDoS-ICMP_Fragmentation,DDoS,near,11,7,mlp:mahalanobis,attacks_only,92337,19065,SAFE_FINAL_01
0.17907594168585483,0.17640273585038393,0.18174914752132573,0.10508396411853413,0.9514279476436525,0.014319433516915815,0.049954775593375404,ciciot2023,D_clean,DDoS-ICMP_Fragmentation,DDoS,near,11,7,edl:vacuity,with_normal,96187,19065,SAFE_FINAL_01
0.18576582982197495,0.1830091591914595,0.18852250045249042,0.1093568660665882,0.949402731299479,0.014319433516915815,0.04959008848024086,ciciot2023,D_clean,DDoS-ICMP_Fragmentation,DDoS,near,11,7,edl:vacuity,attacks_only,92337,19065,SAFE_FINAL_01
0.9942051757946989,0.9934435389188858,0.994966812670512,0.9429823259286993,0.020283406281514135,0.9894046682402308,0.04949733331947145,ciciot2023,D_clean,DDoS-ICMP_Fragmentation,DDoS,near,11,7,fusion_rank,with_normal,96187,19065,SAFE_FINAL_01
0.9942859455393304,0.9935295654237486,0.9950423256549121,0.9449900072145491,0.01984036735003303,0.9894046682402308,0.04913523289688857,ciciot2023,D_clean,DDoS-ICMP_Fragmentation,DDoS,near,11,7,fusion_rank,attacks_only,92337,19065,SAFE_FINAL_01
0.9976006693033863,0.9971096556627859,0.9980916829439868,0.9872311624526793,0.0005821992576959464,0.9853658536585366,0.051150363354715296,ciciot2023,D_clean,DDoS-ICMP_Fragmentation,DDoS,near,11,7,fusion_z,with_normal,96187,19065,SAFE_FINAL_01
0.9976245101407509,0.9971359259214615,0.9981130943600404,0.987704900347437,0.0005956442162946598,0.9851560451088381,0.05080303670251362,ciciot2023,D_clean,DDoS-ICMP_Fragmentation,DDoS,near,11,7,fusion_z,attacks_only,92337,19065,SAFE_FINAL_01
0.9424144592395369,0.9400855915218846,0.9447433269571892,0.6366317117958238,0.16750704357137658,0.7396800419617099,0.048343331219395554,ciciot2023,D_clean,DDoS-ICMP_Fragmentation,DDoS,near,11,13,rf:maxprob,with_normal,96187,19065,SAFE_FINAL_01
0.94524542693205,0.9429695690427907,0.9475212848213094,0.6537302295484735,0.15481334676240294,0.7396800419617099,0.04657937771424239,ciciot2023,D_clean,DDoS-ICMP_Fragmentation,DDoS,near,11,13,rf:maxprob,attacks_only,92337,19065,SAFE_FINAL_01
0.3696645574104082,0.3656309067239812,0.37369820809683524,0.12226111613503857,0.7632320375934378,0.0015211119853134015,0.04966367596452743,ciciot2023,D_clean,DDoS-ICMP_Fragmentation,DDoS,near,11,13,mlp:maxprob,with_normal,96187,19065,SAFE_FINAL_01
0.3817866242539242,0.3776766138425167,0.38589663466533164,0.12860473476227652,0.753359974874644,0.0015211119853134015,0.049687557533816346,ciciot2023,D_clean,DDoS-ICMP_Fragmentation,DDoS,near,11,13,mlp:maxprob,attacks_only,92337,19065,SAFE_FINAL_01
0.37756675926674443,0.37349489277356496,0.3816386257599239,0.12320829795781715,0.7641677149718777,0.0013637555730396014,0.05099441712497531,ciciot2023,D_clean,DDoS-ICMP_Fragmentation,DDoS,near,11,13,mlp:entropy,with_normal,96187,19065,SAFE_FINAL_01
0.3907831849059748,0.3866324046491844,0.3949339651627652,0.12984318692823482,0.7543346654103988,0.0013637555730396014,0.05117125312713214,ciciot2023,D_clean,DDoS-ICMP_Fragmentation,DDoS,near,11,13,mlp:entropy,attacks_only,92337,19065,SAFE_FINAL_01
0.724032139608638,0.7197153610122788,0.7283489182049971,0.23686946325216454,0.4303908012517284,0.014634146341463415,0.048499277449135535,ciciot2023,D_clean,DDoS-ICMP_Fragmentation,DDoS,near,11,13,mlp:energy,with_normal,96187,19065,SAFE_FINAL_01
0.7460175163508762,0.7417855458607825,0.7502494868409699,0.259529026172867,0.40688997909830293,0.015316024127983215,0.04954676890087397,ciciot2023,D_clean,DDoS-ICMP_Fragmentation,DDoS,near,11,13,mlp:energy,attacks_only,92337,19065,SAFE_FINAL_01
0.9967946780038361,0.9962274076949518,0.9973619483127205,0.9854022860824295,0.0005510100117479493,0.9804353527406242,0.050256271637539374,ciciot2023,D_clean,DDoS-ICMP_Fragmentation,DDoS,near,11,13,mlp:mahalanobis,with_normal,96187,19065,SAFE_FINAL_01
0.9967704253811993,0.9962010054257677,0.9973398453366309,0.9855557486101645,0.0005739844266112176,0.9802779963283503,0.05015324301201035,ciciot2023,D_clean,DDoS-ICMP_Fragmentation,DDoS,near,11,13,mlp:mahalanobis,attacks_only,92337,19065,SAFE_FINAL_01
0.19914305999428822,0.19628479505292634,0.2020013249356501,0.10421005818489244,0.9296266647260025,0.00917912404930501,0.051566219967355255,ciciot2023,D_clean,DDoS-ICMP_Fragmentation,DDoS,near,11,13,edl:vacuity,with_normal,96187,19065,SAFE_FINAL_01
0.20693981280403215,0.2039919174349814,0.2098877081730829,0.10870208452644692,0.92669244181639,0.00917912404930501,0.05124706239102418,ciciot2023,D_clean,DDoS-ICMP_Fragmentation,DDoS,near,11,13,edl:vacuity,attacks_only,92337,19065,SAFE_FINAL_01
0.9965291457041411,0.9959389332956952,0.997119358112587,0.9776793470933515,0.017226860178610415,0.9904012588512981,0.05036023579069937,ciciot2023,D_clean,DDoS-ICMP_Fragmentation,DDoS,near,11,13,fusion_rank,with_normal,96187,19065,SAFE_FINAL_01
0.9965999455676363,0.9960157443911016,0.997184146744171,0.97853225360739,0.01685131637371801,0.9905061631261474,0.05034818111916133,ciciot2023,D_clean,DDoS-ICMP_Fragmentation,DDoS,near,11,13,fusion_rank,attacks_only,92337,19065,SAFE_FINAL_01
0.9978520242517259,0.9973873766387268,0.9983166718647251,0.9890528364985102,0.0005406135964319503,0.986100183582481,0.049840415024899415,ciciot2023,D_clean,DDoS-ICMP_Fragmentation,DDoS,near,11,13,fusion_z,with_normal,96187,19065,SAFE_FINAL_01
0.9978644549391323,0.9974011423196696,0.9983277675585951,0.9892431547862496,0.0005631545317694966,0.986100183582481,0.050185732696535514,ciciot2023,D_clean,DDoS-ICMP_Fragmentation,DDoS,near,11,13,fusion_z,attacks_only,92337,19065,SAFE_FINAL_01
0.922755115730137,0.9200874339397581,0.9254227975205159,0.5256362436507528,0.09987733632715858,0.08858029561832623,0.049450092517515955,ciciot2023,D_clean,DDoS-PSHACK_Flood,DDoS,near,11,42,rf:maxprob,with_normal,96198,19011,SAFE_FINAL_01
0.9266376959593283,0.9240299603476594,0.9292454315709973,0.5464128231213621,0.0942196907350457,0.08858029561832623,0.047483432234590894,ciciot2023,D_clean,DDoS-PSHACK_Flood,DDoS,near,11,42,rf:maxprob,attacks_only,92348,19011,SAFE_FINAL_01
0.39581526587902727,0.3916558652799179,0.3999746664781366,0.13040477108887924,0.6564481590053848,0.0007890168849613382,0.05001143474916318,ciciot2023,D_clean,DDoS-PSHACK_Flood,DDoS,near,11,42,mlp:maxprob,with_normal,96198,19011,SAFE_FINAL_01
0.4108485810581489,0.40660869048727366,0.4150884716290242,0.1377061336335377,0.6421254385584961,0.0008416180106254274,0.049822410880582146,ciciot2023,D_clean,DDoS-PSHACK_Flood,DDoS,near,11,42,mlp:maxprob,attacks_only,92348,19011,SAFE_FINAL_01
0.42324076161849955,0.4189705271604276,0.4275109960765715,0.13352124298285353,0.6524356015717583,0.0007364157592972489,0.050510405621738495,ciciot2023,D_clean,DDoS-PSHACK_Flood,DDoS,near,11,42,mlp:entropy,with_normal,96198,19011,SAFE_FINAL_01
0.43911229829287035,0.4347686038909824,0.4434559926947583,0.14130871311666646,0.637945597089271,0.0007890168849613382,0.05061289903408845,ciciot2023,D_clean,DDoS-PSHACK_Flood,DDoS,near,11,42,mlp:entropy,attacks_only,92348,19011,SAFE_FINAL_01
0.7827125341352177,0.7786750053318354,0.7867500629386,0.2815375514522997,0.3187280400839934,0.03277050128872758,0.051539533046425084,ciciot2023,D_clean,DDoS-PSHACK_Flood,DDoS,near,11,42,mlp:energy,with_normal,96198,19011,SAFE_FINAL_01
0.8035317186826911,0.7996212983426505,0.8074421390227318,0.3098913607717734,0.2905639537402001,0.033612119299353004,0.052107246502360635,ciciot2023,D_clean,DDoS-PSHACK_Flood,DDoS,near,11,42,mlp:energy,attacks_only,92348,19011,SAFE_FINAL_01
0.9864300086479032,0.9852679470681817,0.9875920702276247,0.8351282439381736,0.02184037090168195,0.9984219662300773,0.0502921058649868,ciciot2023,D_clean,DDoS-PSHACK_Flood,DDoS,near,11,42,mlp:mahalanobis,with_normal,96198,19011,SAFE_FINAL_01
0.9860001831777754,0.9848200146805466,0.9871803516750042,0.8361027035837153,0.02246935504829558,0.9983693651044132,0.05042881275176506,ciciot2023,D_clean,DDoS-PSHACK_Flood,DDoS,near,11,42,mlp:mahalanobis,attacks_only,92348,19011,SAFE_FINAL_01
0.288493854861656,0.2849308671097426,0.29205684261356946,0.11821839951082458,0.7505457493918792,0.008416180106254273,0.048888750285868726,ciciot2023,D_clean,DDoS-PSHACK_Flood,DDoS,near,11,42,edl:vacuity,with_normal,96198,19011,SAFE_FINAL_01
0.3001190557569585,0.29645904513862653,0.3037790663752905,0.12394673217102345,0.7401459695932776,0.008521382357582452,0.048317234807467406,ciciot2023,D_clean,DDoS-PSHACK_Flood,DDoS,near,11,42,edl:vacuity,attacks_only,92348,19011,SAFE_FINAL_01
0.9954675218483947,0.9947925024633244,0.996142541233465,0.9445461541154077,0.006944011310006445,0.9998421966230078,0.0504376390361546,ciciot2023,D_clean,DDoS-PSHACK_Flood,DDoS,near,11,42,fusion_rank,with_normal,96198,19011,SAFE_FINAL_01
0.9954150544485445,0.994736133511944,0.996093975385145,0.945871640754281,0.007049421752501408,0.9998947977486718,0.050807813921254386,ciciot2023,D_clean,DDoS-PSHACK_Flood,DDoS,near,11,42,fusion_rank,attacks_only,92348,19011,SAFE_FINAL_01
0.9913455887077379,0.9904149851426223,0.9922761922728536,0.881528977500954,0.013441027879997505,0.9990531797380464,0.05071831015197821,ciciot2023,D_clean,DDoS-PSHACK_Flood,DDoS,near,11,42,fusion_z,with_normal,96198,19011,SAFE_FINAL_01
0.9910866535888608,0.9901422996070085,0.9920310075707132,0.8823374699618474,0.013773985359726253,0.9990531797380464,0.0508944427599948,ciciot2023,D_clean,DDoS-PSHACK_Flood,DDoS,near,11,42,fusion_z,attacks_only,92348,19011,SAFE_FINAL_01
0.9316185945975493,0.9290943951930721,0.9341427940020264,0.5530708428009304,0.08826586831327055,0.11193519541318184,0.0469448429281274,ciciot2023,D_clean,DDoS-PSHACK_Flood,DDoS,near,11,7,rf:maxprob,with_normal,96198,19011,SAFE_FINAL_01
0.935260316459281,0.9327973612527966,0.9377232716657654,0.5743561722814495,0.08297959890847663,0.13613171321866288,0.04859877853337376,ciciot2023,D_clean,DDoS-PSHACK_Flood,DDoS,near,11,7,rf:maxprob,attacks_only,92348,19011,SAFE_FINAL_01
0.4269182366271989,0.4226344178644763,0.4312020553899215,0.13607817864741248,0.6439842824175139,0.00021040450265635686,0.0487640075677249,ciciot2023,D_clean,DDoS-PSHACK_Flood,DDoS,near,11,7,mlp:maxprob,with_normal,96198,19011,SAFE_FINAL_01
0.4430853516295482,0.4387285010097442,0.4474422022493522,0.14403984090069805,0.6291527699571188,0.00021040450265635686,0.04813314852514402,ciciot2023,D_clean,DDoS-PSHACK_Flood,DDoS,near,11,7,mlp:maxprob,attacks_only,92348,19011,SAFE_FINAL_01
0.45429418102144326,0.449918745940072,0.45866961610281454,0.13964859158272477,0.6377991226428824,0.0004208090053127137,0.049554044782635816,ciciot2023,D_clean,DDoS-PSHACK_Flood,DDoS,near,11,7,mlp:entropy,with_normal,96198,19011,SAFE_FINAL_01
0.4712647816379907,0.4668248074742468,0.47570475580173455,0.14816474483249029,0.6227097500758002,0.0004208090053127137,0.04890197946896522,ciciot2023,D_clean,DDoS-PSHACK_Flood,DDoS,near,11,7,mlp:entropy,attacks_only,92348,19011,SAFE_FINAL_01
0.8518325088711919,0.8483136456723338,0.85535137207005,0.3710085919091445,0.23048296222374687,0.06738204197569828,0.050198548826378926,ciciot2023,D_clean,DDoS-PSHACK_Flood,DDoS,near,11,7,mlp:energy,with_normal,96198,19011,SAFE_FINAL_01
0.8625382588774959,0.8591189744077667,0.8659575433472251,0.3959561535417796,0.20603586433923854,0.0677502498553469,0.04971412483215663,ciciot2023,D_clean,DDoS-PSHACK_Flood,DDoS,near,11,7,mlp:energy,attacks_only,92348,19011,SAFE_FINAL_01
0.9743712686660876,0.9727853114846283,0.9759572258475468,0.728526900581554,0.03456412815235244,0.9927936457840197,0.05264142705669556,ciciot2023,D_clean,DDoS-PSHACK_Flood,DDoS,near,11,7,mlp:mahalanobis,with_normal,96198,19011,SAFE_FINAL_01
0.9736407829370544,0.9720327252134311,0.9752488406606776,0.7305900358750383,0.03545285225451553,0.9924780390300353,0.05286524884133928,ciciot2023,D_clean,DDoS-PSHACK_Flood,DDoS,near,11,7,mlp:mahalanobis,attacks_only,92348,19011,SAFE_FINAL_01
0.30343046827428427,0.29976873617372124,0.3070922003748473,0.12257061024797208,0.7183933137903075,0.010467624007153753,0.050957400361753884,ciciot2023,D_clean,DDoS-PSHACK_Flood,DDoS,near,11,7,edl:vacuity,with_normal,96198,19011,SAFE_FINAL_01
0.315551621001077,0.31179405511314634,0.3193091868890076,0.1285357064100549,0.706653094815264,0.010467624007153753,0.05040715554207996,ciciot2023,D_clean,DDoS-PSHACK_Flood,DDoS,near,11,7,edl:vacuity,attacks_only,92348,19011,SAFE_FINAL_01
0.9954718921523186,0.9947971966350149,0.9961465876696223,0.9398124917432427,0.007339029917461901,1.0,0.04994906339009127,ciciot2023,D_clean,DDoS-PSHACK_Flood,DDoS,near,11,7,fusion_rank,with_normal,96198,19011,SAFE_FINAL_01
0.9954236767201664,0.9947453912466332,0.9961019621936996,0.9411132830076002,0.007352622688092866,1.0,0.05023389786459913,ciciot2023,D_clean,DDoS-PSHACK_Flood,DDoS,near,11,7,fusion_rank,attacks_only,92348,19011,SAFE_FINAL_01
0.9844303965242012,0.9831870739141668,0.9856737191342355,0.8049419964987254,0.021050333686771033,0.9984219662300773,0.05138360464874529,ciciot2023,D_clean,DDoS-PSHACK_Flood,DDoS,near,11,7,fusion_z,with_normal,96198,19011,SAFE_FINAL_01
0.9840719903421353,0.9828145329260358,0.9853294477582348,0.8072480578773772,0.02150560921730844,0.9983167639787491,0.05161995928444579,ciciot2023,D_clean,DDoS-PSHACK_Flood,DDoS,near,11,7,fusion_z,attacks_only,92348,19011,SAFE_FINAL_01
0.959647496573061,0.9576746814574794,0.9616203116886427,0.6728018942615525,0.06302625834216928,0.7261059386670875,0.047329466309070874,ciciot2023,D_clean,DDoS-PSHACK_Flood,DDoS,near,11,13,rf:maxprob,with_normal,96198,19011,SAFE_FINAL_01
0.9611174937470859,0.9591786405221034,0.9630563469720683,0.6883008742223968,0.06015289990037684,0.8608174214928199,0.049205180404556674,ciciot2023,D_clean,DDoS-PSHACK_Flood,DDoS,near,11,13,rf:maxprob,attacks_only,92348,19011,SAFE_FINAL_01
0.38692546156935503,0.3828055932984458,0.39104532984026424,0.12931538024223235,0.6610324538971705,0.00036820787964862446,0.05038566290359467,ciciot2023,D_clean,DDoS-PSHACK_Flood,DDoS,near,11,13,mlp:maxprob,with_normal,96198,19011,SAFE_FINAL_01
0.4017986484661714,0.3975957772078463,0.40600151972449655,0.13649436553166164,0.6469008532940616,0.00036820787964862446,0.050742842292199074,ciciot2023,D_clean,DDoS-PSHACK_Flood,DDoS,near,11,13,mlp:maxprob,attacks_only,92348,19011,SAFE_FINAL_01
0.40182891972662826,0.3976437783635462,0.40601406108971033,0.13095024453490783,0.6588494563296534,0.00036820787964862446,0.04987629680450737,ciciot2023,D_clean,DDoS-PSHACK_Flood,DDoS,near,11,13,mlp:entropy,with_normal,96198,19011,SAFE_FINAL_01
0.417135574704504,0.41287104643697736,0.4214001029720307,0.13838907488928756,0.6446268462771256,0.00036820787964862446,0.050244726469441676,ciciot2023,D_clean,DDoS-PSHACK_Flood,DDoS,near,11,13,mlp:entropy,attacks_only,92348,19011,SAFE_FINAL_01
0.8489080135794521,0.8453622210854657,0.8524538060734386,0.3791684575003109,0.24175138776273936,0.06911787912261322,0.04870163620865298,ciciot2023,D_clean,DDoS-PSHACK_Flood,DDoS,near,11,13,mlp:energy,with_normal,96198,19011,SAFE_FINAL_01
0.8602454067502967,0.8568033593355642,0.8636874541650292,0.4042301454579377,0.21609563823796943,0.06938088475093367,0.04859877853337376,ciciot2023,D_clean,DDoS-PSHACK_Flood,DDoS,near,11,13,mlp:energy,attacks_only,92348,19011,SAFE_FINAL_01
0.9817381597153396,0.9803936974097551,0.9830826220209241,0.7939325255139119,0.02821264475352918,0.9977907527221083,0.04739183766814279,ciciot2023,D_clean,DDoS-PSHACK_Flood,DDoS,near,11,13,mlp:mahalanobis,with_normal,96198,19011,SAFE_FINAL_01
0.9812045825010698,0.9798408297984241,0.9825683352037154,0.7955336836138485,0.02896651795382683,0.9976855504707801,0.047342660371637715,ciciot2023,D_clean,DDoS-PSHACK_Flood,DDoS,near,11,13,mlp:mahalanobis,attacks_only,92348,19011,SAFE_FINAL_01
0.307282249375969,0.3035958915930817,0.31096860715885627,0.12265183526319848,0.7202540593359529,0.010204618378833307,0.0492006070812283,ciciot2023,D_clean,DDoS-PSHACK_Flood,DDoS,near,11,13,edl:vacuity,with_normal,96198,19011,SAFE_FINAL_01
0.31955826944205856,0.3157762745117393,0.32334026437237784,0.12866916682306956,0.7085914150820808,0.010204618378833307,0.05006064018711829,ciciot2023,D_clean,DDoS-PSHACK_Flood,DDoS,near,11,13,edl:vacuity,attacks_only,92348,19011,SAFE_FINAL_01
0.9984844144146358,0.9980934232674641,0.9988754055618074,0.9801731404570656,0.0024948543628765672,0.9998421966230078,0.0487640075677249,ciciot2023,D_clean,DDoS-PSHACK_Flood,DDoS,near,11,13,fusion_rank,with_normal,96198,19011,SAFE_FINAL_01
0.9984542959750807,0.9980594404415973,0.9988491515085641,0.9804272242866843,0.002523064928314636,0.9998421966230078,0.04847966388010569,ciciot2023,D_clean,DDoS-PSHACK_Flood,DDoS,near,11,13,fusion_rank,attacks_only,92348,19011,SAFE_FINAL_01
0.9891985908523807,0.9881602005109023,0.9902369811938592,0.8599539512089953,0.01651801492754527,0.9992109831150386,0.048691240982141004,ciciot2023,D_clean,DDoS-PSHACK_Flood,DDoS,near,11,13,fusion_z,with_normal,96198,19011,SAFE_FINAL_01
0.9889325996716886,0.9878815644295794,0.9899836349137977,0.8615221064924017,0.016870966344696148,0.9992109831150386,0.04839303504136527,ciciot2023,D_clean,DDoS-PSHACK_Flood,DDoS,near,11,13,fusion_z,attacks_only,92348,19011,SAFE_FINAL_01
0.9222863724686463,0.9196172647754935,0.9249554801617991,0.5282467178443035,0.14415529054594983,0.17123108341624338,0.04614216945134694,ciciot2023,D_clean,DDoS-RSTFINFlood,DDoS,near,11,42,rf:maxprob,with_normal,96181,19097,SAFE_FINAL_01
0.9261748264701126,0.9235653612700391,0.9287842916701862,0.5489072704120872,0.13434274512352298,0.19013457611143111,0.04835862278108111,ciciot2023,D_clean,DDoS-RSTFINFlood,DDoS,near,11,42,rf:maxprob,attacks_only,92331,19097,SAFE_FINAL_01
0.6321022058414951,0.6275617316952824,0.6366426799877078,0.19030443695091276,0.46514384337862985,0.00010472849138608158,0.04979153886942327,ciciot2023,D_clean,DDoS-RSTFINFlood,DDoS,near,11,42,mlp:maxprob,with_normal,96181,19097,SAFE_FINAL_01
0.6430135657254371,0.638476566512148,0.6475505649387262,0.2009626547112667,0.45171177610986557,0.00010472849138608158,0.05034062232619597,ciciot2023,D_clean,DDoS-RSTFINFlood,DDoS,near,11,42,mlp:maxprob,attacks_only,92331,19097,SAFE_FINAL_01
0.7076884093786237,0.703316420752122,0.7120603980051253,0.23251502594287277,0.41792037928488995,0.000261821228465204,0.04946922988947921,ciciot2023,D_clean,DDoS-RSTFINFlood,DDoS,near,11,42,mlp:entropy,with_normal,96181,19097,SAFE_FINAL_01
0.7308515848897232,0.7265569003887177,0.7351462693907288,0.25405702089991833,0.3977970562432986,0.000261821228465204,0.05003736556519479,ciciot2023,D_clean,DDoS-RSTFINFlood,DDoS,near,11,42,mlp:entropy,attacks_only,92331,19097,SAFE_FINAL_01
0.8494930983838701,0.8459601912267707,0.8530260055409695,0.36786993898059,0.18989197450639939,0.03827826360161282,0.049271685675965106,ciciot2023,D_clean,DDoS-RSTFINFlood,DDoS,near,11,42,mlp:energy,with_normal,96181,19097,SAFE_FINAL_01
0.8562861825086012,0.8528130344477552,0.8597593305694472,0.3863395133442787,0.17789258212301393,0.03854008483007802,0.049571649825085835,ciciot2023,D_clean,DDoS-RSTFINFlood,DDoS,near,11,42,mlp:energy,attacks_only,92331,19097,SAFE_FINAL_01
0.9997228915978227,0.9995559674301798,0.9998898157654655,0.996341343485892,0.0002599265967290837,0.9990050793318322,0.0510911718530687,ciciot2023,D_clean,DDoS-RSTFINFlood,DDoS,near,11,42,mlp:mahalanobis,with_normal,96181,19097,SAFE_FINAL_01
0.9997149159818993,0.9995456069932371,0.9998842249705615,0.9963467530995722,0.00027076496517962546,0.9990050793318322,0.05153198817298632,ciciot2023,D_clean,DDoS-RSTFINFlood,DDoS,near,11,42,mlp:mahalanobis,attacks_only,92331,19097,SAFE_FINAL_01
0.989622694744333,0.9886069355230414,0.9906384539656246,0.9804860828200538,0.0011436770256079683,0.9747604335759543,0.050883230575685424,ciciot2023,D_clean,DDoS-RSTFINFlood,DDoS,near,11,42,edl:vacuity,with_normal,96181,19097,SAFE_FINAL_01
0.9900005467589253,0.9890031573442102,0.9909979361736405,0.9810764754699135,0.0011697046495759821,0.9748651620673404,0.05112042542591329,ciciot2023,D_clean,DDoS-RSTFINFlood,DDoS,near,11,42,edl:vacuity,attacks_only,92331,19097,SAFE_FINAL_01
0.9959938033717114,0.9953604247348691,0.9966271820085537,0.9666563164926972,0.012403697195911875,0.9998429072629209,0.05018662729645148,ciciot2023,D_clean,DDoS-RSTFINFlood,DDoS,near,11,42,fusion_rank,with_normal,96181,19097,SAFE_FINAL_01
0.9959589347665208,0.9953227967348545,0.996595072798187,0.967506028898798,0.012444357799655586,0.9998429072629209,0.05076301567187618,ciciot2023,D_clean,DDoS-RSTFINFlood,DDoS,near,11,42,fusion_rank,attacks_only,92331,19097,SAFE_FINAL_01
0.9998307494981798,0.9997002871478986,0.9999612118484611,0.9983403805254553,0.00016635302190661357,0.9995287217887626,0.049697965294600806,ciciot2023,D_clean,DDoS-RSTFINFlood,DDoS,near,11,42,fusion_z,with_normal,96181,19097,SAFE_FINAL_01
0.9998265601312115,0.999694493105352,0.9999586271570711,0.9983463933161653,0.00017328957771496032,0.9994763575430696,0.050199824544302565,ciciot2023,D_clean,DDoS-RSTFINFlood,DDoS,near,11,42,fusion_z,attacks_only,92331,19097,SAFE_FINAL_01
0.8708137576203074,0.8674899169619846,0.8741375982786302,0.3991882281854985,0.2012039799960491,0.026967586531916006,0.05000987721067571,ciciot2023,D_clean,DDoS-RSTFINFlood,DDoS,near,11,7,rf:maxprob,with_normal,96181,19097,SAFE_FINAL_01
0.8800467818340585,0.8768201924807549,0.883273371187362,0.4251693488283998,0.18464004505529022,0.026967586531916006,0.04801204362565119,ciciot2023,D_clean,DDoS-RSTFINFlood,DDoS,near,11,7,rf:maxprob,attacks_only,92331,19097,SAFE_FINAL_01
0.6098935280826457,0.6053329575692342,0.6144540985960573,0.1822627594333485,0.5023757290941038,0.00010472849138608158,0.049739553550077455,ciciot2023,D_clean,DDoS-RSTFINFlood,DDoS,near,11,7,mlp:maxprob,with_normal,96181,19097,SAFE_FINAL_01
0.6174249057479448,0.6128577979473613,0.6219920135485284,0.19100567018079423,0.49049614972219513,0.00010472849138608158,0.04967995581115768,ciciot2023,D_clean,DDoS-RSTFINFlood,DDoS,near,11,7,mlp:maxprob,attacks_only,92331,19097,SAFE_FINAL_01
0.7531734810723896,0.7489858886626243,0.7573610734821549,0.2621234804959207,0.4945779311922313,0.000261821228465204,0.048970170823759374,ciciot2023,D_clean,DDoS-RSTFINFlood,DDoS,near,11,7,mlp:entropy,with_normal,96181,19097,SAFE_FINAL_01
0.7706238744719228,0.7665192216518265,0.7747285272920191,0.2837631548426446,0.47867996664175627,0.00031418547415824476,0.048694371337903844,ciciot2023,D_clean,DDoS-RSTFINFlood,DDoS,near,11,7,mlp:entropy,attacks_only,92331,19097,SAFE_FINAL_01
0.8671771731554092,0.8638155610350681,0.8705387852757503,0.38964367392716454,0.22301701999355383,0.02770068597161858,0.05056092159574136,ciciot2023,D_clean,DDoS-RSTFINFlood,DDoS,near,11,7,mlp:energy,with_normal,96181,19097,SAFE_FINAL_01
0.8747862619192853,0.8715016580187185,0.8780708658198522,0.4111364721756432,0.20077763697999587,0.027910142954390742,0.05064387908719715,ciciot2023,D_clean,DDoS-RSTFINFlood,DDoS,near,11,7,mlp:energy,attacks_only,92331,19097,SAFE_FINAL_01
0.9997157328298059,0.9995466669340431,0.9998847987255686,0.996490033918507,0.00016635302190661357,0.9991621720689113,0.051673407429741844,ciciot2023,D_clean,DDoS-RSTFINFlood,DDoS,near,11,7,mlp:mahalanobis,with_normal,96181,19097,SAFE_FINAL_01
0.9997205005713367,0.9995528575959236,0.9998881435467497,0.9966848720691893,0.00016245897910777528,0.9991621720689113,0.05184607553259469,ciciot2023,D_clean,DDoS-RSTFINFlood,DDoS,near,11,7,mlp:mahalanobis,attacks_only,92331,19097,SAFE_FINAL_01
0.9385500012672527,0.9361519928698016,0.9409480096647039,0.7278443266682451,0.18584751666129484,0.6132900455568937,0.04834634699160957,ciciot2023,D_clean,DDoS-RSTFINFlood,DDoS,near,11,7,edl:vacuity,with_normal,96181,19097,SAFE_FINAL_01
0.941645106745786,0.9393026921644728,0.9439875213270993,0.7429900513708034,0.1738635994411411,0.6287374980363408,0.048293639189438,ciciot2023,D_clean,DDoS-RSTFINFlood,DDoS,near,11,7,edl:vacuity,attacks_only,92331,19097,SAFE_FINAL_01
0.9876863073391559,0.9865810386631757,0.988791576015136,0.8915765734450936,0.03008910283735873,0.9998429072629209,0.049386053378525904,ciciot2023,D_clean,DDoS-RSTFINFlood,DDoS,near,11,7,fusion_rank,with_normal,96181,19097,SAFE_FINAL_01
0.9878648122061682,0.9867673639332556,0.9889622604790808,0.8960717332145349,0.029372583422685773,0.9998429072629209,0.049149256479405615,ciciot2023,D_clean,DDoS-RSTFINFlood,DDoS,near,11,7,fusion_rank,attacks_only,92331,19097,SAFE_FINAL_01
0.9998119349339449,0.9996744136959376,0.9999494561719523,0.9976282416120441,0.0001247647664299602,0.9993716290516835,0.05024900967966646,ciciot2023,D_clean,DDoS-RSTFINFlood,DDoS,near,11,7,fusion_z,with_normal,96181,19097,SAFE_FINAL_01
0.9998195327474685,0.9996848172762866,0.9999542482186504,0.9978390657001608,0.00011913658467903521,0.9993716290516835,0.050026534966587606,ciciot2023,D_clean,DDoS-RSTFINFlood,DDoS,near,11,7,fusion_z,attacks_only,92331,19097,SAFE_FINAL_01
0.8611777169593611,0.8577557527547338,0.8645996811639883,0.3826422554480519,0.18112724966469468,0.03403675970047652,0.04606939000426279,ciciot2023,D_clean,DDoS-RSTFINFlood,DDoS,near,11,13,rf:maxprob,with_normal,96181,19097,SAFE_FINAL_01
0.8709841938044295,0.8676589281748018,0.8743094594340571,0.40811117699687655,0.16717028950190077,0.037754621144682414,0.04803370482286556,ciciot2023,D_clean,DDoS-RSTFINFlood,DDoS,near,11,13,rf:maxprob,attacks_only,92331,19097,SAFE_FINAL_01
0.5483486450492412,0.5437965271130402,0.5529007629854422,0.16490471921880648,0.5167340742974184,0.00020945698277216316,0.04796165562845053,ciciot2023,D_clean,DDoS-RSTFINFlood,DDoS,near,11,13,mlp:maxprob,with_normal,96181,19097,SAFE_FINAL_01
0.5591115574835394,0.554537603278254,0.5636855116888247,0.1736257375482488,0.5042726711505345,0.00020945698277216316,0.04831530038665237,ciciot2023,D_clean,DDoS-RSTFINFlood,DDoS,near,11,13,mlp:maxprob,attacks_only,92331,19097,SAFE_FINAL_01
0.7679644131669443,0.7638520702081059,0.7720767561257827,0.26930046758977133,0.2675060562897038,0.00031418547415824476,0.04725465528534742,ciciot2023,D_clean,DDoS-RSTFINFlood,DDoS,near,11,13,mlp:entropy,with_normal,96181,19097,SAFE_FINAL_01
0.7849590394468057,0.7809371411471966,0.7889809377464148,0.29157893605718715,0.24850808504186025,0.00031418547415824476,0.0473513771106129,ciciot2023,D_clean,DDoS-RSTFINFlood,DDoS,near,11,13,mlp:entropy,attacks_only,92331,19097,SAFE_FINAL_01
0.9857189073168569,0.9845299394416964,0.9869078751920173,0.857619113817202,0.025327247585281917,0.9943970257108447,0.048616670652207816,ciciot2023,D_clean,DDoS-RSTFINFlood,DDoS,near,11,13,mlp:energy,with_normal,96181,19097,SAFE_FINAL_01
0.9860478665715078,0.9848723183039444,0.9872234148390712,0.8635919016694239,0.02455296704248844,0.9947112111850028,0.04861855714765355,ciciot2023,D_clean,DDoS-RSTFINFlood,DDoS,near,11,13,mlp:energy,attacks_only,92331,19097,SAFE_FINAL_01
0.9968988847406538,0.996341346569231,0.9974564229120766,0.9479129409035265,0.006071885299591395,0.9989003508404461,0.04853349414125451,ciciot2023,D_clean,DDoS-RSTFINFlood,DDoS,near,11,13,mlp:mahalanobis,with_normal,96181,19097,SAFE_FINAL_01
0.9967901847692466,0.996222978443156,0.9973573910953373,0.9480500957224969,0.006292577790774496,0.9989003508404461,0.04907344228915532,ciciot2023,D_clean,DDoS-RSTFINFlood,DDoS,near,11,13,mlp:mahalanobis,attacks_only,92331,19097,SAFE_FINAL_01
0.8951916801023505,0.892146914912106,0.898236445292595,0.7510284745174649,0.5419157629885321,0.6530345080379117,0.05272351088052734,ciciot2023,D_clean,DDoS-RSTFINFlood,DDoS,near,11,13,edl:vacuity,with_normal,96181,19097,SAFE_FINAL_01
0.8997809985132148,0.896792134147443,0.9027698628789866,0.7607012392636858,0.5228904701562855,0.6566476409907315,0.05327571454874311,ciciot2023,D_clean,DDoS-RSTFINFlood,DDoS,near,11,13,edl:vacuity,attacks_only,92331,19097,SAFE_FINAL_01
0.9879964218050364,0.9869049683201515,0.9890878752899214,0.8847063525992952,0.02055499526933594,0.999947635754307,0.048970170823759374,ciciot2023,D_clean,DDoS-RSTFINFlood,DDoS,near,11,13,fusion_rank,with_normal,96181,19097,SAFE_FINAL_01
0.9880892699394855,0.9870018824815522,0.9891766573974189,0.8892914594066131,0.020372355980115022,0.999947635754307,0.04875935492954696,ciciot2023,D_clean,DDoS-RSTFINFlood,DDoS,near,11,13,fusion_rank,attacks_only,92331,19097,SAFE_FINAL_01
0.9979451858615414,0.9974910833979425,0.9983992883251402,0.9638031092890557,0.0038365165677212757,0.9993192648059904,0.048128008650357136,ciciot2023,D_clean,DDoS-RSTFINFlood,DDoS,near,11,13,fusion_z,with_normal,96181,19097,SAFE_FINAL_01
0.9978795880475396,0.9974183027296813,0.9983408733653979,0.9640017457612613,0.003963999090229717,0.9993192648059904,0.048391114576902663,ciciot2023,D_clean,DDoS-RSTFINFlood,DDoS,near,11,13,fusion_z,attacks_only,92331,19097,SAFE_FINAL_01
0.8096984981401653,0.8058395089396116,0.8135574873407189,0.3447267775808069,0.20755364271457086,0.0014178438271280785,0.046573519627411845,ciciot2023,D_clean,DDoS-SYN_Flood,DDoS,near,11,42,rf:maxprob,with_normal,96192,19043,SAFE_FINAL_01
0.8242322596100837,0.8204764624770685,0.8279880567430989,0.3700948602572339,0.19063914578415023,0.0016804074988184634,0.04873188798163349,ciciot2023,D_clean,DDoS-SYN_Flood,DDoS,near,11,42,rf:maxprob,attacks_only,92342,19043,SAFE_FINAL_01
0.6551537270664259,0.6506421446350727,0.6596653094977791,0.19949727174793247,0.49526987691284097,0.00010502546867615396,0.04874625748502994,ciciot2023,D_clean,DDoS-SYN_Flood,DDoS,near,11,42,mlp:maxprob,with_normal,96192,19043,SAFE_FINAL_01
0.6657254940083079,0.6612242301426842,0.6702267578739317,0.21069062344865994,0.4787528968400078,0.00010502546867615396,0.04926252409521128,ciciot2023,D_clean,DDoS-SYN_Flood,DDoS,near,11,42,mlp:maxprob,attacks_only,92342,19043,SAFE_FINAL_01
0.6260502369444976,0.621497408173937,0.6306030657150582,0.1883458327097671,0.4999480206254158,0.00015753820301423095,0.04978584497671324,ciciot2023,D_clean,DDoS-SYN_Flood,DDoS,near,11,42,mlp:entropy,with_normal,96192,19043,SAFE_FINAL_01
0.6450351775552154,0.6404956802664643,0.6495746748439666,0.20199086935180532,0.4809945636871629,0.00015753820301423095,0.0499880877607156,ciciot2023,D_clean,DDoS-SYN_Flood,DDoS,near,11,42,mlp:entropy,attacks_only,92342,19043,SAFE_FINAL_01
0.6066691655198941,0.6021011283517207,0.6112372026880676,0.1821839329143346,0.47887558216899534,0.0007351782807330778,0.04795617099135063,ciciot2023,D_clean,DDoS-SYN_Flood,DDoS,near,11,42,mlp:energy,with_normal,96192,19043,SAFE_FINAL_01
0.6304927262663496,0.6259332530133866,0.6350521995193125,0.19714397737634776,0.45733252474496977,0.0007351782807330778,0.04864525351411059,ciciot2023,D_clean,DDoS-SYN_Flood,DDoS,near,11,42,mlp:energy,attacks_only,92342,19043,SAFE_FINAL_01
0.41034563843308847,0.4061282310397116,0.41456304582646536,0.12835257782830445,0.7964591650033267,0.008244499291078086,0.049110113107119095,ciciot2023,D_clean,DDoS-SYN_Flood,DDoS,near,11,42,mlp:mahalanobis,with_normal,96192,19043,SAFE_FINAL_01
0.4223568411913496,0.4180753681519397,0.4266383142307595,0.13515847919220533,0.7879729700461329,0.007771884682035393,0.049132572393926925,ciciot2023,D_clean,DDoS-SYN_Flood,DDoS,near,11,42,mlp:mahalanobis,attacks_only,92342,19043,SAFE_FINAL_01
0.6349704498169899,0.6304278780387105,0.6395130215952693,0.1939145591262718,0.4998544577511643,0.0006826655463950008,0.04935961410512309,ciciot2023,D_clean,DDoS-SYN_Flood,DDoS,near,11,42,edl:vacuity,with_normal,96192,19043,SAFE_FINAL_01
0.6499788836731224,0.6454474615336849,0.6545103058125599,0.2064575298021835,0.47912109332698016,0.0006826655463950008,0.04871022936475276,ciciot2023,D_clean,DDoS-SYN_Flood,DDoS,near,11,42,edl:vacuity,attacks_only,92342,19043,SAFE_FINAL_01
0.5561696835546991,0.5516059404868767,0.5607334266225215,0.16367380479471194,0.576004241516966,0.02284303943706349,0.049640302727877575,ciciot2023,D_clean,DDoS-SYN_Flood,DDoS,near,11,42,fusion_rank,with_normal,96192,19043,SAFE_FINAL_01
0.5738928728482018,0.5693072610955264,0.5784784846008771,0.1747152773989771,0.5583266552597951,0.023105603108753873,0.04985813605943124,ciciot2023,D_clean,DDoS-SYN_Flood,DDoS,near,11,42,fusion_rank,attacks_only,92342,19043,SAFE_FINAL_01
0.6303703589643692,0.6258222381435524,0.634918479785186,0.1894832313583809,0.44858200266134396,0.017486740534579635,0.05018088822355289,ciciot2023,D_clean,DDoS-SYN_Flood,DDoS,near,11,42,fusion_z,with_normal,96192,19043,SAFE_FINAL_01
0.6510941042586856,0.6465645949304627,0.6556236135869086,0.20438181547440754,0.425895042342596,0.017486740534579635,0.05032379632236685,ciciot2023,D_clean,DDoS-SYN_Flood,DDoS,near,11,42,fusion_z,attacks_only,92342,19043,SAFE_FINAL_01
0.8365416391044689,0.8328903077064341,0.8401929705025036,0.3809424568310123,0.18587824351297405,0.0020479966391850025,0.05006653359946773,ciciot2023,D_clean,DDoS-SYN_Flood,DDoS,near,11,7,rf:maxprob,with_normal,96192,19043,SAFE_FINAL_01
0.8493209787607106,0.8457778301092426,0.8528641274121785,0.4073173716652038,0.17101643889021248,0.0020479966391850025,0.047822226072643,ciciot2023,D_clean,DDoS-SYN_Flood,DDoS,near,11,7,rf:maxprob,attacks_only,92342,19043,SAFE_FINAL_01
0.641059811576413,0.636525442648572,0.645594180504254,0.1942765930871049,0.49664213240186295,5.251273433807698e-05,0.04888140385894877,ciciot2023,D_clean,DDoS-SYN_Flood,DDoS,near,11,7,mlp:maxprob,with_normal,96192,19043,SAFE_FINAL_01
0.6513819325255595,0.6468529223475359,0.6559109427035832,0.20494071365024213,0.4792402157198241,5.251273433807698e-05,0.048352862186220785,ciciot2023,D_clean,DDoS-SYN_Flood,DDoS,near,11,7,mlp:maxprob,attacks_only,92342,19043,SAFE_FINAL_01
0.6102587162426184,0.6056927734894363,0.6148246589958005,0.18361911037207995,0.5021935296074518,0.00010502546867615396,0.04929723885562209,ciciot2023,D_clean,DDoS-SYN_Flood,DDoS,near,11,7,mlp:entropy,with_normal,96192,19043,SAFE_FINAL_01
0.6281367079386626,0.6235745226091213,0.6326988932682039,0.19618032193090085,0.483084620216153,0.00010502546867615396,0.04856944835502805,ciciot2023,D_clean,DDoS-SYN_Flood,DDoS,near,11,7,mlp:entropy,attacks_only,92342,19043,SAFE_FINAL_01
0.5292257482422646,0.5246893320913413,0.533762164393188,0.1586495275111454,0.5997276280771789,0.0006826655463950008,0.04906852960745176,ciciot2023,D_clean,DDoS-SYN_Flood,DDoS,near,11,7,mlp:energy,with_normal,96192,19043,SAFE_FINAL_01
0.5510927539929733,0.5465188784832443,0.5556666295027023,0.1699096135646539,0.5830391371207034,0.0006826655463950008,0.04827705702713825,ciciot2023,D_clean,DDoS-SYN_Flood,DDoS,near,11,7,mlp:energy,attacks_only,92342,19043,SAFE_FINAL_01
0.43719159905259064,0.4328743501022354,0.4415088480029459,0.13340603926763,0.7417352794411177,0.004201018747046158,0.0501185129740519,ciciot2023,D_clean,DDoS-SYN_Flood,DDoS,near,11,7,mlp:mahalanobis,with_normal,96192,19043,SAFE_FINAL_01
0.44910232823898777,0.4447291768441366,0.45347547963383894,0.14053507078518956,0.7309783197245024,0.004201018747046158,0.049825648134110154,ciciot2023,D_clean,DDoS-SYN_Flood,DDoS,near,11,7,mlp:mahalanobis,attacks_only,92342,19043,SAFE_FINAL_01
0.6178191611774613,0.6132586996414117,0.6223796227135109,0.18963976411488084,0.48819028609447773,0.0011027674210996167,0.04778983699268131,ciciot2023,D_clean,DDoS-SYN_Flood,DDoS,near,11,7,edl:vacuity,with_normal,96192,19043,SAFE_FINAL_01
0.6334873769428343,0.6289315605466389,0.6380431933390297,0.20196154843746625,0.46691646271469106,0.0011027674210996167,0.046717636611725975,ciciot2023,D_clean,DDoS-SYN_Flood,DDoS,near,11,7,edl:vacuity,attacks_only,92342,19043,SAFE_FINAL_01
0.5905192721014412,0.5859458075038965,0.5950927366989859,0.17480150346403978,0.535169244843646,0.023263141311768105,0.04840319361277445,ciciot2023,D_clean,DDoS-SYN_Flood,DDoS,near,11,7,fusion_rank,with_normal,96192,19043,SAFE_FINAL_01
0.6076343058333618,0.603054569342601,0.6122140423241225,0.18675607546412806,0.5158324489398107,0.023420679514782335,0.04791968984860627,ciciot2023,D_clean,DDoS-SYN_Flood,DDoS,near,11,7,fusion_rank,attacks_only,92342,19043,SAFE_FINAL_01
0.6473754292383218,0.6428506099049087,0.6519002485717349,0.19581293460399574,0.4312624750499002,0.011605314288715014,0.04921407185628743,ciciot2023,D_clean,DDoS-SYN_Flood,DDoS,near,11,7,fusion_z,with_normal,96192,19043,SAFE_FINAL_01
0.6673894445750802,0.6628917678467992,0.6718871213033613,0.21121162762735077,0.407875073097832,0.011552801554376936,0.048959303458881116,ciciot2023,D_clean,DDoS-SYN_Flood,DDoS,near,11,7,fusion_z,attacks_only,92342,19043,SAFE_FINAL_01
0.8247181686662559,0.8209709632864659,0.8284653740460459,0.3602777375523373,0.19167914171656686,0.0023630730452134643,0.04899575848303393,ciciot2023,D_clean,DDoS-SYN_Flood,DDoS,near,11,13,rf:maxprob,with_normal,96192,19043,SAFE_FINAL_01
0.838333034855839,0.8346925555281662,0.8419735141835117,0.3863499215420382,0.17591128630525654,0.0023630730452134643,0.047378224426588116,ciciot2023,D_clean,DDoS-SYN_Flood,DDoS,near,11,13,rf:maxprob,attacks_only,92342,19043,SAFE_FINAL_01
0.74671775702826,0.7424943352292954,0.7509411788272247,0.25725016654927807,0.4693841483699268,0.00015753820301423095,0.049827428476380574,ciciot2023,D_clean,DDoS-SYN_Flood,DDoS,near,11,13,mlp:maxprob,with_normal,96192,19043,SAFE_FINAL_01
0.7604460366211373,0.7562820184003904,0.7646100548418842,0.27599934740431337,0.451701284355981,0.00015753820301423095,0.05018301531264213,ciciot2023,D_clean,DDoS-SYN_Flood,DDoS,near,11,13,mlp:maxprob,attacks_only,92342,19043,SAFE_FINAL_01
0.7162313338498308,0.7118833214207132,0.7205793462789485,0.23708274183017414,0.4770978875582169,0.00015753820301423095,0.05026405522288756,ciciot2023,D_clean,DDoS-SYN_Flood,DDoS,near,11,13,mlp:entropy,with_normal,96192,19043,SAFE_FINAL_01
0.7401219877039995,0.7358612260356223,0.7443827493723767,0.2608588585520537,0.45675857139763054,0.00015753820301423095,0.05085443243594464,ciciot2023,D_clean,DDoS-SYN_Flood,DDoS,near,11,13,mlp:entropy,attacks_only,92342,19043,SAFE_FINAL_01
0.6801736656044282,0.6757159895980941,0.6846313416107622,0.21305016470118635,0.4401821357285429,0.0012077928897757707,0.04877744510978044,ciciot2023,D_clean,DDoS-SYN_Flood,DDoS,near,11,13,mlp:energy,with_normal,96192,19043,SAFE_FINAL_01
0.7028684862476023,0.6984662030280767,0.707270769467128,0.23234253457796503,0.41705832665525977,0.0012603056241138476,0.04910008446860584,ciciot2023,D_clean,DDoS-SYN_Flood,DDoS,near,11,13,mlp:energy,attacks_only,92342,19043,SAFE_FINAL_01
0.39590007809303934,0.39174305134096343,0.40005710484511525,0.12595340802572572,0.7937458416500333,0.003623378669327312,0.049557135728542916,ciciot2023,D_clean,DDoS-SYN_Flood,DDoS,near,11,13,mlp:mahalanobis,with_normal,96192,19043,SAFE_FINAL_01
0.407899310663081,0.4036740648870149,0.4121245564391471,0.1325677784659637,0.7851465205431981,0.003570865934989235,0.049609061965302896,ciciot2023,D_clean,DDoS-SYN_Flood,DDoS,near,11,13,mlp:mahalanobis,attacks_only,92342,19043,SAFE_FINAL_01
0.6877824808643842,0.6833447230673815,0.6922202386613869,0.21705153704402305,0.48548735861610115,0.0011552801554376936,0.049941783100465736,ciciot2023,D_clean,DDoS-SYN_Flood,DDoS,near,11,13,edl:vacuity,with_normal,96192,19043,SAFE_FINAL_01
0.702188071523179,0.6977836094230045,0.7065925336233534,0.23154962625588368,0.4647397717181781,0.0011552801554376936,0.04970652574126616,ciciot2023,D_clean,DDoS-SYN_Flood,DDoS,near,11,13,edl:vacuity,attacks_only,92342,19043,SAFE_FINAL_01
0.5537387758288497,0.5491767956075054,0.5583007560501939,0.16327968189630507,0.5694964238190287,0.021477708344273486,0.05009772122421823,ciciot2023,D_clean,DDoS-SYN_Flood,DDoS,near,11,13,fusion_rank,with_normal,96192,19043,SAFE_FINAL_01
0.57147868089499,0.5668937201114306,0.5760636416785494,0.17426433852663176,0.5515475081761279,0.021687759281625793,0.04970652574126616,ciciot2023,D_clean,DDoS-SYN_Flood,DDoS,near,11,13,fusion_rank,attacks_only,92342,19043,SAFE_FINAL_01
0.6237252052241681,0.6191700432985539,0.6282803671497823,0.1870250589315787,0.4546324018629408,0.007876910150711548,0.05036801397205589,ciciot2023,D_clean,DDoS-SYN_Flood,DDoS,near,11,13,fusion_z,with_normal,96192,19043,SAFE_FINAL_01
0.6446184433833194,0.6400782954211272,0.6491585913455117,0.20168708581753644,0.43223018778020833,0.007509321010345009,0.050269649780165036,ciciot2023,D_clean,DDoS-SYN_Flood,DDoS,near,11,13,fusion_z,attacks_only,92342,19043,SAFE_FINAL_01
0.9379295967060886,0.9347928708622033,0.9410663225499738,0.5296734069142099,0.17639357676178788,0.499865507038465,0.04620026593024445,ciciot2023,D_clean,DDoS-SlowLoris,DDoS,near,11,42,rf:maxprob,with_normal,97770,11153,SAFE_FINAL_01
0.9413765166544443,0.9383199650242949,0.9444330682845937,0.549870128075699,0.1630004258943782,0.5405720433963956,0.048679727427597956,ciciot2023,D_clean,DDoS-SlowLoris,DDoS,near,11,42,rf:maxprob,attacks_only,93920,11153,SAFE_FINAL_01
0.7328151257302162,0.7273248020974877,0.7383054493629447,0.17640745243062816,0.5651119975452593,0.03227831076840312,0.050127851079063104,ciciot2023,D_clean,DDoS-SlowLoris,DDoS,near,11,42,mlp:maxprob,with_normal,97770,11153,SAFE_FINAL_01
0.7415003484139071,0.7360485721268577,0.7469521247009565,0.1881285213783921,0.5481473594548552,0.03541647987088676,0.05004258943781942,ciciot2023,D_clean,DDoS-SlowLoris,DDoS,near,11,42,mlp:maxprob,attacks_only,93920,11153,SAFE_FINAL_01
0.7926915224296027,0.7875790108102697,0.7978040340489357,0.21566112459519682,0.5606116395622379,0.027167578230072625,0.04996420169786233,ciciot2023,D_clean,DDoS-SlowLoris,DDoS,near,11,42,mlp:entropy,with_normal,97770,11153,SAFE_FINAL_01
0.803791944467314,0.7987654981621332,0.8088183907724947,0.23329510418444502,0.5433028109028961,0.028602169819779432,0.049936115843270866,ciciot2023,D_clean,DDoS-SlowLoris,DDoS,near,11,42,mlp:entropy,attacks_only,93920,11153,SAFE_FINAL_01
0.8569191747602487,0.8524367472473545,0.8614016022731429,0.3065786431341466,0.28846271862534517,0.16533668071370933,0.05011762299273806,ciciot2023,D_clean,DDoS-SlowLoris,DDoS,near,11,42,mlp:energy,with_normal,97770,11153,SAFE_FINAL_01
0.8662557431587685,0.8618873983736938,0.8706240879438433,0.32574132115393356,0.26044505962521297,0.16820586389312292,0.050585604770017036,ciciot2023,D_clean,DDoS-SlowLoris,DDoS,near,11,42,mlp:energy,attacks_only,93920,11153,SAFE_FINAL_01
0.9346149841730613,0.9314030908119848,0.9378268775341378,0.475644601164972,0.15602945688861614,0.42508742042499775,0.048358392144829704,ciciot2023,D_clean,DDoS-SlowLoris,DDoS,near,11,42,mlp:mahalanobis,with_normal,97770,11153,SAFE_FINAL_01
0.9335567003538059,0.9303203728446743,0.9367930278629375,0.48012154335372015,0.15730408858603068,0.41387967363041334,0.048211243611584326,ciciot2023,D_clean,DDoS-SlowLoris,DDoS,near,11,42,mlp:mahalanobis,attacks_only,93920,11153,SAFE_FINAL_01
0.6712886002159095,0.6655725274487286,0.6770046729830904,0.3170513039405398,0.6215914902321775,0.25652290863444815,0.049636902935460775,ciciot2023,D_clean,DDoS-SlowLoris,DDoS,near,11,42,edl:vacuity,with_normal,97770,11153,SAFE_FINAL_01
0.6828026252017968,0.6771102403737865,0.6884950100298071,0.3266062750927169,0.6060796422487224,0.25786783824979825,0.049744463373083476,ciciot2023,D_clean,DDoS-SlowLoris,DDoS,near,11,42,edl:vacuity,attacks_only,93920,11153,SAFE_FINAL_01
0.983359160787397,0.981684303760609,0.9850340178141851,0.8468039354657935,0.06581773550168764,0.9109656594638214,0.04850158535338038,ciciot2023,D_clean,DDoS-SlowLoris,DDoS,near,11,42,fusion_rank,with_normal,97770,11153,SAFE_FINAL_01
0.9835268819238864,0.9818601769135086,0.9851935869342642,0.8515274566018332,0.06469335604770017,0.913565856720165,0.04900979557069847,ciciot2023,D_clean,DDoS-SlowLoris,DDoS,near,11,42,fusion_rank,attacks_only,93920,11153,SAFE_FINAL_01
0.9594109587034847,0.9568365765164673,0.9619853408905021,0.5934063530859869,0.09763731205891378,0.6720164978032817,0.04827656745422931,ciciot2023,D_clean,DDoS-SlowLoris,DDoS,near,11,42,fusion_z,with_normal,97770,11153,SAFE_FINAL_01
0.959094365753036,0.9565100369434033,0.9616786945626686,0.5991693384705385,0.09738074957410563,0.6673540751367345,0.048551959114139696,ciciot2023,D_clean,DDoS-SlowLoris,DDoS,near,11,42,fusion_z,attacks_only,93920,11153,SAFE_FINAL_01
0.937860104778413,0.934721776514793,0.9409984330420329,0.5146069951093759,0.17373427431727523,0.5369855644221285,0.05032218471923903,ciciot2023,D_clean,DDoS-SlowLoris,DDoS,near,11,7,rf:maxprob,with_normal,97770,11153,SAFE_FINAL_01
0.9418461809115919,0.9388009067190034,0.9448914551041804,0.5372128310138145,0.1595293867120954,0.5369855644221285,0.04800894378194208,ciciot2023,D_clean,DDoS-SlowLoris,DDoS,near,11,7,rf:maxprob,attacks_only,93920,11153,SAFE_FINAL_01
0.6883426585179824,0.6826743731517048,0.69401094388426,0.1492984404464365,0.5781221233507211,0.022415493589168833,0.04954485015853534,ciciot2023,D_clean,DDoS-SlowLoris,DDoS,near,11,7,mlp:maxprob,with_normal,97770,11153,SAFE_FINAL_01
0.7008702829705944,0.6952372167857352,0.7065033491554535,0.16087541423252735,0.5608390119250426,0.024477718999372365,0.04936115843270869,ciciot2023,D_clean,DDoS-SlowLoris,DDoS,near,11,7,mlp:maxprob,attacks_only,93920,11153,SAFE_FINAL_01
0.7490270125933302,0.7436222128926201,0.7544318122940402,0.1829153040576301,0.5723023422317685,0.018918676589258495,0.049841464661961744,ciciot2023,D_clean,DDoS-SlowLoris,DDoS,near,11,7,mlp:entropy,with_normal,97770,11153,SAFE_FINAL_01
0.7647394710569773,0.7594238128150587,0.7700551292988959,0.20128799629316943,0.55478066439523,0.020622254102035328,0.04944633730834753,ciciot2023,D_clean,DDoS-SlowLoris,DDoS,near,11,7,mlp:entropy,attacks_only,93920,11153,SAFE_FINAL_01
0.9024766788764504,0.8986441634869157,0.9063091942659852,0.4634249025333986,0.23343561419658382,0.32816282614543174,0.04962667484913573,ciciot2023,D_clean,DDoS-SlowLoris,DDoS,near,11,7,mlp:energy,with_normal,97770,11153,SAFE_FINAL_01
0.9099262645775172,0.9062212811495295,0.913631248005505,0.48439141712422124,0.20530238500851788,0.3372186855554559,0.05015971039182283,ciciot2023,D_clean,DDoS-SlowLoris,DDoS,near,11,7,mlp:energy,attacks_only,93920,11153,SAFE_FINAL_01
0.9247723507965642,0.9213511886326087,0.9281935129605197,0.4883240007179719,0.17814257952337118,0.4019546310409755,0.04860386621663087,ciciot2023,D_clean,DDoS-SlowLoris,DDoS,near,11,7,mlp:mahalanobis,with_normal,97770,11153,SAFE_FINAL_01
0.9239216476922887,0.9204821278711914,0.9273611675133859,0.4935495878658922,0.1786839863713799,0.39594727875907826,0.04846678023850085,ciciot2023,D_clean,DDoS-SlowLoris,DDoS,near,11,7,mlp:mahalanobis,attacks_only,93920,11153,SAFE_FINAL_01
0.5998736707992885,0.5940689509477971,0.60567839065078,0.22306806752347305,0.6232279840441853,0.17161301891867659,0.05001534212948757,ciciot2023,D_clean,DDoS-SlowLoris,DDoS,near,11,7,edl:vacuity,with_normal,97770,11153,SAFE_FINAL_01
0.6135057601899613,0.6076955284555707,0.6193159919243518,0.2312269492029614,0.6077832197614992,0.17215099076481663,0.04991482112436116,ciciot2023,D_clean,DDoS-SlowLoris,DDoS,near,11,7,edl:vacuity,attacks_only,93920,11153,SAFE_FINAL_01
0.9824493288103787,0.980730317278832,0.9841683403419255,0.8344787429542686,0.06117418431011558,0.9091724199766879,0.04634345913879513,ciciot2023,D_clean,DDoS-SlowLoris,DDoS,near,11,7,fusion_rank,with_normal,97770,11153,SAFE_FINAL_01
0.9828003015513965,0.9810980388635807,0.9845025642392123,0.8414180647245064,0.059859454855195914,0.9115932932843182,0.04609241908006814,ciciot2023,D_clean,DDoS-SlowLoris,DDoS,near,11,7,fusion_rank,attacks_only,93920,11153,SAFE_FINAL_01
0.9539446926388527,0.9512126235824246,0.9566767616952808,0.6048916777856548,0.10888820701646722,0.5507935084730565,0.04772425079267669,ciciot2023,D_clean,DDoS-SlowLoris,DDoS,near,11,7,fusion_z,with_normal,97770,11153,SAFE_FINAL_01
0.9538546181110161,0.9511194749004901,0.9565897613215422,0.6118183599773882,0.10796422487223169,0.544606832242446,0.04751916524701874,ciciot2023,D_clean,DDoS-SlowLoris,DDoS,near,11,7,fusion_z,attacks_only,93920,11153,SAFE_FINAL_01
0.937770668403378,0.9346302795285903,0.9409110572781656,0.5150826919078603,0.17805052674644575,0.5294539585761678,0.04923800756878388,ciciot2023,D_clean,DDoS-SlowLoris,DDoS,near,11,13,rf:maxprob,with_normal,97770,11153,SAFE_FINAL_01
0.9413873029174051,0.9383310096369554,0.9444435961978549,0.5358776546354561,0.16357538330494037,0.5662153680624047,0.05114991482112436,ciciot2023,D_clean,DDoS-SlowLoris,DDoS,near,11,13,rf:maxprob,attacks_only,93920,11153,SAFE_FINAL_01
0.7131311676367025,0.7075522038576403,0.7187101314157647,0.17021310855357408,0.5674951416589956,0.0548731283062853,0.051723432545770685,ciciot2023,D_clean,DDoS-SlowLoris,DDoS,near,11,13,mlp:maxprob,with_normal,97770,11153,SAFE_FINAL_01
0.7216915199247389,0.7161427642156908,0.727240275633787,0.18088725412439627,0.5505536626916525,0.057742311485698916,0.051479982964224874,ciciot2023,D_clean,DDoS-SlowLoris,DDoS,near,11,13,mlp:maxprob,attacks_only,93920,11153,SAFE_FINAL_01
0.7756026723101712,0.7703643853737205,0.7808409592466219,0.20958095814591465,0.5657461388974123,0.05227293104994172,0.05099723841669224,ciciot2023,D_clean,DDoS-SlowLoris,DDoS,near,11,13,mlp:entropy,with_normal,97770,11153,SAFE_FINAL_01
0.7862842124585543,0.7811181169266397,0.7914503079904689,0.22556527192356976,0.5485093696763202,0.0548731283062853,0.05121379897785349,ciciot2023,D_clean,DDoS-SlowLoris,DDoS,near,11,13,mlp:entropy,attacks_only,93920,11153,SAFE_FINAL_01
0.903563582935781,0.8997494143717215,0.9073777514998405,0.4993946531482013,0.2564078960826429,0.40329956065632566,0.052142784085097676,ciciot2023,D_clean,DDoS-SlowLoris,DDoS,near,11,13,mlp:energy,with_normal,97770,11153,SAFE_FINAL_01
0.9096299275517499,0.9059196559440579,0.9133401991594419,0.5170443518174073,0.23166524701873936,0.4118174482202098,0.052118824531516186,ciciot2023,D_clean,DDoS-SlowLoris,DDoS,near,11,13,mlp:energy,attacks_only,93920,11153,SAFE_FINAL_01
0.9332052928792296,0.9299621886033885,0.9364483971550707,0.4919451659811115,0.16037639357676178,0.4454406886039631,0.04937097269100951,ciciot2023,D_clean,DDoS-SlowLoris,DDoS,near,11,13,mlp:mahalanobis,with_normal,97770,11153,SAFE_FINAL_01
0.9324479506129015,0.9291872730795595,0.9357086281462436,0.49695441152338526,0.16046635434412265,0.43889536447592575,0.04968057921635435,ciciot2023,D_clean,DDoS-SlowLoris,DDoS,near,11,13,mlp:mahalanobis,attacks_only,93920,11153,SAFE_FINAL_01
0.5951467469022577,0.5893421615572,0.6009513322473153,0.20996330695287405,0.6560499130612663,0.151887384560208,0.04961644676281068,ciciot2023,D_clean,DDoS-SlowLoris,DDoS,near,11,13,edl:vacuity,with_normal,97770,11153,SAFE_FINAL_01
0.6091620642668621,0.6033499015730949,0.6149742269606294,0.2183451784308179,0.6419505962521295,0.15332197614991483,0.049233390119250424,ciciot2023,D_clean,DDoS-SlowLoris,DDoS,near,11,13,edl:vacuity,attacks_only,93920,11153,SAFE_FINAL_01
0.982650420342434,0.9809410604730832,0.9843597802117848,0.8380958598297055,0.05950700623913266,0.9270151528736663,0.050158535338038254,ciciot2023,D_clean,DDoS-SlowLoris,DDoS,near,11,13,fusion_rank,with_normal,97770,11153,SAFE_FINAL_01
0.9829736836759149,0.9812798320148243,0.9846675353370055,0.8442424950169221,0.058187819420783646,0.9290773782838698,0.04991482112436116,ciciot2023,D_clean,DDoS-SlowLoris,DDoS,near,11,13,fusion_rank,attacks_only,93920,11153,SAFE_FINAL_01
0.9585328958797411,0.9559323668659426,0.9611334248935396,0.609333006859736,0.09971361358289864,0.6442212857527123,0.050076710647437864,ciciot2023,D_clean,DDoS-SlowLoris,DDoS,near,11,13,fusion_z,with_normal,97770,11153,SAFE_FINAL_01
0.9584341750510286,0.9558302346218097,0.9610381154802474,0.6157202584508773,0.09862649063032368,0.638482919393885,0.0499041737649063,ciciot2023,D_clean,DDoS-SlowLoris,DDoS,near,11,13,fusion_z,attacks_only,93920,11153,SAFE_FINAL_01
0.6583945700303143,0.6538976269568245,0.6628915131038041,0.21244946312091567,1.0,0.0010979818048729478,0.0516662334286457,ciciot2023,D_clean,DDoS-SynonymousIP_Flood,DDoS,near,11,42,rf:maxprob,with_normal,96175,19126,SAFE_FINAL_01
0.6762689529741895,0.671800333245087,0.680737572703292,0.23076182013220875,1.0,0.0010979818048729478,0.04989981045220688,ciciot2023,D_clean,DDoS-SynonymousIP_Flood,DDoS,near,11,42,rf:maxprob,attacks_only,92325,19126,SAFE_FINAL_01
0.5487674415905401,0.5442178770079851,0.5533170061730952,0.16083984391421063,0.6207434364439823,0.00026142423925546376,0.05147907460358721,ciciot2023,D_clean,DDoS-SynonymousIP_Flood,DDoS,near,11,42,mlp:maxprob,with_normal,96175,19126,SAFE_FINAL_01
0.5626304242202557,0.5580574625720927,0.5672033858684187,0.17054215222442654,0.6049282426211752,0.00026142423925546376,0.05105875981586786,ciciot2023,D_clean,DDoS-SynonymousIP_Flood,DDoS,near,11,42,mlp:maxprob,attacks_only,92325,19126,SAFE_FINAL_01
0.5284823922654196,0.5239552318648306,0.5330095526660086,0.15565114426215168,0.6219183779568495,0.0003137090871065565,0.05187418767871069,ciciot2023,D_clean,DDoS-SynonymousIP_Flood,DDoS,near,11,42,mlp:entropy,with_normal,96175,19126,SAFE_FINAL_01
0.5468172456126953,0.5422552848832752,0.5513792063421153,0.1660037803453552,0.6061521797996209,0.0003137090871065565,0.05131871107500677,ciciot2023,D_clean,DDoS-SynonymousIP_Flood,DDoS,near,11,42,mlp:entropy,attacks_only,92325,19126,SAFE_FINAL_01
0.43558190072804914,0.4312776916157562,0.4398861098403421,0.13480921006854305,0.716911879386535,0.0005751333263620203,0.05109435924096699,ciciot2023,D_clean,DDoS-SynonymousIP_Flood,DDoS,near,11,42,mlp:energy,with_normal,96175,19126,SAFE_FINAL_01
0.45334437247266895,0.44896579938764125,0.45772294555769666,0.14295954491912263,0.7051069591118332,0.0005751333263620203,0.05099377200108313,ciciot2023,D_clean,DDoS-SynonymousIP_Flood,DDoS,near,11,42,mlp:energy,attacks_only,92325,19126,SAFE_FINAL_01
0.48435617509332507,0.4799105605507504,0.48880178963589976,0.14706123046228423,0.9216636340005199,0.012077799853602427,0.0495347023654796,ciciot2023,D_clean,DDoS-SynonymousIP_Flood,DDoS,near,11,42,mlp:mahalanobis,with_normal,96175,19126,SAFE_FINAL_01
0.4919524719548352,0.4874739670956349,0.49643097681403553,0.15400700063786732,0.9183969672353101,0.01139809683153822,0.04944489574871378,ciciot2023,D_clean,DDoS-SynonymousIP_Flood,DDoS,near,11,42,mlp:mahalanobis,attacks_only,92325,19126,SAFE_FINAL_01
0.5157373129872109,0.5112291224157292,0.5202455035586927,0.15280126559367524,0.6158877047049649,0.0006797030220642057,0.0501273719781648,ciciot2023,D_clean,DDoS-SynonymousIP_Flood,DDoS,near,11,42,edl:vacuity,with_normal,96175,19126,SAFE_FINAL_01
0.5325180065589805,0.5279710738361459,0.5370649392818151,0.16248914585494584,0.5998700243704306,0.0006797030220642057,0.04999729217438397,ciciot2023,D_clean,DDoS-SynonymousIP_Flood,DDoS,near,11,42,edl:vacuity,attacks_only,92325,19126,SAFE_FINAL_01
0.5377652113230686,0.5332266045740517,0.5423038180720856,0.16501753950672474,0.9206134650376917,0.020234236118372894,0.0502313491031973,ciciot2023,D_clean,DDoS-SynonymousIP_Flood,DDoS,near,11,42,fusion_rank,with_normal,96175,19126,SAFE_FINAL_01
0.5498678412338103,0.5453032966045984,0.5544323858630221,0.17484545661054093,0.9173030056864337,0.02070479974903273,0.050387219063092334,ciciot2023,D_clean,DDoS-SynonymousIP_Flood,DDoS,near,11,42,fusion_rank,attacks_only,92325,19126,SAFE_FINAL_01
0.5937493395079559,0.589184997250372,0.5983136817655399,0.18541109944754736,0.9235560176761113,0.022482484575969883,0.04913958929035612,ciciot2023,D_clean,DDoS-SynonymousIP_Flood,DDoS,near,11,42,fusion_z,with_normal,96175,19126,SAFE_FINAL_01
0.6070659003432395,0.6024943935464374,0.6116374071400416,0.19748708176714685,0.9203682642837802,0.021959636097458955,0.049130787977254266,ciciot2023,D_clean,DDoS-SynonymousIP_Flood,DDoS,near,11,42,fusion_z,attacks_only,92325,19126,SAFE_FINAL_01
0.7208721919931144,0.7165496793500478,0.725194704636181,0.24583167592163166,0.3909020015596569,0.001045696957021855,0.051104756953470235,ciciot2023,D_clean,DDoS-SynonymousIP_Flood,DDoS,near,11,7,rf:maxprob,with_normal,96175,19126,SAFE_FINAL_01
0.742826665266741,0.7385863093367343,0.7470670211967477,0.26813511291160186,0.3664662875710804,0.001045696957021855,0.04884917411318711,ciciot2023,D_clean,DDoS-SynonymousIP_Flood,DDoS,near,11,7,rf:maxprob,attacks_only,92325,19126,SAFE_FINAL_01
0.5571998945550394,0.5526438624526351,0.5617559266574437,0.16336721848212718,0.6178320769430725,0.00015685454355327826,0.0501689628281778,ciciot2023,D_clean,DDoS-SynonymousIP_Flood,DDoS,near,11,7,mlp:maxprob,with_normal,96175,19126,SAFE_FINAL_01
0.5723030599109037,0.5677263129847051,0.5768798068371023,0.17366598376774628,0.6019171405361494,0.00015685454355327826,0.050257243433522884,ciciot2023,D_clean,DDoS-SynonymousIP_Flood,DDoS,near,11,7,mlp:maxprob,attacks_only,92325,19126,SAFE_FINAL_01
0.5366554800378299,0.5321181359889701,0.5411928240866898,0.15797096718606038,0.6209929815440604,0.00026142423925546376,0.0501897582531843,ciciot2023,D_clean,DDoS-SynonymousIP_Flood,DDoS,near,11,7,mlp:entropy,with_normal,96175,19126,SAFE_FINAL_01
0.5559782058971928,0.5514091481125155,0.5605472636818701,0.16880521360129708,0.6052098564852424,0.00026142423925546376,0.05061467641483888,ciciot2023,D_clean,DDoS-SynonymousIP_Flood,DDoS,near,11,7,mlp:entropy,attacks_only,92325,19126,SAFE_FINAL_01
0.4495433226377951,0.44519319091459786,0.4538934543609924,0.13756421813299227,0.6821627242006758,0.00047056363065983475,0.050564075903301274,ciciot2023,D_clean,DDoS-SynonymousIP_Flood,DDoS,near,11,7,mlp:energy,with_normal,96175,19126,SAFE_FINAL_01
0.468170530945905,0.46374960527142983,0.47259145662038016,0.1460852546662654,0.6689087462767398,0.00047056363065983475,0.050268074735987,ciciot2023,D_clean,DDoS-SynonymousIP_Flood,DDoS,near,11,7,mlp:energy,attacks_only,92325,19126,SAFE_FINAL_01
0.47465643635990795,0.4702346861271624,0.4790781865926535,0.14379127890022536,0.9269560696646738,0.011920945310049148,0.04991941772809982,ciciot2023,D_clean,DDoS-SynonymousIP_Flood,DDoS,near,11,7,mlp:mahalanobis,with_normal,96175,19126,SAFE_FINAL_01
0.4837302918474231,0.47927024562052034,0.4881903380743259,0.15105244655359265,0.9239101001895478,0.011450381679389313,0.04922826969943136,ciciot2023,D_clean,DDoS-SynonymousIP_Flood,DDoS,near,11,7,mlp:mahalanobis,attacks_only,92325,19126,SAFE_FINAL_01
0.5403334936082963,0.5357920749541843,0.5448749122624083,0.15849232292258733,0.6008526124252664,0.0008365575656174841,0.04997140629061606,ciciot2023,D_clean,DDoS-SynonymousIP_Flood,DDoS,near,11,7,edl:vacuity,with_normal,96175,19126,SAFE_FINAL_01
0.5563907003590056,0.5518213698348634,0.5609600308831478,0.1686551642083596,0.5842079610073111,0.0008365575656174841,0.04989981045220688,ciciot2023,D_clean,DDoS-SynonymousIP_Flood,DDoS,near,11,7,edl:vacuity,attacks_only,92325,19126,SAFE_FINAL_01
0.5351838329542196,0.5306482077460207,0.5397194581624184,0.15958957078933642,0.8512607226410189,0.010143260483111994,0.04971146347803483,ciciot2023,D_clean,DDoS-SynonymousIP_Flood,DDoS,near,11,7,fusion_rank,with_normal,96175,19126,SAFE_FINAL_01
0.549666987567929,0.5451026063039559,0.554231368831902,0.16975541194205485,0.8450582182507447,0.010770678657325106,0.04942323314378554,ciciot2023,D_clean,DDoS-SynonymousIP_Flood,DDoS,near,11,7,fusion_rank,attacks_only,92325,19126,SAFE_FINAL_01
0.6524583710270345,0.6479506561360103,0.6569660859180587,0.1992723004217626,0.5455263841954769,0.02127993307539475,0.05027293995321029,ciciot2023,D_clean,DDoS-SynonymousIP_Flood,DDoS,near,11,7,fusion_z,with_normal,96175,19126,SAFE_FINAL_01
0.6698035423387917,0.6653198135895635,0.6742872710880199,0.21388437351947662,0.526607094503114,0.020757084596883822,0.05018142431627403,ciciot2023,D_clean,DDoS-SynonymousIP_Flood,DDoS,near,11,7,fusion_z,attacks_only,92325,19126,SAFE_FINAL_01
0.7435636971745334,0.7393343195167099,0.7477930748323569,0.25936484379566116,0.3929607486353002,0.0010979818048729478,0.04905640759033013,ciciot2023,D_clean,DDoS-SynonymousIP_Flood,DDoS,near,11,13,rf:maxprob,with_normal,96175,19126,SAFE_FINAL_01
0.763891088495779,0.7597531550247416,0.7680290219668164,0.28264975489782984,0.36862171676144057,0.0010979818048729478,0.04743027349038722,ciciot2023,D_clean,DDoS-SynonymousIP_Flood,DDoS,near,11,13,rf:maxprob,attacks_only,92325,19126,SAFE_FINAL_01
0.5534184189611089,0.5488650789975825,0.5579717589246352,0.16236203441646466,0.6244970106576553,0.00026142423925546376,0.050387314790746034,ciciot2023,D_clean,DDoS-SynonymousIP_Flood,DDoS,near,11,13,mlp:maxprob,with_normal,96175,19126,SAFE_FINAL_01
0.5672006522566625,0.5626256217809408,0.5717756827323842,0.1721454626333786,0.608838342810723,0.00026142423925546376,0.05046303818034119,ciciot2023,D_clean,DDoS-SynonymousIP_Flood,DDoS,near,11,13,mlp:maxprob,attacks_only,92325,19126,SAFE_FINAL_01
0.533364534444271,0.5288311039209126,0.5378979649676294,0.15739738543853452,0.6282297894463218,0.00020913939140437102,0.04977384975305433,ciciot2023,D_clean,DDoS-SynonymousIP_Flood,DDoS,near,11,13,mlp:entropy,with_normal,96175,19126,SAFE_FINAL_01
0.5514166404676115,0.546850868166619,0.555982412768604,0.16779618175199662,0.6127267803953426,0.00020913939140437102,0.050365556458164096,ciciot2023,D_clean,DDoS-SynonymousIP_Flood,DDoS,near,11,13,mlp:entropy,attacks_only,92325,19126,SAFE_FINAL_01
0.37152640713720375,0.3674886012816736,0.3755642129927339,0.12555303386020233,0.7082609825838315,0.0005751333263620203,0.04932674811541461,ciciot2023,D_clean,DDoS-SynonymousIP_Flood,DDoS,near,11,13,mlp:energy,with_normal,96175,19126,SAFE_FINAL_01
0.38696947337902743,0.3828408434414428,0.39109810331661204,0.13237680172829586,0.6960953154616842,0.0005751333263620203,0.04898998104522069,ciciot2023,D_clean,DDoS-SynonymousIP_Flood,DDoS,near,11,13,mlp:energy,attacks_only,92325,19126,SAFE_FINAL_01
0.4786857038058341,0.47425378250222994,0.48311762510943823,0.14442014844258266,0.909155185859111,0.009568127156749973,0.04693527423966727,ciciot2023,D_clean,DDoS-SynonymousIP_Flood,DDoS,near,11,13,mlp:mahalanobis,with_normal,96175,19126,SAFE_FINAL_01
0.48823682156374937,0.4837664681741847,0.492707174953314,0.15186907366910385,0.9053669103709721,0.009463557461047788,0.047397779582994855,ciciot2023,D_clean,DDoS-SynonymousIP_Flood,DDoS,near,11,13,mlp:mahalanobis,attacks_only,92325,19126,SAFE_FINAL_01
0.5477596020164908,0.5432109228517621,0.5523082811812194,0.16057930303289883,0.5996152846373798,0.0009411272613196695,0.04886924876527164,ciciot2023,D_clean,DDoS-SynonymousIP_Flood,DDoS,near,11,13,edl:vacuity,with_normal,96175,19126,SAFE_FINAL_01
0.564010344669702,0.5594367055931234,0.5685839837462806,0.17103867521571003,0.5829190360140807,0.0009411272613196695,0.048914161927971836,ciciot2023,D_clean,DDoS-SynonymousIP_Flood,DDoS,near,11,13,edl:vacuity,attacks_only,92325,19126,SAFE_FINAL_01
0.557033865223498,0.5524779441989176,0.5615897862480783,0.16655056374097754,0.8079958409149987,0.011607236222942591,0.049264361840395114,ciciot2023,D_clean,DDoS-SynonymousIP_Flood,DDoS,near,11,13,fusion_rank,with_normal,96175,19126,SAFE_FINAL_01
0.5713850789945758,0.5668085945633697,0.5759615634257819,0.17724351643616457,0.7999891686975359,0.011920945310049148,0.049520714865962635,ciciot2023,D_clean,DDoS-SynonymousIP_Flood,DDoS,near,11,13,fusion_rank,attacks_only,92325,19126,SAFE_FINAL_01
0.6556248968947421,0.651122808476968,0.6601269853125162,0.20049417613156836,0.5316142448661294,0.015110321028965805,0.0479958409149987,ciciot2023,D_clean,DDoS-SynonymousIP_Flood,DDoS,near,11,13,fusion_z,with_normal,96175,19126,SAFE_FINAL_01
0.6727811730601847,0.6683042559842178,0.6772580901361516,0.2151150334533904,0.5121906309233686,0.015005751333263621,0.04817763336041159,ciciot2023,D_clean,DDoS-SynonymousIP_Flood,DDoS,near,11,13,fusion_z,attacks_only,92325,19126,SAFE_FINAL_01
0.8506635500348869,0.8471439037729822,0.8541831962967916,0.3840357730367412,0.17413049129191577,0.004391927219491791,0.05058487132830777,ciciot2023,D_clean,DDoS-TCP_Flood,DDoS,near,11,42,rf:maxprob,with_normal,96175,19126,SAFE_FINAL_01
0.8609166673533211,0.8574910365284064,0.8643422981782357,0.40867015333477885,0.1613214189006228,0.004391927219491791,0.048816680205794744,ciciot2023,D_clean,DDoS-TCP_Flood,DDoS,near,11,42,rf:maxprob,attacks_only,92325,19126,SAFE_FINAL_01
0.19486630232993624,0.1920494416166049,0.19768316304326758,0.10908816354480119,0.8663374057707305,0.00010456969570218551,0.05101117754094099,ciciot2023,D_clean,DDoS-TCP_Flood,DDoS,near,11,42,mlp:maxprob,with_normal,96175,19126,SAFE_FINAL_01
0.20296464827899316,0.20005470277795032,0.205874593780036,0.11379534772591338,0.8607636068237206,0.00015685454355327826,0.05015976171134579,ciciot2023,D_clean,DDoS-TCP_Flood,DDoS,near,11,42,mlp:maxprob,attacks_only,92325,19126,SAFE_FINAL_01
0.19442459145446228,0.19161173294602898,0.19723744996289558,0.10336797943624886,0.8665141668832856,0.00015685454355327826,0.05083441642838576,ciciot2023,D_clean,DDoS-TCP_Flood,DDoS,near,11,42,mlp:entropy,with_normal,96175,19126,SAFE_FINAL_01
0.2025021421497168,0.19959628935845075,0.20540799494098283,0.10789903942160452,0.8609477389656106,0.00015685454355327826,0.05058218250744652,ciciot2023,D_clean,DDoS-TCP_Flood,DDoS,near,11,42,mlp:entropy,attacks_only,92325,19126,SAFE_FINAL_01
0.2127840728746671,0.2098091241773967,0.21575902157193752,0.1046134741356828,0.8609097998440343,0.0003137090871065565,0.050220951390694046,ciciot2023,D_clean,DDoS-TCP_Flood,DDoS,near,11,42,mlp:energy,with_normal,96175,19126,SAFE_FINAL_01
0.22157214265571745,0.21850209922393377,0.22464218608750114,0.10926701070581663,0.8551096669374493,0.0003137090871065565,0.05022474952613052,ciciot2023,D_clean,DDoS-TCP_Flood,DDoS,near,11,42,mlp:energy,attacks_only,92325,19126,SAFE_FINAL_01
0.47662915576538234,0.4722023800632758,0.4810559314674889,0.1467262695590119,0.7310319729659475,0.022116490641012235,0.04682089940213153,ciciot2023,D_clean,DDoS-TCP_Flood,DDoS,near,11,42,mlp:mahalanobis,with_normal,96175,19126,SAFE_FINAL_01
0.4877660059238039,0.48329670780881545,0.4922353040387924,0.15422191711620425,0.7198158678581099,0.022116490641012235,0.04678039534253994,ciciot2023,D_clean,DDoS-TCP_Flood,DDoS,near,11,42,mlp:mahalanobis,attacks_only,92325,19126,SAFE_FINAL_01
0.1736120452329307,0.17099363879461785,0.17623045167124354,0.10153629799017178,0.8872368079022614,0.0003659939349576493,0.04885885105276839,ciciot2023,D_clean,DDoS-TCP_Flood,DDoS,near,11,42,edl:vacuity,with_normal,96175,19126,SAFE_FINAL_01
0.18083031962790744,0.17812256062996773,0.18353807862584715,0.10589775474948152,0.8825345247766044,0.0003659939349576493,0.0484375846195505,ciciot2023,D_clean,DDoS-TCP_Flood,DDoS,near,11,42,edl:vacuity,attacks_only,92325,19126,SAFE_FINAL_01
0.6335146679316872,0.6289789129947224,0.638050422868652,0.2036188844323466,0.506275019495711,0.02964550873156959,0.05035612165323629,ciciot2023,D_clean,DDoS-TCP_Flood,DDoS,near,11,42,fusion_rank,with_normal,96175,19126,SAFE_FINAL_01
0.6494183217942812,0.6448945665289166,0.6539420770596457,0.21677896819087233,0.485978878960195,0.030272926905782704,0.050387219063092334,ciciot2023,D_clean,DDoS-TCP_Flood,DDoS,near,11,42,fusion_rank,attacks_only,92325,19126,SAFE_FINAL_01
0.670474603168606,0.666002575042084,0.6749466312951279,0.21286989558139044,0.42593189498310374,0.02426016940290704,0.0486716922277099,ciciot2023,D_clean,DDoS-TCP_Flood,DDoS,near,11,42,fusion_z,with_normal,96175,19126,SAFE_FINAL_01
0.6888536343943858,0.6844178518239422,0.6932894169648295,0.2285200071201646,0.40240454914703494,0.024155599707204854,0.04848090982940698,ciciot2023,D_clean,DDoS-TCP_Flood,DDoS,near,11,42,fusion_z,attacks_only,92325,19126,SAFE_FINAL_01
0.843097670243175,0.8395100679475624,0.8466852725387874,0.3674712575267095,0.18281258123212893,0.01746313918226498,0.05096958669092799,ciciot2023,D_clean,DDoS-TCP_Flood,DDoS,near,11,7,rf:maxprob,with_normal,96175,19126,SAFE_FINAL_01
0.8552327542188265,0.8517520374754038,0.8587134709622491,0.3938827617920608,0.16805848903330625,0.017724563421520442,0.05264012997562957,ciciot2023,D_clean,DDoS-TCP_Flood,DDoS,near,11,7,rf:maxprob,attacks_only,92325,19126,SAFE_FINAL_01
0.19246794484884977,0.18967287643421313,0.1952630132634864,0.10544036506476241,0.8788666493371459,0.00010456969570218551,0.05011697426566156,ciciot2023,D_clean,DDoS-TCP_Flood,DDoS,near,11,7,mlp:maxprob,with_normal,96175,19126,SAFE_FINAL_01
0.2004265041959971,0.19753908722357763,0.2033139211684166,0.10999815845355015,0.8738153262929867,0.00010456969570218551,0.049878147847278634,ciciot2023,D_clean,DDoS-TCP_Flood,DDoS,near,11,7,mlp:maxprob,attacks_only,92325,19126,SAFE_FINAL_01
0.1949421530065853,0.19212460554774263,0.19775970046542796,0.10296496741398357,0.8744476215232648,0.0003137090871065565,0.050220951390694046,ciciot2023,D_clean,DDoS-TCP_Flood,DDoS,near,11,7,mlp:entropy,with_normal,96175,19126,SAFE_FINAL_01
0.20302091883774792,0.20011047577850485,0.205931361896991,0.10746239462323157,0.8692120227457352,0.0003137090871065565,0.04978066612510154,ciciot2023,D_clean,DDoS-TCP_Flood,DDoS,near,11,7,mlp:entropy,attacks_only,92325,19126,SAFE_FINAL_01
0.22828312107841553,0.22517800448023045,0.2313882376766006,0.10699445150314375,0.8357265401611645,0.00047056363065983475,0.049222770990382116,ciciot2023,D_clean,DDoS-TCP_Flood,DDoS,near,11,7,mlp:energy,with_normal,96175,19126,SAFE_FINAL_01
0.23767935040727392,0.2344777738406613,0.24088092697388655,0.11185724488441348,0.8288762523693474,0.00047056363065983475,0.04932575142160845,ciciot2023,D_clean,DDoS-TCP_Flood,DDoS,near,11,7,mlp:energy,attacks_only,92325,19126,SAFE_FINAL_01
0.4432948989641185,0.4389647816442778,0.4476250162839592,0.13833876432595543,0.7841746815700545,0.02201192094531005,0.05009617884065506,ciciot2023,D_clean,DDoS-TCP_Flood,DDoS,near,11,7,mlp:mahalanobis,with_normal,96175,19126,SAFE_FINAL_01
0.4543781638314631,0.4499964774128539,0.4587598502500723,0.14540909158377405,0.7751746547522339,0.021959636097458955,0.050148930408881666,ciciot2023,D_clean,DDoS-TCP_Flood,DDoS,near,11,7,mlp:mahalanobis,attacks_only,92325,19126,SAFE_FINAL_01
0.1476924189090823,0.1453328875395033,0.1500519502786613,0.09895959686064013,0.8977177021055368,0.00020913939140437102,0.05107356381596049,ciciot2023,D_clean,DDoS-TCP_Flood,DDoS,near,11,7,edl:vacuity,with_normal,96175,19126,SAFE_FINAL_01
0.1538323488123383,0.15138933187737832,0.15627536574729825,0.10309175493951837,0.8934524776604387,0.00020913939140437102,0.05063633901976713,ciciot2023,D_clean,DDoS-TCP_Flood,DDoS,near,11,7,edl:vacuity,attacks_only,92325,19126,SAFE_FINAL_01
0.6027263322993338,0.5981649493962932,0.6072877152023745,0.19218383173645298,0.5540213153106317,0.02755411481752588,0.04885885105276839,ciciot2023,D_clean,DDoS-TCP_Flood,DDoS,near,11,7,fusion_rank,with_normal,96175,19126,SAFE_FINAL_01
0.6192976829671653,0.6147351959392776,0.6238601699950529,0.2044943713786819,0.5354887625236935,0.027710969361079158,0.04890333062550772,ciciot2023,D_clean,DDoS-TCP_Flood,DDoS,near,11,7,fusion_rank,attacks_only,92325,19126,SAFE_FINAL_01
0.655414585409426,0.650912114842356,0.659917055976496,0.20429544839639374,0.44423186898882244,0.02274390881522535,0.04959708864049909,ciciot2023,D_clean,DDoS-TCP_Flood,DDoS,near,11,7,fusion_z,with_normal,96175,19126,SAFE_FINAL_01
0.674710240148143,0.6702378696387227,0.6791826106575632,0.21971082878837062,0.421337665854319,0.022691623967374255,0.04900081234768481,ciciot2023,D_clean,DDoS-TCP_Flood,DDoS,near,11,7,fusion_z,attacks_only,92325,19126,SAFE_FINAL_01
0.8224847839132612,0.8187279167788615,0.8262416510476609,0.35619435834523716,0.20146607746295814,0.012443793788560075,0.04612425266441383,ciciot2023,D_clean,DDoS-TCP_Flood,DDoS,near,11,13,rf:maxprob,with_normal,96175,19126,SAFE_FINAL_01
0.8364105266940269,0.8327611562646733,0.8400598971233806,0.3825459542637558,0.18486867045762254,0.0173062846387117,0.04815597075548335,ciciot2023,D_clean,DDoS-TCP_Flood,DDoS,near,11,13,rf:maxprob,attacks_only,92325,19126,SAFE_FINAL_01
0.2678965701058263,0.26448556360447967,0.2713075766071729,0.11449033633712137,0.766259422926956,0.00015685454355327826,0.050241746815700546,ciciot2023,D_clean,DDoS-TCP_Flood,DDoS,near,11,13,mlp:maxprob,with_normal,96175,19126,SAFE_FINAL_01
0.27903627911517787,0.2755259662956356,0.28254659193472015,0.11998636293707643,0.7565123206065529,0.00015685454355327826,0.05030056864337937,ciciot2023,D_clean,DDoS-TCP_Flood,DDoS,near,11,13,mlp:maxprob,attacks_only,92325,19126,SAFE_FINAL_01
0.2660170851715143,0.262619739290863,0.26941443105216556,0.11303772571545337,0.7676527164023915,0.00015685454355327826,0.05083441642838576,ciciot2023,D_clean,DDoS-TCP_Flood,DDoS,near,11,13,mlp:entropy,with_normal,96175,19126,SAFE_FINAL_01
0.27707754430486053,0.2735809314927109,0.28057415711701017,0.11846324480680283,0.7579637151367452,0.00015685454355327826,0.050874627673977796,ciciot2023,D_clean,DDoS-TCP_Flood,DDoS,near,11,13,mlp:entropy,attacks_only,92325,19126,SAFE_FINAL_01
0.2639481431621381,0.2605659319123512,0.267330354411925,0.11080799250326148,0.8018819859630881,0.00047056363065983475,0.0487340785027294,ciciot2023,D_clean,DDoS-TCP_Flood,DDoS,near,11,13,mlp:energy,with_normal,96175,19126,SAFE_FINAL_01
0.27483567423059796,0.271354852962823,0.2783164954983729,0.11604351371607577,0.7936203628486326,0.00047056363065983475,0.048816680205794744,ciciot2023,D_clean,DDoS-TCP_Flood,DDoS,near,11,13,mlp:energy,attacks_only,92325,19126,SAFE_FINAL_01
0.4285466929786166,0.42426727281385407,0.4328261131433791,0.13510007371642882,0.81196776709124,0.022377914880267698,0.04775669352742397,ciciot2023,D_clean,DDoS-TCP_Flood,DDoS,near,11,13,mlp:mahalanobis,with_normal,96175,19126,SAFE_FINAL_01
0.43927140038077184,0.43493759208714017,0.4436052086744035,0.1419160091156514,0.8041267262388302,0.02222106033671442,0.04771188735445437,ciciot2023,D_clean,DDoS-TCP_Flood,DDoS,near,11,13,mlp:mahalanobis,attacks_only,92325,19126,SAFE_FINAL_01
0.17796463201184728,0.17530459594113848,0.1806246680825561,0.10189706695521838,0.8794593189498311,0.0005751333263620203,0.05159344944112295,ciciot2023,D_clean,DDoS-TCP_Flood,DDoS,near,11,13,edl:vacuity,with_normal,96175,19126,SAFE_FINAL_01
0.1853564168742133,0.1826062518293385,0.1881065819190881,0.10629066266605415,0.8744327105334416,0.0005751333263620203,0.05125372326022204,ciciot2023,D_clean,DDoS-TCP_Flood,DDoS,near,11,13,edl:vacuity,attacks_only,92325,19126,SAFE_FINAL_01
0.5831909536421908,0.5786256799601247,0.5877562273242568,0.18232088444526504,0.5759188978424746,0.02661298755620621,0.04956589550298934,ciciot2023,D_clean,DDoS-TCP_Flood,DDoS,near,11,13,fusion_rank,with_normal,96175,19126,SAFE_FINAL_01
0.5998762436198115,0.5953011991836008,0.6044512880560222,0.19401077774180175,0.5582344976983482,0.026822126947610582,0.04941240184132142,ciciot2023,D_clean,DDoS-TCP_Flood,DDoS,near,11,13,fusion_rank,attacks_only,92325,19126,SAFE_FINAL_01
0.6426815241711343,0.6381581445656862,0.6472049037765825,0.1985753445944792,0.46372757993241487,0.02373732092439611,0.04847413569014817,ciciot2023,D_clean,DDoS-TCP_Flood,DDoS,near,11,13,fusion_z,with_normal,96175,19126,SAFE_FINAL_01
0.6619577480099124,0.6574572590783804,0.6664582369414443,0.21337095664597888,0.4415488762523693,0.02373732092439611,0.04869753587868941,ciciot2023,D_clean,DDoS-TCP_Flood,DDoS,near,11,13,fusion_z,attacks_only,92325,19126,SAFE_FINAL_01
0.7185189231148057,0.7141779742072748,0.7228598720223366,0.3138633310511196,0.298833607085681,0.0008932793862645158,0.04658294696134894,ciciot2023,D_clean,DDoS-UDP_Flood,DDoS,near,11,42,rf:maxprob,with_normal,96194,19031,SAFE_FINAL_01
0.7417422524568392,0.7374874604817481,0.7459970444319304,0.339754131228845,0.27465780126483585,0.0010509169250170773,0.049099021051719656,ciciot2023,D_clean,DDoS-UDP_Flood,DDoS,near,11,42,rf:maxprob,attacks_only,92344,19031,SAFE_FINAL_01
0.2189556115224724,0.21592312448398499,0.2219880985609598,0.10763799093986769,0.8300725616982348,0.00042036677000683095,0.0522485809925775,ciciot2023,D_clean,DDoS-UDP_Flood,DDoS,near,11,42,mlp:maxprob,with_normal,96194,19031,SAFE_FINAL_01
0.22802670373487893,0.2248980386761508,0.23115536879360707,0.11251912279263031,0.8229879580698258,0.00042036677000683095,0.052531837477258946,ciciot2023,D_clean,DDoS-UDP_Flood,DDoS,near,11,42,mlp:maxprob,attacks_only,92344,19031,SAFE_FINAL_01
0.21801631751238978,0.21499178732260202,0.22104084770217755,0.10660457437167355,0.8298750441815498,0.0002627292312542693,0.05150009356092895,ciciot2023,D_clean,DDoS-UDP_Flood,DDoS,near,11,42,mlp:entropy,with_normal,96194,19031,SAFE_FINAL_01
0.22704282765973471,0.22392226880236737,0.23016338651710205,0.11144189145699995,0.8227822056657714,0.0003678209237559771,0.05154639175257732,ciciot2023,D_clean,DDoS-UDP_Flood,DDoS,near,11,42,mlp:entropy,attacks_only,92344,19031,SAFE_FINAL_01
0.19149021249026968,0.18869969559173544,0.19428072938880392,0.10359597505551756,0.8444705490986963,0.0008407335400136619,0.05038775807222904,ciciot2023,D_clean,DDoS-UDP_Flood,DDoS,near,11,42,mlp:energy,with_normal,96194,19031,SAFE_FINAL_01
0.19938725013165257,0.19650459263186942,0.2022699076314357,0.10815308234286923,0.8379862254180023,0.0008932793862645158,0.05046348436281729,ciciot2023,D_clean,DDoS-UDP_Flood,DDoS,near,11,42,mlp:energy,attacks_only,92344,19031,SAFE_FINAL_01
0.24342455190785894,0.24019252362009205,0.24665658019562584,0.10514269303032932,0.9107844564110028,0.0013136461562713467,0.049368983512485184,ciciot2023,D_clean,DDoS-UDP_Flood,DDoS,near,11,42,mlp:mahalanobis,with_normal,96194,19031,SAFE_FINAL_01
0.2525468916596377,0.24922393737635218,0.25586984594292317,0.10992321207174732,0.9070648878107944,0.0013136461562713467,0.04966213289439487,ciciot2023,D_clean,DDoS-UDP_Flood,DDoS,near,11,42,mlp:mahalanobis,attacks_only,92344,19031,SAFE_FINAL_01
0.15691589917078214,0.15445848521110722,0.15937331313045705,0.09977028719450615,0.8862714930245129,0.001156008617518785,0.05150009356092895,ciciot2023,D_clean,DDoS-UDP_Flood,DDoS,near,11,42,edl:vacuity,with_normal,96194,19031,SAFE_FINAL_01
0.16339786206870588,0.1608550071113005,0.16594071702611127,0.10398618779027381,0.8815299315602529,0.001156008617518785,0.05138395564411331,ciciot2023,D_clean,DDoS-UDP_Flood,DDoS,near,11,42,edl:vacuity,attacks_only,92344,19031,SAFE_FINAL_01
0.37053421418439664,0.3664935117130732,0.37457491665572007,0.12363070746190716,0.7601409651329605,0.002364563081288424,0.05087635403455517,ciciot2023,D_clean,DDoS-UDP_Flood,DDoS,near,11,42,fusion_rank,with_normal,96194,19031,SAFE_FINAL_01
0.38528428373722723,0.3811553692154865,0.389413198258968,0.13032306476908953,0.7501407779606688,0.002364563081288424,0.05122151953564931,ciciot2023,D_clean,DDoS-UDP_Flood,DDoS,near,11,42,fusion_rank,attacks_only,92344,19031,SAFE_FINAL_01
0.5483056132098891,0.5437468627755965,0.5528643636441818,0.16449257225424915,0.5136806869451317,0.0018391046187798854,0.050200636214316904,ciciot2023,D_clean,DDoS-UDP_Flood,DDoS,near,11,42,fusion_z,with_normal,96194,19031,SAFE_FINAL_01
0.5700820607884564,0.5654963138325042,0.5746678077444085,0.17641950237748588,0.49347006843974706,0.0018391046187798854,0.050506800658407694,ciciot2023,D_clean,DDoS-UDP_Flood,DDoS,near,11,42,fusion_z,attacks_only,92344,19031,SAFE_FINAL_01
0.7517360733763276,0.7475349573193032,0.7559371894333521,0.30801061746745473,0.264403185229848,0.0009983710787662234,0.04748736927459093,ciciot2023,D_clean,DDoS-UDP_Flood,DDoS,near,11,7,rf:maxprob,with_normal,96194,19031,SAFE_FINAL_01
0.7727080495834495,0.7686084369639695,0.7768076622029295,0.3343433452883584,0.2420298016113662,0.0010509169250170773,0.04927228623408126,ciciot2023,D_clean,DDoS-UDP_Flood,DDoS,near,11,7,rf:maxprob,attacks_only,92344,19031,SAFE_FINAL_01
0.19824564051185745,0.19539380074777954,0.20109748027593535,0.10537290337082834,0.8584942927833337,0.00047291261625768483,0.051105058527558894,ciciot2023,D_clean,DDoS-UDP_Flood,DDoS,near,11,7,mlp:maxprob,with_normal,96194,19031,SAFE_FINAL_01
0.2064596084158625,0.20351424478238844,0.20940497204933656,0.11002476837351274,0.852594646105865,0.0005254584625085387,0.0507558693580525,ciciot2023,D_clean,DDoS-UDP_Flood,DDoS,near,11,7,mlp:maxprob,attacks_only,92344,19031,SAFE_FINAL_01
0.19568899590769823,0.19286022362659533,0.19851776818880112,0.10376419817850316,0.8587957668877477,0.0003678209237559771,0.049982327380086074,ciciot2023,D_clean,DDoS-UDP_Flood,DDoS,near,11,7,mlp:entropy,with_normal,96194,19031,SAFE_FINAL_01
0.20379071854125413,0.20086886549723507,0.2067125715852732,0.10834408613959597,0.8529086892488954,0.0003678209237559771,0.04962964567270207,ciciot2023,D_clean,DDoS-UDP_Flood,DDoS,near,11,7,mlp:entropy,attacks_only,92344,19031,SAFE_FINAL_01
0.07811255886180574,0.07655283837497827,0.0796722793486332,0.09207030233725008,0.972503482545689,0.0012611003100204928,0.05014865792045242,ciciot2023,D_clean,DDoS-UDP_Flood,DDoS,near,11,7,mlp:energy,with_normal,96194,19031,SAFE_FINAL_01
0.08129194583250235,0.07967296395841811,0.08291092770658659,0.09565037772575388,0.9713570995408473,0.0012611003100204928,0.050073637702503684,ciciot2023,D_clean,DDoS-UDP_Flood,DDoS,near,11,7,mlp:energy,attacks_only,92344,19031,SAFE_FINAL_01
0.3214207958516284,0.31764844423407423,0.3251931474691826,0.11578406482918996,0.8328274112730524,0.0017340129262781777,0.0507827931055991,ciciot2023,D_clean,DDoS-UDP_Flood,DDoS,near,11,7,mlp:mahalanobis,with_normal,96194,19031,SAFE_FINAL_01
0.3333293640195916,0.3294677180512064,0.33719100998797685,0.12158325130153146,0.8258576626526899,0.0017340129262781777,0.050582604175690896,ciciot2023,D_clean,DDoS-UDP_Flood,DDoS,near,11,7,mlp:mahalanobis,attacks_only,92344,19031,SAFE_FINAL_01
0.11216513339922268,0.11019085128338786,0.1141394155150575,0.096027153557872,0.9161278250202716,0.0010509169250170773,0.050242218849408486,ciciot2023,D_clean,DDoS-UDP_Flood,DDoS,near,11,7,edl:vacuity,with_normal,96194,19031,SAFE_FINAL_01
0.11678584728911572,0.11473892410420405,0.11883277047402738,0.0999205024855218,0.9126310317941609,0.0010509169250170773,0.04939140604695486,ciciot2023,D_clean,DDoS-UDP_Flood,DDoS,near,11,7,edl:vacuity,attacks_only,92344,19031,SAFE_FINAL_01
0.4506235162199103,0.44626124555487623,0.4549857868849444,0.13960734869744662,0.6602282886666528,0.002784929851295255,0.05032538411959166,ciciot2023,D_clean,DDoS-UDP_Flood,DDoS,near,11,7,fusion_rank,with_normal,96194,19031,SAFE_FINAL_01
0.46830070738007573,0.463870519533241,0.4727308952269105,0.14812105730370076,0.6460625487308326,0.002837475697546109,0.05000866325911808,ciciot2023,D_clean,DDoS-UDP_Flood,DDoS,near,11,7,fusion_rank,attacks_only,92344,19031,SAFE_FINAL_01
0.582185143264321,0.5776101667331635,0.5867601197954786,0.17560516527582287,0.47443707507744765,0.002364563081288424,0.05129218038547103,ciciot2023,D_clean,DDoS-UDP_Flood,DDoS,near,11,7,fusion_z,with_normal,96194,19031,SAFE_FINAL_01
0.6049367646497767,0.6003542728654842,0.6095192564340693,0.1891732274407843,0.4526769470674868,0.002364563081288424,0.0508208438014381,ciciot2023,D_clean,DDoS-UDP_Flood,DDoS,near,11,7,fusion_z,attacks_only,92344,19031,SAFE_FINAL_01
0.7433451038599944,0.7391051538068122,0.7475850539131766,0.3028181619167416,0.2808387217497973,0.0012611003100204928,0.04773686508514045,ciciot2023,D_clean,DDoS-UDP_Flood,DDoS,near,11,13,rf:maxprob,with_normal,96194,19031,SAFE_FINAL_01
0.7653731999195375,0.7612336702766092,0.7695127295624657,0.32907760466249375,0.25741791561985616,0.0012611003100204928,0.04983539807675648,ciciot2023,D_clean,DDoS-UDP_Flood,DDoS,near,11,13,rf:maxprob,attacks_only,92344,19031,SAFE_FINAL_01
0.183927182823439,0.18120674963336464,0.18664761601351337,0.10811287896583738,0.8463001850427262,0.0001576375387525616,0.049753622887082356,ciciot2023,D_clean,DDoS-UDP_Flood,DDoS,near,11,13,mlp:maxprob,with_normal,96194,19031,SAFE_FINAL_01
0.1915401311014084,0.18872858258640057,0.19435167961641625,0.11278038078206296,0.8398921424239799,0.0001576375387525616,0.04966213289439487,ciciot2023,D_clean,DDoS-UDP_Flood,DDoS,near,11,13,mlp:maxprob,attacks_only,92344,19031,SAFE_FINAL_01
0.18521591867393603,0.18248343555242302,0.18794840179544903,0.10302472080814451,0.8431814874108572,0.0002627292312542693,0.04985757947481132,ciciot2023,D_clean,DDoS-UDP_Flood,DDoS,near,11,13,mlp:entropy,with_normal,96194,19031,SAFE_FINAL_01
0.1928759182213649,0.19005215015266713,0.19569968629006268,0.10752761260411778,0.8366434202546998,0.0002627292312542693,0.050095295850298885,ciciot2023,D_clean,DDoS-UDP_Flood,DDoS,near,11,13,mlp:entropy,attacks_only,92344,19031,SAFE_FINAL_01
0.20738895069808108,0.20445600263747532,0.21032189875868684,0.10488991137529388,0.8301869139447366,0.0009458252325153697,0.04807992182464603,ciciot2023,D_clean,DDoS-UDP_Flood,DDoS,near,11,13,mlp:energy,with_normal,96194,19031,SAFE_FINAL_01
0.2159571765214452,0.21292963526650704,0.21898471777638334,0.10956786351817002,0.8231070778826994,0.0009983710787662234,0.04838430217447804,ciciot2023,D_clean,DDoS-UDP_Flood,DDoS,near,11,13,mlp:energy,attacks_only,92344,19031,SAFE_FINAL_01
0.29144183484925407,0.2878603090660252,0.2950233606324829,0.11140978744186601,0.8853982576875896,0.0009458252325153697,0.04848535251678899,ciciot2023,D_clean,DDoS-UDP_Flood,DDoS,near,11,13,mlp:mahalanobis,with_normal,96194,19031,SAFE_FINAL_01
0.3024398947648227,0.2987662553556183,0.3061135341740271,0.11680139524758489,0.8806202893528545,0.0008932793862645158,0.04843844754396604,ciciot2023,D_clean,DDoS-UDP_Flood,DDoS,near,11,13,mlp:mahalanobis,attacks_only,92344,19031,SAFE_FINAL_01
0.13822479721328654,0.13596158963165286,0.1404880047949202,0.09817509693087022,0.8918331704680126,0.0010509169250170773,0.04944175312389546,ciciot2023,D_clean,DDoS-UDP_Flood,DDoS,near,11,13,edl:vacuity,with_normal,96194,19031,SAFE_FINAL_01
0.14393208847915684,0.14158820289484186,0.14627597406347181,0.10225020361100882,0.8873234860954691,0.0010509169250170773,0.04926145716018366,ciciot2023,D_clean,DDoS-UDP_Flood,DDoS,near,11,13,edl:vacuity,attacks_only,92344,19031,SAFE_FINAL_01
0.42785669521180586,0.42357125810654006,0.43214213231707166,0.13452532669977993,0.719130091273884,0.0021543796962850085,0.04731064307545169,ciciot2023,D_clean,DDoS-UDP_Flood,DDoS,near,11,13,fusion_rank,with_normal,96194,19031,SAFE_FINAL_01
0.44484804530385147,0.440487304062457,0.44920878654524593,0.14248502802527246,0.7074200814346358,0.0021543796962850085,0.0469873516416876,ciciot2023,D_clean,DDoS-UDP_Flood,DDoS,near,11,13,fusion_rank,attacks_only,92344,19031,SAFE_FINAL_01
0.5698843171026202,0.5653120403522379,0.5744565938530025,0.171536297782256,0.4941368484520864,0.0014712836950239083,0.04828783500010396,ciciot2023,D_clean,DDoS-UDP_Flood,DDoS,near,11,13,fusion_z,with_normal,96194,19031,SAFE_FINAL_01
0.5924067010671177,0.5878195853685884,0.596993816765647,0.1845167231826138,0.4731547258078489,0.0014712836950239083,0.04834098587888764,ciciot2023,D_clean,DDoS-UDP_Flood,DDoS,near,11,13,fusion_z,attacks_only,92344,19031,SAFE_FINAL_01
0.9552990820173864,0.9532186877527663,0.9573794762820066,0.6563083396376845,0.09334635727868819,0.6927160755999151,0.04949445616368606,ciciot2023,D_clean,DDoS-UDP_Fragmentation,DDoS,near,11,42,rf:maxprob,with_normal,96233,18836,SAFE_FINAL_01
0.9569694726644733,0.9549255624960039,0.9590133828329427,0.6719469762504672,0.0880465020620677,0.6927160755999151,0.047855124860634535,ciciot2023,D_clean,DDoS-UDP_Fragmentation,DDoS,near,11,42,rf:maxprob,attacks_only,92383,18836,SAFE_FINAL_01
0.8198887903127328,0.816085074834967,0.8236925057904986,0.3179227602792623,0.28257458460195567,0.043480569122956045,0.05109473881101077,ciciot2023,D_clean,DDoS-UDP_Fragmentation,DDoS,near,11,42,mlp:maxprob,with_normal,96233,18836,SAFE_FINAL_01
0.8281078972532537,0.8243636849622155,0.831852109544292,0.33686333000415614,0.27295065109381594,0.04932045020174135,0.05139473712696059,ciciot2023,D_clean,DDoS-UDP_Fragmentation,DDoS,near,11,42,mlp:maxprob,attacks_only,92383,18836,SAFE_FINAL_01
0.8443834611903014,0.8407813196601119,0.8479856027204908,0.3451183610650551,0.19898579489364354,0.03854321511998301,0.051468830858437335,ciciot2023,D_clean,DDoS-UDP_Fragmentation,DDoS,near,11,42,mlp:entropy,with_normal,96233,18836,SAFE_FINAL_01
0.8588991696733204,0.8554287699538986,0.8623695693927421,0.37483242687528595,0.17934035482718683,0.04475472499469102,0.0516545251832047,ciciot2023,D_clean,DDoS-UDP_Fragmentation,DDoS,near,11,42,mlp:entropy,attacks_only,92383,18836,SAFE_FINAL_01
0.8476066806752652,0.844033501173296,0.8511798601772345,0.35292731647198744,0.1885527833487473,0.09662348693990232,0.05010755146363514,ciciot2023,D_clean,DDoS-UDP_Fragmentation,DDoS,near,11,42,mlp:energy,with_normal,96233,18836,SAFE_FINAL_01
0.8594640344554139,0.8559991831048172,0.8629288858060106,0.37908204159371,0.1710812595390927,0.10108303249097472,0.050918459023846376,ciciot2023,D_clean,DDoS-UDP_Fragmentation,DDoS,near,11,42,mlp:energy,attacks_only,92383,18836,SAFE_FINAL_01
0.9884319144386053,0.9873528144251938,0.9895110144520168,0.8685640711228373,0.022102605135452494,0.9839668719473349,0.04852805170783411,ciciot2023,D_clean,DDoS-UDP_Fragmentation,DDoS,near,11,42,mlp:mahalanobis,with_normal,96233,18836,SAFE_FINAL_01
0.9880843009300198,0.9869892183746724,0.9891793834853672,0.8692255673910753,0.02277475293073401,0.9838076024633681,0.04886180357858048,ciciot2023,D_clean,DDoS-UDP_Fragmentation,DDoS,near,11,42,mlp:mahalanobis,attacks_only,92383,18836,SAFE_FINAL_01
0.671123833833019,0.6666228528574364,0.6756248148086016,0.47880469504806444,0.6395934866417965,0.3584625185814398,0.05052320929410909,ciciot2023,D_clean,DDoS-UDP_Fragmentation,DDoS,near,11,42,edl:vacuity,with_normal,96233,18836,SAFE_FINAL_01
0.6813691936116072,0.6768830578464313,0.6858553293767831,0.48759697795378354,0.6245737852202246,0.35878105754937356,0.05094010802853339,ciciot2023,D_clean,DDoS-UDP_Fragmentation,DDoS,near,11,42,edl:vacuity,attacks_only,92383,18836,SAFE_FINAL_01
0.997742650392902,0.9972634648055815,0.9982218359802225,0.9848940955879851,0.005746469506302412,0.9947441070290932,0.04829943990107344,ciciot2023,D_clean,DDoS-UDP_Fragmentation,DDoS,near,11,42,fusion_rank,with_normal,96233,18836,SAFE_FINAL_01
0.9977360210844665,0.9972561252086517,0.9982159169602812,0.9851436232919433,0.005769459749088036,0.9948502866850711,0.04841799898249678,ciciot2023,D_clean,DDoS-UDP_Fragmentation,DDoS,near,11,42,fusion_rank,attacks_only,92383,18836,SAFE_FINAL_01
0.9933947604741631,0.9925770634916482,0.994212457456678,0.9171760647329819,0.012293080336267186,0.9898598428541091,0.04835139712988268,ciciot2023,D_clean,DDoS-UDP_Fragmentation,DDoS,near,11,42,fusion_z,with_normal,96233,18836,SAFE_FINAL_01
0.9932284853355704,0.9924005920164765,0.9940563786546643,0.9176864659556112,0.012588896225496032,0.9897536631981312,0.04839634997780977,ciciot2023,D_clean,DDoS-UDP_Fragmentation,DDoS,near,11,42,fusion_z,attacks_only,92383,18836,SAFE_FINAL_01
0.9463440671642502,0.9440772396594471,0.9486108946690534,0.6104468324630532,0.09432315318030197,0.5401359099596518,0.050928475678821195,ciciot2023,D_clean,DDoS-UDP_Fragmentation,DDoS,near,11,7,rf:maxprob,with_normal,96233,18836,SAFE_FINAL_01
0.9488877426744411,0.9466709490565179,0.9511045362923642,0.629574361725255,0.08877174371908252,0.5401359099596518,0.04876438305748893,ciciot2023,D_clean,DDoS-UDP_Fragmentation,DDoS,near,11,7,rf:maxprob,attacks_only,92383,18836,SAFE_FINAL_01
0.8179517414638658,0.8141333940363261,0.8217700888914056,0.3318782792712263,0.4682177631373853,0.012794648545338714,0.05018029158396808,ciciot2023,D_clean,DDoS-UDP_Fragmentation,DDoS,near,11,7,mlp:maxprob,with_normal,96233,18836,SAFE_FINAL_01
0.8263465973997515,0.8225882929010082,0.8301049018984947,0.35194913699348995,0.45406622430533755,0.013166277341261414,0.0493705551887252,ciciot2023,D_clean,DDoS-UDP_Fragmentation,DDoS,near,11,7,mlp:maxprob,attacks_only,92383,18836,SAFE_FINAL_01
0.858370956240545,0.8548989987302944,0.8618429137507957,0.37632711648828604,0.2564816642939532,0.002654491399447866,0.04978541664501782,ciciot2023,D_clean,DDoS-UDP_Fragmentation,DDoS,near,11,7,mlp:entropy,with_normal,96233,18836,SAFE_FINAL_01
0.8677290186842473,0.864347749070095,0.8711102882983996,0.40073434154701015,0.2347726313282747,0.002866850711403695,0.049089118127794075,ciciot2023,D_clean,DDoS-UDP_Fragmentation,DDoS,near,11,7,mlp:entropy,attacks_only,92383,18836,SAFE_FINAL_01
0.871128624291722,0.867786273557742,0.874470975025702,0.38618149565238935,0.17683123252938182,0.03811849649607135,0.050388120499205054,ciciot2023,D_clean,DDoS-UDP_Fragmentation,DDoS,near,11,7,mlp:energy,with_normal,96233,18836,SAFE_FINAL_01
0.8788191422816516,0.8755575132397513,0.8820807713235519,0.4084696618074598,0.16119848889947286,0.039711191335740074,0.05000920082699198,ciciot2023,D_clean,DDoS-UDP_Fragmentation,DDoS,near,11,7,mlp:energy,attacks_only,92383,18836,SAFE_FINAL_01
0.9906679195438703,0.9896974763849624,0.9916383627027783,0.9030313689727809,0.02269491754387788,0.9845508600552134,0.05260149844647886,ciciot2023,D_clean,DDoS-UDP_Fragmentation,DDoS,near,11,7,mlp:mahalanobis,with_normal,96233,18836,SAFE_FINAL_01
0.9904157818467361,0.989432379855075,0.9913991838383971,0.9035145544520535,0.023337627052596257,0.9844446803992355,0.05267202840349415,ciciot2023,D_clean,DDoS-UDP_Fragmentation,DDoS,near,11,7,mlp:mahalanobis,attacks_only,92383,18836,SAFE_FINAL_01
0.6809636249040978,0.676486197165073,0.6854410526431226,0.46480179135069943,0.6303866656967984,0.3542153323423232,0.05063751519748943,ciciot2023,D_clean,DDoS-UDP_Fragmentation,DDoS,near,11,7,edl:vacuity,with_normal,96233,18836,SAFE_FINAL_01
0.6912792864077051,0.6868201606356825,0.6957384121797276,0.4742474670250203,0.6149832761438793,0.3545869611382459,0.05042053191604516,ciciot2023,D_clean,DDoS-UDP_Fragmentation,DDoS,near,11,7,edl:vacuity,attacks_only,92383,18836,SAFE_FINAL_01
0.997489650741213,0.996984396222794,0.997994905259632,0.9817004514088988,0.004738499267403074,0.9942132087492036,0.049598370621304545,ciciot2023,D_clean,DDoS-UDP_Fragmentation,DDoS,near,11,7,fusion_rank,with_normal,96233,18836,SAFE_FINAL_01
0.9974985503752444,0.9969941793827116,0.9980029213677771,0.9821183222818619,0.004773605533485598,0.9942662985771926,0.04979271078012188,ciciot2023,D_clean,DDoS-UDP_Fragmentation,DDoS,near,11,7,fusion_rank,attacks_only,92383,18836,SAFE_FINAL_01
0.994393186096205,0.9936393975036906,0.9951469746887194,0.9364822604235495,0.012875001298930721,0.9891165852622638,0.05187409724314944,ciciot2023,D_clean,DDoS-UDP_Fragmentation,DDoS,near,11,7,fusion_z,with_normal,96233,18836,SAFE_FINAL_01
0.9942811239388117,0.9935198520559113,0.9950423958217122,0.9369921194217683,0.013184243854388794,0.9890104056062858,0.0521091542816319,ciciot2023,D_clean,DDoS-UDP_Fragmentation,DDoS,near,11,7,fusion_z,attacks_only,92383,18836,SAFE_FINAL_01
0.9547313204753496,0.9526384767453778,0.9568241642053213,0.653233889523996,0.08811946006047822,0.6384582713952007,0.04766556170960066,ciciot2023,D_clean,DDoS-UDP_Fragmentation,DDoS,near,11,13,rf:maxprob,with_normal,96233,18836,SAFE_FINAL_01
0.9566139243115626,0.9545620228352756,0.9586658257878495,0.6699234629214883,0.08311052899342952,0.6384582713952007,0.04584176742474265,ciciot2023,D_clean,DDoS-UDP_Fragmentation,DDoS,near,11,13,rf:maxprob,attacks_only,92383,18836,SAFE_FINAL_01
0.8083989200205065,0.804511019729527,0.812286820311486,0.3033919281401736,0.27547722714661294,0.01481206200891909,0.04864235761121445,ciciot2023,D_clean,DDoS-UDP_Fragmentation,DDoS,near,11,13,mlp:maxprob,with_normal,96233,18836,SAFE_FINAL_01
0.8167744938851527,0.8129423081033862,0.8206066796669191,0.32125361515132905,0.26608791660803394,0.018740709280101932,0.04862366452702337,ciciot2023,D_clean,DDoS-UDP_Fragmentation,DDoS,near,11,13,mlp:maxprob,attacks_only,92383,18836,SAFE_FINAL_01
0.8030093684852722,0.7990840809142026,0.8069346560563417,0.2959357153583826,0.25005975081313064,0.003344659163304311,0.04961915351282824,ciciot2023,D_clean,DDoS-UDP_Fragmentation,DDoS,near,11,13,mlp:entropy,with_normal,96233,18836,SAFE_FINAL_01
0.8189290106241424,0.8151130630397895,0.8227449582084952,0.32120094401260635,0.2312113700572616,0.0035039286472711827,0.04944632670512973,ciciot2023,D_clean,DDoS-UDP_Fragmentation,DDoS,near,11,13,mlp:entropy,attacks_only,92383,18836,SAFE_FINAL_01
0.880297934302173,0.8770558398746701,0.8835400287296759,0.4364015247055161,0.16178441906622468,0.13920152898704607,0.04834100568412083,ciciot2023,D_clean,DDoS-UDP_Fragmentation,DDoS,near,11,13,mlp:energy,with_normal,96233,18836,SAFE_FINAL_01
0.8885786123804948,0.8854300603415475,0.8917271644194422,0.46091363945743397,0.14870701319506835,0.1404225950307921,0.047811826851260515,ciciot2023,D_clean,DDoS-UDP_Fragmentation,DDoS,near,11,13,mlp:energy,attacks_only,92383,18836,SAFE_FINAL_01
0.9916774466239218,0.9907604734731159,0.9925944197747276,0.9124846883423374,0.01863186225099498,0.985081758335103,0.048122785323122,ciciot2023,D_clean,DDoS-UDP_Fragmentation,DDoS,near,11,13,mlp:mahalanobis,with_normal,96233,18836,SAFE_FINAL_01
0.9914440492289173,0.9905143649858863,0.9923737334719482,0.9128298789835871,0.019235140664407954,0.9848693990231472,0.04773605533485598,ciciot2023,D_clean,DDoS-UDP_Fragmentation,DDoS,near,11,13,mlp:mahalanobis,attacks_only,92383,18836,SAFE_FINAL_01
0.6089905246785726,0.6044021042636579,0.6135789450934873,0.37965199666164073,0.6446749036193405,0.2520705032915693,0.04978541664501782,ciciot2023,D_clean,DDoS-UDP_Fragmentation,DDoS,near,11,13,edl:vacuity,with_normal,96233,18836,SAFE_FINAL_01
0.6208446990512162,0.6162533441108123,0.6254360539916201,0.3887110349925837,0.6298669668661984,0.25217668294754725,0.04909994263013758,ciciot2023,D_clean,DDoS-UDP_Fragmentation,DDoS,near,11,13,edl:vacuity,attacks_only,92383,18836,SAFE_FINAL_01
0.9975898984572591,0.9970948074285495,0.9980849894859687,0.9826035515475035,0.005434726133446946,0.9941070290932258,0.04978541664501782,ciciot2023,D_clean,DDoS-UDP_Fragmentation,DDoS,near,11,13,fusion_rank,with_normal,96233,18836,SAFE_FINAL_01
0.9975941512007174,0.9970994862061273,0.9980888161953074,0.9830096167099369,0.0054339001764393885,0.9942132087492036,0.04948962471450375,ciciot2023,D_clean,DDoS-UDP_Fragmentation,DDoS,near,11,13,fusion_rank,attacks_only,92383,18836,SAFE_FINAL_01
0.9949036650417357,0.9941848043834184,0.9956225257000529,0.9423419944584909,0.011004541061797928,0.9896474835421534,0.04836178857564453,ciciot2023,D_clean,DDoS-UDP_Fragmentation,DDoS,near,11,13,fusion_z,with_normal,96233,18836,SAFE_FINAL_01
0.9947939758263095,0.9940674340548242,0.9955205175977947,0.9426783062782067,0.011300780446618967,0.9894351242301975,0.04810408841453514,ciciot2023,D_clean,DDoS-UDP_Fragmentation,DDoS,near,11,13,fusion_z,attacks_only,92383,18836,SAFE_FINAL_01
0.8832632573413758,0.880074484339064,0.8864520303436876,0.5090868245580115,0.36344544367624887,0.31586120138379287,0.04859385559078858,ciciot2023,D_clean,DNS_Spoofing,MITM_Spoofing,near,1,42,rf:maxprob,with_normal,96185,19078,SAFE_FINAL_01
0.8915099775391471,0.8884159024137712,0.8946040526645229,0.5349671064497701,0.33834407321167487,0.3355173498270259,0.04943954080251259,ciciot2023,D_clean,DNS_Spoofing,MITM_Spoofing,near,1,42,rf:maxprob,attacks_only,92335,19078,SAFE_FINAL_01
0.7087290525082369,0.7043585847820216,0.7130995202344522,0.35189746290113044,0.6432811768986848,0.2558968445329699,0.04973748505484223,ciciot2023,D_clean,DNS_Spoofing,MITM_Spoofing,near,1,42,mlp:maxprob,with_normal,96185,19078,SAFE_FINAL_01
0.7173503495719746,0.7130014063140124,0.7216992928299368,0.3687068839979414,0.6284832403747225,0.26239647761819895,0.04921210808469161,ciciot2023,D_clean,DNS_Spoofing,MITM_Spoofing,near,1,42,mlp:maxprob,attacks_only,92335,19078,SAFE_FINAL_01
0.7336334134984211,0.7293563155952602,0.7379105114015821,0.37906384215331645,0.6438737848936944,0.2544291854492085,0.04958153558247128,ciciot2023,D_clean,DNS_Spoofing,MITM_Spoofing,near,1,42,mlp:entropy,with_normal,96185,19078,SAFE_FINAL_01
0.7430647647245779,0.738820652023582,0.7473088774255738,0.3978716721365931,0.6290897276222451,0.25773141838767166,0.04874641251962961,ciciot2023,D_clean,DNS_Spoofing,MITM_Spoofing,near,1,42,mlp:entropy,attacks_only,92335,19078,SAFE_FINAL_01
0.8796618092613976,0.8764323017212355,0.8828913168015596,0.5024307088202026,0.34088475333991786,0.2861935213334731,0.04704475749857046,ciciot2023,D_clean,DNS_Spoofing,MITM_Spoofing,near,1,42,mlp:energy,with_normal,96185,19078,SAFE_FINAL_01
0.888948790728174,0.8858238198504017,0.8920737616059463,0.5258791440163626,0.31391130124004984,0.2903868330013628,0.0463962744354795,ciciot2023,D_clean,DNS_Spoofing,MITM_Spoofing,near,1,42,mlp:energy,attacks_only,92335,19078,SAFE_FINAL_01
0.8109424835272545,0.8070956405113855,0.8147893265431235,0.40404225975495345,0.49493164214794405,0.2629730579725338,0.04835473306648646,ciciot2023,D_clean,DNS_Spoofing,MITM_Spoofing,near,1,42,mlp:mahalanobis,with_normal,96185,19078,SAFE_FINAL_01
0.8150207310010378,0.8111982666015557,0.8188431954005199,0.415818886693752,0.4779336113066551,0.26349722193102004,0.04845399902528835,ciciot2023,D_clean,DNS_Spoofing,MITM_Spoofing,near,1,42,mlp:mahalanobis,attacks_only,92335,19078,SAFE_FINAL_01
0.7144202474959598,0.7100693815795127,0.7187711134124068,0.3290146102271354,0.628902635546083,0.18843694307579412,0.049051307376410044,ciciot2023,D_clean,DNS_Spoofing,MITM_Spoofing,near,1,42,edl:vacuity,with_normal,96185,19078,SAFE_FINAL_01
0.7248136356858565,0.7204928932686994,0.7291343781030137,0.3461402582286455,0.6134293604808577,0.19750497955760563,0.048757242649049654,ciciot2023,D_clean,DNS_Spoofing,MITM_Spoofing,near,1,42,edl:vacuity,attacks_only,92335,19078,SAFE_FINAL_01
0.8895263049354251,0.8864108637818474,0.8926417460890027,0.5825965102457071,0.3251962364194001,0.3870426669462208,0.04872901180017674,ciciot2023,D_clean,DNS_Spoofing,MITM_Spoofing,near,1,42,fusion_rank,with_normal,96185,19078,SAFE_FINAL_01
0.8946277491565139,0.8915720598738194,0.8976834384392084,0.5986703014541965,0.30685005685817945,0.39364713282314706,0.049352899767152215,ciciot2023,D_clean,DNS_Spoofing,MITM_Spoofing,near,1,42,fusion_rank,attacks_only,92335,19078,SAFE_FINAL_01
0.8702462085060413,0.8669148352539164,0.8735775817581661,0.49282460333939565,0.33195404688880803,0.3204738442184715,0.048084420647710145,ciciot2023,D_clean,DNS_Spoofing,MITM_Spoofing,near,1,42,fusion_z,with_normal,96185,19078,SAFE_FINAL_01
0.8762524729897747,0.8729822822704275,0.8795226637091219,0.5088801771079102,0.307911409541344,0.322203585281476,0.0483023772134077,ciciot2023,D_clean,DNS_Spoofing,MITM_Spoofing,near,1,42,fusion_z,attacks_only,92335,19078,SAFE_FINAL_01
0.8835280891582593,0.8803423520027247,0.8867138263137939,0.5114100356468266,0.3601912980194417,0.3014991089212706,0.04739824296927796,ciciot2023,D_clean,DNS_Spoofing,MITM_Spoofing,near,1,7,rf:maxprob,with_normal,96185,19078,SAFE_FINAL_01
0.892005871499203,0.8889178441400327,0.8950938988583732,0.5387457639955414,0.3353008068446418,0.3213649229478981,0.04784751177776574,ciciot2023,D_clean,DNS_Spoofing,MITM_Spoofing,near,1,7,rf:maxprob,attacks_only,92335,19078,SAFE_FINAL_01
0.7173222207486062,0.7129817394195934,0.721662702077619,0.35995837969148753,0.6376773925248219,0.25558234615787817,0.0494983625305401,ciciot2023,D_clean,DNS_Spoofing,MITM_Spoofing,near,1,7,mlp:maxprob,with_normal,96185,19078,SAFE_FINAL_01
0.7273008355350046,0.722989888991463,0.7316117820785462,0.3792702098651875,0.622569989711377,0.2663277073068456,0.048735582390209566,ciciot2023,D_clean,DNS_Spoofing,MITM_Spoofing,near,1,7,mlp:maxprob,attacks_only,92335,19078,SAFE_FINAL_01
0.7447196640524554,0.7404906597185236,0.7489486683863872,0.38496025007508167,0.6389977647242293,0.24855854911416292,0.04843790611841763,ciciot2023,D_clean,DNS_Spoofing,MITM_Spoofing,near,1,7,mlp:entropy,with_normal,96185,19078,SAFE_FINAL_01
0.7553014420177108,0.7511150545486723,0.7594878294867492,0.40634805860230583,0.6239454161477229,0.2598280742216165,0.04867060161368928,ciciot2023,D_clean,DNS_Spoofing,MITM_Spoofing,near,1,7,mlp:entropy,attacks_only,92335,19078,SAFE_FINAL_01
0.8675542152752196,0.8641948881189633,0.8709135424314759,0.48551613021185575,0.37556791599521755,0.29096341335569764,0.05062119873161096,ciciot2023,D_clean,DNS_Spoofing,MITM_Spoofing,near,1,7,mlp:energy,with_normal,96185,19078,SAFE_FINAL_01
0.87664319866141,0.8733772901262874,0.8799091071965327,0.507878935647104,0.3500189527264851,0.2988258727329909,0.05082579736827855,ciciot2023,D_clean,DNS_Spoofing,MITM_Spoofing,near,1,7,mlp:energy,attacks_only,92335,19078,SAFE_FINAL_01
0.8109891593781755,0.8071426497370239,0.8148356690193271,0.40485070934204936,0.48712377189790507,0.2723031764335884,0.05051723241669699,ciciot2023,D_clean,DNS_Spoofing,MITM_Spoofing,near,1,7,mlp:mahalanobis,with_normal,96185,19078,SAFE_FINAL_01
0.8157508712143147,0.8119337975982929,0.8195679448303365,0.4175979031847455,0.4680998537932528,0.2720410944543453,0.05029512102669627,ciciot2023,D_clean,DNS_Spoofing,MITM_Spoofing,near,1,7,mlp:mahalanobis,attacks_only,92335,19078,SAFE_FINAL_01
0.7304962394825862,0.7262062788686574,0.7347862000965151,0.3571995220222463,0.6156365337630608,0.22675332844113638,0.05098508083380984,ciciot2023,D_clean,DNS_Spoofing,MITM_Spoofing,near,1,7,edl:vacuity,with_normal,96185,19078,SAFE_FINAL_01
0.7405262264969715,0.736270787915864,0.7447816650780791,0.3770062275886668,0.5996101153408783,0.23844218471537898,0.0511398711214599,ciciot2023,D_clean,DNS_Spoofing,MITM_Spoofing,near,1,7,edl:vacuity,attacks_only,92335,19078,SAFE_FINAL_01
0.8895845022027938,0.8864697578441574,0.8926992465614303,0.5812333216541327,0.3181577168997245,0.3951672083027571,0.0511410303061808,ciciot2023,D_clean,DNS_Spoofing,MITM_Spoofing,near,1,7,fusion_rank,with_normal,96185,19078,SAFE_FINAL_01
0.8954046057274013,0.892358617034143,0.8984505944206597,0.5992564448960241,0.29878161044024476,0.40119509382534857,0.05094492879189906,ciciot2023,D_clean,DNS_Spoofing,MITM_Spoofing,near,1,7,fusion_rank,attacks_only,92335,19078,SAFE_FINAL_01
0.8691101435477919,0.8657669118986905,0.8724533751968934,0.49340333928126906,0.3310495399490565,0.32267533284411365,0.0514529292509227,ciciot2023,D_clean,DNS_Spoofing,MITM_Spoofing,near,1,7,fusion_z,with_normal,96185,19078,SAFE_FINAL_01
0.8757764082484896,0.8725010154025669,0.8790518010944123,0.5106442724778807,0.3056262522337142,0.3234091623859943,0.05084745762711865,ciciot2023,D_clean,DNS_Spoofing,MITM_Spoofing,near,1,7,fusion_z,attacks_only,92335,19078,SAFE_FINAL_01
0.8839511513522791,0.8807702755529546,0.8871320271516036,0.5165409992598137,0.36526485418724336,0.32896530034594823,0.04964391537141966,ciciot2023,D_clean,DNS_Spoofing,MITM_Spoofing,near,1,13,rf:maxprob,with_normal,96185,19078,SAFE_FINAL_01
0.891982767923241,0.8888944583207538,0.8950710775257283,0.5425259419253825,0.34064006064872476,0.3459482126009016,0.04998104727351492,ciciot2023,D_clean,DNS_Spoofing,MITM_Spoofing,near,1,13,rf:maxprob,attacks_only,92335,19078,SAFE_FINAL_01
0.7110105962317752,0.706647865879111,0.7153733265844394,0.35413467672872134,0.6528876643967355,0.25532026417863507,0.04981026147528201,ciciot2023,D_clean,DNS_Spoofing,MITM_Spoofing,near,1,13,mlp:maxprob,with_normal,96185,19078,SAFE_FINAL_01
0.718852114083214,0.7145087027269659,0.7231955254394622,0.37051061078398917,0.6385119402176856,0.26527937938987317,0.04997021714409487,ciciot2023,D_clean,DNS_Spoofing,MITM_Spoofing,near,1,13,mlp:maxprob,attacks_only,92335,19078,SAFE_FINAL_01
0.7351976035453789,0.730927040769599,0.7394681663211587,0.3816772299479017,0.6531683734470032,0.24939721144774085,0.049207256848780995,ciciot2023,D_clean,DNS_Spoofing,MITM_Spoofing,near,1,13,mlp:entropy,with_normal,96185,19078,SAFE_FINAL_01
0.7438490697768639,0.7396085008402308,0.7480896387134971,0.4000172142282429,0.6388043537120268,0.2578886675752175,0.04979693507337413,ciciot2023,D_clean,DNS_Spoofing,MITM_Spoofing,near,1,13,mlp:entropy,attacks_only,92335,19078,SAFE_FINAL_01
0.8620856432410018,0.8586710478888975,0.8655002385931061,0.4728391709161275,0.4565680719446899,0.26014257259670825,0.04879139158912512,ciciot2023,D_clean,DNS_Spoofing,MITM_Spoofing,near,1,13,mlp:energy,with_normal,96185,19078,SAFE_FINAL_01
0.8704704358896616,0.8671381807403895,0.8738026910389336,0.49390688548739636,0.4339741159906861,0.26554146136911627,0.048735582390209566,ciciot2023,D_clean,DNS_Spoofing,MITM_Spoofing,near,1,13,mlp:energy,attacks_only,92335,19078,SAFE_FINAL_01
0.8098872891904901,0.8060329363152804,0.8137416420656999,0.3960805713678477,0.4915527369132401,0.25102211971904814,0.04658730571294901,ciciot2023,D_clean,DNS_Spoofing,MITM_Spoofing,near,1,13,mlp:mahalanobis,with_normal,96185,19078,SAFE_FINAL_01
0.8132850588555203,0.8094498801147146,0.8171202375963259,0.40700014958783926,0.4745762711864407,0.2504455393647133,0.0463962744354795,ciciot2023,D_clean,DNS_Spoofing,MITM_Spoofing,near,1,13,mlp:mahalanobis,attacks_only,92335,19078,SAFE_FINAL_01
0.714052580961043,0.7097004182361093,0.7184047436859766,0.32977133147202786,0.618890679419868,0.19776706153684873,0.050350886312834645,ciciot2023,D_clean,DNS_Spoofing,MITM_Spoofing,near,1,13,edl:vacuity,with_normal,96185,19078,SAFE_FINAL_01
0.7229220160346657,0.7185939572906686,0.7272500747786628,0.3450323142031824,0.6029999458493529,0.20295628472586225,0.05023014025017599,ciciot2023,D_clean,DNS_Spoofing,MITM_Spoofing,near,1,13,edl:vacuity,attacks_only,92335,19078,SAFE_FINAL_01
0.8907287861565435,0.8876278014391512,0.8938297708739358,0.5850602150727003,0.32219160991838647,0.39333263444805533,0.04880178822061652,ciciot2023,D_clean,DNS_Spoofing,MITM_Spoofing,near,1,13,fusion_rank,with_normal,96185,19078,SAFE_FINAL_01
0.8954870732062309,0.8924421175177315,0.8985320288947303,0.6013007069917577,0.30587534521037524,0.3984170248453716,0.048789733037309796,ciciot2023,D_clean,DNS_Spoofing,MITM_Spoofing,near,1,13,fusion_rank,attacks_only,92335,19078,SAFE_FINAL_01
0.8698295601475569,0.8664938273813891,0.8731652929137246,0.48769702386545544,0.3316421479440661,0.31392179473739384,0.04735665644331237,ciciot2023,D_clean,DNS_Spoofing,MITM_Spoofing,near,1,13,fusion_z,with_normal,96185,19078,SAFE_FINAL_01
0.8753603065924601,0.8720803805976882,0.878640232587232,0.5031655121519978,0.3078572588942438,0.31434112590418284,0.04701359181242216,ciciot2023,D_clean,DNS_Spoofing,MITM_Spoofing,near,1,13,fusion_z,attacks_only,92335,19078,SAFE_FINAL_01
0.955042663206169,0.9514334784347163,0.9586518479776218,0.4381142614948906,0.11789663412855927,0.6223472668810289,0.047926201952286446,ciciot2023,D_clean,DictionaryBruteForce,CredentialAttack,far,0,42,rf:maxprob,with_normal,98756,6220,SAFE_FINAL_01
0.9576530836096206,0.9541431975202153,0.961162969699026,0.4593202486656249,0.10882346743093166,0.6509646302250803,0.04889048110762228,ciciot2023,D_clean,DictionaryBruteForce,CredentialAttack,far,0,42,rf:maxprob,attacks_only,94906,6220,SAFE_FINAL_01
0.8972616064094571,0.892040500809066,0.9024827120098481,0.30267682354109887,0.3704888816882012,0.41318327974276525,0.049607112479241766,ciciot2023,D_clean,DictionaryBruteForce,CredentialAttack,far,0,42,mlp:maxprob,with_normal,98756,6220,SAFE_FINAL_01
0.9005558232844102,0.8954044536245115,0.9057071929443089,0.31842072550394085,0.36130487008197587,0.4207395498392283,0.04940678144690536,ciciot2023,D_clean,DictionaryBruteForce,CredentialAttack,far,0,42,mlp:maxprob,attacks_only,94906,6220,SAFE_FINAL_01
0.9291540412246024,0.9247098236286521,0.9335982588205528,0.3405287986396087,0.17192879419984608,0.4340836012861736,0.05067033901737616,ciciot2023,D_clean,DictionaryBruteForce,CredentialAttack,far,0,42,mlp:entropy,with_normal,98756,6220,SAFE_FINAL_01
0.9329151444011313,0.9285774707517199,0.9372528180505427,0.3587347769165248,0.15542747560744316,0.4387459807073955,0.050207573809875033,ciciot2023,D_clean,DictionaryBruteForce,CredentialAttack,far,0,42,mlp:entropy,attacks_only,94906,6220,SAFE_FINAL_01
0.9168947698110474,0.9121262857300393,0.9216632538920556,0.29262961490719125,0.20243833286078822,0.3527331189710611,0.048766657215764106,ciciot2023,D_clean,DictionaryBruteForce,CredentialAttack,far,0,42,mlp:energy,with_normal,98756,6220,SAFE_FINAL_01
0.9197560068405476,0.9150590746219833,0.9244529390591119,0.3045814594630658,0.18855499125450445,0.3553054662379421,0.048553305375845575,ciciot2023,D_clean,DictionaryBruteForce,CredentialAttack,far,0,42,mlp:energy,attacks_only,94906,6220,SAFE_FINAL_01
0.7123689859407298,0.7049914861527138,0.7197464857287459,0.09241708595543345,0.5141864798088217,0.047266881028938904,0.04800720968852525,ciciot2023,D_clean,DictionaryBruteForce,CredentialAttack,far,0,42,mlp:mahalanobis,with_normal,98756,6220,SAFE_FINAL_01
0.7176610019201264,0.710306185557737,0.7250158182825158,0.09688228183672792,0.49808231302552,0.0454983922829582,0.04816344593597876,ciciot2023,D_clean,DictionaryBruteForce,CredentialAttack,far,0,42,mlp:mahalanobis,attacks_only,94906,6220,SAFE_FINAL_01
0.913553164875879,0.9087023067997534,0.9184040229520046,0.29091841249797623,0.2624043096115679,0.3602893890675241,0.04916156992992831,ciciot2023,D_clean,DictionaryBruteForce,CredentialAttack,far,0,42,edl:vacuity,with_normal,98756,6220,SAFE_FINAL_01
0.9174305657525541,0.9126745545339479,0.9221865769711604,0.3063048217164143,0.249035888141951,0.37170418006430866,0.04941731818852338,ciciot2023,D_clean,DictionaryBruteForce,CredentialAttack,far,0,42,edl:vacuity,attacks_only,94906,6220,SAFE_FINAL_01
0.8761941942002889,0.870559148829126,0.8818292395714518,0.24687831810337005,0.2961035278869132,0.2903536977491961,0.04899955445745069,ciciot2023,D_clean,DictionaryBruteForce,CredentialAttack,far,0,42,fusion_rank,with_normal,98756,6220,SAFE_FINAL_01
0.8808432491638536,0.875292441878558,0.8863940564491491,0.25931438665574486,0.28352264345773714,0.2980707395498392,0.04933302425557921,ciciot2023,D_clean,DictionaryBruteForce,CredentialAttack,far,0,42,fusion_rank,attacks_only,94906,6220,SAFE_FINAL_01
0.8140733620125032,0.8075255530371246,0.8206211709878819,0.1378383750880799,0.33822755073109484,0.1,0.04841224836971931,ciciot2023,D_clean,DictionaryBruteForce,CredentialAttack,far,0,42,fusion_z,with_normal,98756,6220,SAFE_FINAL_01
0.821297224676466,0.8148336729045832,0.8277607764483489,0.14626469785376803,0.3171243124776094,0.09871382636655948,0.04863759930878975,ciciot2023,D_clean,DictionaryBruteForce,CredentialAttack,far,0,42,fusion_z,attacks_only,94906,6220,SAFE_FINAL_01
0.9545994616762429,0.950973705829,0.9582252175234858,0.4339400334713016,0.11917250597432055,0.6146302250803859,0.04745028150188343,ciciot2023,D_clean,DictionaryBruteForce,CredentialAttack,far,0,7,rf:maxprob,with_normal,98756,6220,SAFE_FINAL_01
0.9577577056614421,0.9542518917302043,0.96126351959268,0.4587270361771759,0.10918171664594441,0.6459807073954984,0.04772090278802183,ciciot2023,D_clean,DictionaryBruteForce,CredentialAttack,far,0,7,rf:maxprob,attacks_only,94906,6220,SAFE_FINAL_01
0.9099942488739989,0.905058214606435,0.9149302831415629,0.3190349327286768,0.3307343351290048,0.4157556270096463,0.04991089149013731,ciciot2023,D_clean,DictionaryBruteForce,CredentialAttack,far,0,7,mlp:maxprob,with_normal,98756,6220,SAFE_FINAL_01
0.9136237223184382,0.9087735573679414,0.9184738872689351,0.33737122395565083,0.32193960339704547,0.42588424437299033,0.049564832571175686,ciciot2023,D_clean,DictionaryBruteForce,CredentialAttack,far,0,7,mlp:maxprob,attacks_only,94906,6220,SAFE_FINAL_01
0.9327046269092332,0.928361559975114,0.9370476938433523,0.34746768587311816,0.14603669650451617,0.437459807073955,0.04957673457815221,ciciot2023,D_clean,DictionaryBruteForce,CredentialAttack,far,0,7,mlp:entropy,with_normal,98756,6220,SAFE_FINAL_01
0.936454559573348,0.9322216448400177,0.9406874743066783,0.3671919056522168,0.1313194107854087,0.44581993569131834,0.04950161212146756,ciciot2023,D_clean,DictionaryBruteForce,CredentialAttack,far,0,7,mlp:entropy,attacks_only,94906,6220,SAFE_FINAL_01
0.9282063158293674,0.9237356867626075,0.9326769448961273,0.32748376327332024,0.17283000526550285,0.4292604501607717,0.05165255781927174,ciciot2023,D_clean,DictionaryBruteForce,CredentialAttack,far,0,7,mlp:energy,with_normal,98756,6220,SAFE_FINAL_01
0.931905102005484,0.927538215413979,0.9362719885969891,0.34392284257811545,0.15849366741828758,0.4414790996784566,0.05136661538785746,ciciot2023,D_clean,DictionaryBruteForce,CredentialAttack,far,0,7,mlp:energy,attacks_only,94906,6220,SAFE_FINAL_01
0.7072880947670697,0.6998856462453099,0.7146905432888294,0.09278948496522646,0.5360788205273603,0.06045016077170418,0.05196646279719713,ciciot2023,D_clean,DictionaryBruteForce,CredentialAttack,far,0,7,mlp:mahalanobis,with_normal,98756,6220,SAFE_FINAL_01
0.7125532300262849,0.7051717700170644,0.7199346900355054,0.09711427333756789,0.5193665310939245,0.0590032154340836,0.05189345246875856,ciciot2023,D_clean,DictionaryBruteForce,CredentialAttack,far,0,7,mlp:mahalanobis,attacks_only,94906,6220,SAFE_FINAL_01
0.9146876207545988,0.9098644614895479,0.9195107800196496,0.32026710092360533,0.3266231925148852,0.4254019292604502,0.05096399206124185,ciciot2023,D_clean,DictionaryBruteForce,CredentialAttack,far,0,7,edl:vacuity,with_normal,98756,6220,SAFE_FINAL_01
0.9192522337045226,0.9145423991524662,0.923962068256579,0.34104371446916076,0.31610224854066127,0.44935691318327975,0.05097675594799064,ciciot2023,D_clean,DictionaryBruteForce,CredentialAttack,far,0,7,edl:vacuity,attacks_only,94906,6220,SAFE_FINAL_01
0.8726160185114399,0.8669168662504472,0.8783151707724326,0.26001229694119016,0.31593017133136214,0.3271704180064309,0.051389282676495604,ciciot2023,D_clean,DictionaryBruteForce,CredentialAttack,far,0,7,fusion_rank,with_normal,98756,6220,SAFE_FINAL_01
0.8777468912716004,0.8721385408834466,0.8833552416597543,0.27218377503119207,0.30110846521821594,0.33327974276527333,0.05170379111963416,ciciot2023,D_clean,DictionaryBruteForce,CredentialAttack,far,0,7,fusion_rank,attacks_only,94906,6220,SAFE_FINAL_01
0.8127999516558333,0.806237262896987,0.8193626404146795,0.13942027998134573,0.3456600105310057,0.11511254019292605,0.05159180201709263,ciciot2023,D_clean,DictionaryBruteForce,CredentialAttack,far,0,7,fusion_z,with_normal,98756,6220,SAFE_FINAL_01
0.8204153841035329,0.8139409605068926,0.8268898077001732,0.14788459386059938,0.3233726002570965,0.11495176848874598,0.05186184224390449,ciciot2023,D_clean,DictionaryBruteForce,CredentialAttack,far,0,7,fusion_z,attacks_only,94906,6220,SAFE_FINAL_01
0.9551648496036677,0.9515602507682648,0.9587694484390705,0.43585155252572594,0.11800801976588764,0.6369774919614148,0.04898942849042084,ciciot2023,D_clean,DictionaryBruteForce,CredentialAttack,far,0,13,rf:maxprob,with_normal,98756,6220,SAFE_FINAL_01
0.9579647983725037,0.9544670628939197,0.9614625338510877,0.4578101047769807,0.1086021958569532,0.6369774919614148,0.0462246854782627,ciciot2023,D_clean,DictionaryBruteForce,CredentialAttack,far,0,13,rf:maxprob,attacks_only,94906,6220,SAFE_FINAL_01
0.8953330516838472,0.8900712371795664,0.9005948661881281,0.2942396636104291,0.3984871805257402,0.40209003215434086,0.0505792053141075,ciciot2023,D_clean,DictionaryBruteForce,CredentialAttack,far,0,13,mlp:maxprob,with_normal,98756,6220,SAFE_FINAL_01
0.8999488620759496,0.8947842649575748,0.9051134591943244,0.3118252247400656,0.3868037847975892,0.4127009646302251,0.05028133100120119,ciciot2023,D_clean,DictionaryBruteForce,CredentialAttack,far,0,13,mlp:maxprob,attacks_only,94906,6220,SAFE_FINAL_01
0.9251554628973496,0.9206014155820583,0.9297095102126409,0.32182436563348454,0.16912390133257726,0.392443729903537,0.049505852808943256,ciciot2023,D_clean,DictionaryBruteForce,CredentialAttack,far,0,13,mlp:entropy,with_normal,98756,6220,SAFE_FINAL_01
0.9299149427461919,0.9254913439351369,0.9343385415572469,0.34170273220882014,0.14917918782795608,0.39887459807073955,0.049164436389690855,ciciot2023,D_clean,DictionaryBruteForce,CredentialAttack,far,0,13,mlp:entropy,attacks_only,94906,6220,SAFE_FINAL_01
0.9113822723164918,0.9064791529917663,0.9162853916412174,0.27376436712929914,0.20157762566325085,0.3147909967845659,0.051399408643525456,ciciot2023,D_clean,DictionaryBruteForce,CredentialAttack,far,0,13,mlp:energy,with_normal,98756,6220,SAFE_FINAL_01
0.9159887219257666,0.9111966832362478,0.9207807606152855,0.28984481073617874,0.1847512275303985,0.32395498392282956,0.05058689650812383,ciciot2023,D_clean,DictionaryBruteForce,CredentialAttack,far,0,13,mlp:energy,attacks_only,94906,6220,SAFE_FINAL_01
0.6966868210311191,0.689236731276482,0.7041369107857562,0.08866339520397482,0.5368281420875693,0.05305466237942122,0.05141966057758516,ciciot2023,D_clean,DictionaryBruteForce,CredentialAttack,far,0,13,mlp:mahalanobis,with_normal,98756,6220,SAFE_FINAL_01
0.7022221158007554,0.6947910661809117,0.7096531654205992,0.09288203389982903,0.5207152340210314,0.05128617363344051,0.05152466651212779,ciciot2023,D_clean,DictionaryBruteForce,CredentialAttack,far,0,13,mlp:mahalanobis,attacks_only,94906,6220,SAFE_FINAL_01
0.9096377725073548,0.9046933466500975,0.9145821983646121,0.2845423637534291,0.33618210539106486,0.36205787781350485,0.050447567742719426,ciciot2023,D_clean,DictionaryBruteForce,CredentialAttack,far,0,13,edl:vacuity,with_normal,98756,6220,SAFE_FINAL_01
0.9143651650443361,0.9095330956437369,0.9191972344449353,0.30240061512908956,0.32163403789012285,0.3805466237942122,0.05062904347459592,ciciot2023,D_clean,DictionaryBruteForce,CredentialAttack,far,0,13,edl:vacuity,attacks_only,94906,6220,SAFE_FINAL_01
0.8678952308193021,0.8621139905916442,0.87367647104696,0.24491450704810097,0.32397018915306414,0.3016077170418006,0.05279679209364494,ciciot2023,D_clean,DictionaryBruteForce,CredentialAttack,far,0,13,fusion_rank,with_normal,98756,6220,SAFE_FINAL_01
0.8731851038526326,0.8674943075465573,0.8788759001587079,0.2573793907323523,0.3089267274987883,0.3046623794212219,0.052083113817882956,ciciot2023,D_clean,DictionaryBruteForce,CredentialAttack,far,0,13,fusion_rank,attacks_only,94906,6220,SAFE_FINAL_01
0.8087963884875764,0.802187779657861,0.8154049973172918,0.13599129180442654,0.34610555308031915,0.11045016077170418,0.051713313621450846,ciciot2023,D_clean,DictionaryBruteForce,CredentialAttack,far,0,13,fusion_z,with_normal,98756,6220,SAFE_FINAL_01
0.8168427460090313,0.8103249554576146,0.8233605365604479,0.144481189402279,0.3238994373379976,0.10996784565916398,0.05197774640170274,ciciot2023,D_clean,DictionaryBruteForce,CredentialAttack,far,0,13,fusion_z,attacks_only,94906,6220,SAFE_FINAL_01
0.8488783328048282,0.8453311243855524,0.852425541224104,0.3597657705274391,0.2466918223303292,0.035214233077166014,0.04551927734638933,ciciot2023,D_clean,DoS-HTTP_Flood,DoS,near,3,42,rf:maxprob,with_normal,96201,18998,SAFE_FINAL_01
0.8600303922469188,0.8565851134575846,0.863475671036253,0.3854472316289642,0.22496778594709316,0.04100431624381514,0.04800164589446784,ciciot2023,D_clean,DoS-HTTP_Flood,DoS,near,3,42,rf:maxprob,attacks_only,92351,18998,SAFE_FINAL_01
0.42346978170865945,0.41919752991727244,0.42774203350004647,0.13083155573014132,0.7659483789149801,0.0005790083166649121,0.04960447396596709,ciciot2023,D_clean,DoS-HTTP_Flood,DoS,near,3,42,mlp:maxprob,with_normal,96201,18998,SAFE_FINAL_01
0.4377048554241322,0.43336472653387653,0.4420449843143878,0.1382317868932685,0.756191053697307,0.0007369196757553427,0.05019978126928783,ciciot2023,D_clean,DoS-HTTP_Flood,DoS,near,3,42,mlp:maxprob,attacks_only,92351,18998,SAFE_FINAL_01
0.4359132149159059,0.43159626038020127,0.44023016945161053,0.1327990725781655,0.7661562769617779,0.0008948310348457732,0.049791582208085154,ciciot2023,D_clean,DoS-HTTP_Flood,DoS,near,3,42,mlp:entropy,with_normal,96201,18998,SAFE_FINAL_01
0.4518815762009174,0.4474956575128836,0.4562674948889512,0.1407988388100336,0.7564076187588656,0.0008948310348457732,0.05022143777544369,ciciot2023,D_clean,DoS-HTTP_Flood,DoS,near,3,42,mlp:entropy,attacks_only,92351,18998,SAFE_FINAL_01
0.528990842307713,0.5244502338694405,0.5335314507459855,0.1664677973191345,0.7765719691063503,0.03431940204232024,0.04964605357532666,ciciot2023,D_clean,DoS-HTTP_Flood,DoS,near,3,42,mlp:energy,with_normal,96201,18998,SAFE_FINAL_01
0.5451789170130265,0.5406055717329208,0.5497522622931321,0.17894020708751968,0.7672575283429525,0.03500368459837878,0.05004818572619679,ciciot2023,D_clean,DoS-HTTP_Flood,DoS,near,3,42,mlp:energy,attacks_only,92351,18998,SAFE_FINAL_01
0.9389653580648973,0.9365687775304804,0.9413619385993143,0.7337642661176808,0.21673371378675899,0.5792188651436994,0.04870011746239644,ciciot2023,D_clean,DoS-HTTP_Flood,DoS,near,3,42,mlp:mahalanobis,with_normal,96201,18998,SAFE_FINAL_01
0.9381953693608948,0.935783712448648,0.9406070262731415,0.7369140608694572,0.2167166571017098,0.5715338456679651,0.048716310597611286,ciciot2023,D_clean,DoS-HTTP_Flood,DoS,near,3,42,mlp:mahalanobis,attacks_only,92351,18998,SAFE_FINAL_01
0.39638589731226925,0.3922229048303209,0.4005488897942176,0.14943551652821974,0.7373623974802757,0.03531950731655964,0.04873130216941612,ciciot2023,D_clean,DoS-HTTP_Flood,DoS,near,3,42,edl:vacuity,with_normal,96201,18998,SAFE_FINAL_01
0.4106559020341828,0.4064156459066044,0.4148961581617612,0.15650256899052634,0.726413357732997,0.03537214443625645,0.048900390899936114,ciciot2023,D_clean,DoS-HTTP_Flood,DoS,near,3,42,edl:vacuity,attacks_only,92351,18998,SAFE_FINAL_01
0.9521492431245521,0.9500099245775829,0.9542885616715212,0.740612847766796,0.1860063824700367,0.7118117696599642,0.04935499630980967,ciciot2023,D_clean,DoS-HTTP_Flood,DoS,near,3,42,fusion_rank,with_normal,96201,18998,SAFE_FINAL_01
0.9531686658047253,0.9510501616420776,0.955287169967373,0.7494566770232276,0.18026875724139424,0.715496368038741,0.049582570843845764,ciciot2023,D_clean,DoS-HTTP_Flood,DoS,near,3,42,fusion_rank,attacks_only,92351,18998,SAFE_FINAL_01
0.9570088151015188,0.9549750614463641,0.9590425687566735,0.7939848346650248,0.16358457812288854,0.6946520686388041,0.04821155705242149,ciciot2023,D_clean,DoS-HTTP_Flood,DoS,near,3,42,fusion_z,with_normal,96201,18998,SAFE_FINAL_01
0.9570530724692755,0.9550196183479566,0.9590865265905945,0.7981759288950403,0.16079955820727443,0.6898094536266975,0.04815324143755888,ciciot2023,D_clean,DoS-HTTP_Flood,DoS,near,3,42,fusion_z,attacks_only,92351,18998,SAFE_FINAL_01
0.8510473445188939,0.8475200615861678,0.8545746274516199,0.36277433319628566,0.2418062182305797,0.03589851563322455,0.0502801426180601,ciciot2023,D_clean,DoS-HTTP_Flood,DoS,near,3,7,rf:maxprob,with_normal,96201,18998,SAFE_FINAL_01
0.8626594337295119,0.8592402549261113,0.8660786125329125,0.38974045927458395,0.22075559549977802,0.04158332456048005,0.051813190977899534,ciciot2023,D_clean,DoS-HTTP_Flood,DoS,near,3,7,rf:maxprob,attacks_only,92351,18998,SAFE_FINAL_01
0.40808104692510067,0.4038688646207644,0.41229322922943695,0.12795060008768358,0.829107805532167,0.001105379513633014,0.05115331441461107,ciciot2023,D_clean,DoS-HTTP_Flood,DoS,near,3,7,mlp:maxprob,with_normal,96201,18998,SAFE_FINAL_01
0.421929140285757,0.41764526743172137,0.42621301313979265,0.13508033321951995,0.8219835193988154,0.0012632908727234445,0.05082781994780782,ciciot2023,D_clean,DoS-HTTP_Flood,DoS,near,3,7,mlp:maxprob,attacks_only,92351,18998,SAFE_FINAL_01
0.4163731398047863,0.41212793224363903,0.42061834736593356,0.1292229999216044,0.8276733090092618,0.0012632908727234445,0.05012421908296172,ciciot2023,D_clean,DoS-HTTP_Flood,DoS,near,3,7,mlp:entropy,with_normal,96201,18998,SAFE_FINAL_01
0.4317165952202782,0.42739716339592954,0.4360360270446269,0.1367921007479412,0.8204892204740609,0.0013159279924202549,0.050069842232352654,ciciot2023,D_clean,DoS-HTTP_Flood,DoS,near,3,7,mlp:entropy,attacks_only,92351,18998,SAFE_FINAL_01
0.5767023401571222,0.5721247151423434,0.581279965171901,0.18194780321770584,0.7738692944979781,0.026581745446889148,0.04991632103616386,ciciot2023,D_clean,DoS-HTTP_Flood,DoS,near,3,7,mlp:energy,with_normal,96201,18998,SAFE_FINAL_01
0.5950539923270377,0.5904641161137414,0.599643868540334,0.19781866151771496,0.7644421825426904,0.02695020528476682,0.04957174259076783,ciciot2023,D_clean,DoS-HTTP_Flood,DoS,near,3,7,mlp:energy,attacks_only,92351,18998,SAFE_FINAL_01
0.9371594317320172,0.9347303970086684,0.939588466455366,0.7080867699912663,0.19594390910697393,0.5390041056953363,0.04873130216941612,ciciot2023,D_clean,DoS-HTTP_Flood,DoS,near,3,7,mlp:mahalanobis,with_normal,96201,18998,SAFE_FINAL_01
0.9365140679076056,0.934072368201352,0.9389557676138592,0.7123887742286414,0.19575315914283548,0.5313717233392988,0.04818572619679267,ciciot2023,D_clean,DoS-HTTP_Flood,DoS,near,3,7,mlp:mahalanobis,attacks_only,92351,18998,SAFE_FINAL_01
0.3779520541865084,0.37387280361478603,0.38203130475823077,0.1364008433571079,0.7318115196307731,0.023370881145383725,0.05038409164145903,ciciot2023,D_clean,DoS-HTTP_Flood,DoS,near,3,7,edl:vacuity,with_normal,96201,18998,SAFE_FINAL_01
0.3922956123258506,0.3881324875778539,0.39645873707384727,0.14322784312256825,0.7206310705893818,0.023476155384777344,0.05094693073166506,ciciot2023,D_clean,DoS-HTTP_Flood,DoS,near,3,7,edl:vacuity,attacks_only,92351,18998,SAFE_FINAL_01
0.9524900113102862,0.9503578822131082,0.9546221404074642,0.7326464161401451,0.16810636064074178,0.7029160964312032,0.05018658849700107,ciciot2023,D_clean,DoS-HTTP_Flood,DoS,near,3,7,fusion_rank,with_normal,96201,18998,SAFE_FINAL_01
0.9537392927411653,0.9516330149443861,0.9558455705379445,0.7429147417295305,0.16207729207047028,0.7060743236130119,0.04975582289309266,ciciot2023,D_clean,DoS-HTTP_Flood,DoS,near,3,7,fusion_rank,attacks_only,92351,18998,SAFE_FINAL_01
0.9559477077603792,0.953890325646487,0.9580050898742714,0.7748659049024551,0.14731655596095675,0.6671754921570692,0.048835251192815045,ciciot2023,D_clean,DoS-HTTP_Flood,DoS,near,3,7,fusion_z,with_normal,96201,18998,SAFE_FINAL_01
0.95609374099967,0.9540388750038602,0.9581486069954799,0.7801923481924469,0.1446546328680794,0.6631750710601116,0.04874879535684508,ciciot2023,D_clean,DoS-HTTP_Flood,DoS,near,3,7,fusion_z,attacks_only,92351,18998,SAFE_FINAL_01
0.8444277757222703,0.8408405456373023,0.8480150058072384,0.3538566963470768,0.2532198209997817,0.03921465417412359,0.04857537863431773,ciciot2023,D_clean,DoS-HTTP_Flood,DoS,near,3,13,rf:maxprob,with_normal,96201,18998,SAFE_FINAL_01
0.8564948955160157,0.8530152173224969,0.8599745737095345,0.38040254752330777,0.23091249688687723,0.03921465417412359,0.04665894251280441,ciciot2023,D_clean,DoS-HTTP_Flood,DoS,near,3,13,rf:maxprob,attacks_only,92351,18998,SAFE_FINAL_01
0.4500439572285104,0.4456804403099757,0.45440747414704513,0.13601016681793146,0.7245870625045477,0.001421202231813875,0.04976039750106548,ciciot2023,D_clean,DoS-HTTP_Flood,DoS,near,3,13,mlp:maxprob,with_normal,96201,18998,SAFE_FINAL_01
0.46412514716047915,0.4597033211625145,0.4685469731584438,0.1437937385112402,0.7131054347002198,0.0015264764712074955,0.04953925783153404,ciciot2023,D_clean,DoS-HTTP_Flood,DoS,near,3,13,mlp:maxprob,attacks_only,92351,18998,SAFE_FINAL_01
0.4670030921163033,0.46258960907205937,0.47141657516054725,0.13943582713308747,0.7232461201027016,0.0010527423939362037,0.04849221941559859,ciciot2023,D_clean,DoS-HTTP_Flood,DoS,near,3,13,mlp:entropy,with_normal,96201,18998,SAFE_FINAL_01
0.483095538937676,0.4786247654023414,0.4875663124730106,0.1481231736928301,0.7117085900531667,0.0010527423939362037,0.04829400872757198,ciciot2023,D_clean,DoS-HTTP_Flood,DoS,near,3,13,mlp:entropy,attacks_only,92351,18998,SAFE_FINAL_01
0.6138403857919779,0.6092721673355485,0.6184086042484073,0.19427226552836524,0.7028409268094926,0.03452995052110749,0.04793089468924439,ciciot2023,D_clean,DoS-HTTP_Flood,DoS,near,3,13,mlp:energy,with_normal,96201,18998,SAFE_FINAL_01
0.6305385686615019,0.6259744592635609,0.635102678059443,0.20919658143238837,0.6904527292611883,0.034687861880197915,0.04769845480828578,ciciot2023,D_clean,DoS-HTTP_Flood,DoS,near,3,13,mlp:energy,attacks_only,92351,18998,SAFE_FINAL_01
0.9428187004312791,0.9404934429961342,0.945143957866424,0.7458121099310958,0.20611012359538883,0.5955363722497105,0.04907433394663257,ciciot2023,D_clean,DoS-HTTP_Flood,DoS,near,3,13,mlp:mahalanobis,with_normal,96201,18998,SAFE_FINAL_01
0.9425725421909703,0.9402415899778014,0.9449034944041392,0.7497318918265461,0.20441576160518024,0.5882198126118539,0.04877045186300094,ciciot2023,D_clean,DoS-HTTP_Flood,DoS,near,3,13,mlp:mahalanobis,attacks_only,92351,18998,SAFE_FINAL_01
0.3873298491467895,0.38320704664691146,0.3914526516466675,0.14411325486524723,0.7339320797081111,0.031529634698389306,0.048305111173480526,ciciot2023,D_clean,DoS-HTTP_Flood,DoS,near,3,13,edl:vacuity,with_normal,96201,18998,SAFE_FINAL_01
0.4015670498180771,0.39736403172086254,0.4057700679152917,0.15103179301113479,0.7228400342172797,0.031529634698389306,0.048348149992961637,ciciot2023,D_clean,DoS-HTTP_Flood,DoS,near,3,13,edl:vacuity,attacks_only,92351,18998,SAFE_FINAL_01
0.950834228885522,0.9486674495867071,0.953001008184337,0.73019645059479,0.1789066641718901,0.6905463733024529,0.050051454766582466,ciciot2023,D_clean,DoS-HTTP_Flood,DoS,near,3,13,fusion_rank,with_normal,96201,18998,SAFE_FINAL_01
0.9524497331807982,0.9503159501762414,0.954583516185355,0.7417972256609251,0.1709456313412957,0.6991788609327297,0.049495944819222315,ciciot2023,D_clean,DoS-HTTP_Flood,DoS,near,3,13,fusion_rank,attacks_only,92351,18998,SAFE_FINAL_01
0.9591157848754398,0.9571299796823122,0.9611015900685674,0.8010180426627045,0.15700460494173657,0.7160753763554059,0.04935499630980967,ciciot2023,D_clean,DoS-HTTP_Flood,DoS,near,3,13,fusion_z,with_normal,96201,18998,SAFE_FINAL_01
0.959560512977586,0.9575843752156161,0.961536650739556,0.8060012661074041,0.15272168141113793,0.7106011159069375,0.04909529945533887,ciciot2023,D_clean,DoS-HTTP_Flood,DoS,near,3,13,fusion_z,attacks_only,92351,18998,SAFE_FINAL_01
0.7961837906824372,0.7922369117815319,0.8001306695833424,0.2972671352376285,0.2605422939366215,0.003982602316197663,0.04659818680861682,ciciot2023,D_clean,DoS-SYN_Flood,DoS,near,3,42,rf:maxprob,with_normal,96184,19083,SAFE_FINAL_01
0.81305792392217,0.8092215590287671,0.8168942888155729,0.32302095718065743,0.23739900794940108,0.0051878635434680085,0.04866029848159941,ciciot2023,D_clean,DoS-SYN_Flood,DoS,near,3,42,rf:maxprob,attacks_only,92334,19083,SAFE_FINAL_01
0.558210687600726,0.5536496389387239,0.5627717362627281,0.16420463357056547,0.5728499542543458,0.0006812346067180213,0.05095442069367046,ciciot2023,D_clean,DoS-SYN_Flood,DoS,near,3,42,mlp:maxprob,with_normal,96184,19083,SAFE_FINAL_01
0.5724605825983065,0.5678794215850855,0.5770417436115274,0.1742053207550159,0.5550393137955683,0.0006812346067180213,0.050555591656377935,ciciot2023,D_clean,DoS-SYN_Flood,DoS,near,3,42,mlp:maxprob,attacks_only,92334,19083,SAFE_FINAL_01
0.5580848820394634,0.5535239147660556,0.5626458493128712,0.16391443017833204,0.5759585793895035,0.0003668186343866268,0.05114156200615487,ciciot2023,D_clean,DoS-SYN_Flood,DoS,near,3,42,mlp:entropy,with_normal,96184,19083,SAFE_FINAL_01
0.57718636583096,0.5726041845845106,0.5817685470774093,0.17549787029004163,0.5582775575627613,0.00041922129644185924,0.050826347824203436,ciciot2023,D_clean,DoS-SYN_Flood,DoS,near,3,42,mlp:entropy,attacks_only,92334,19083,SAFE_FINAL_01
0.7016651223724635,0.6972722281837636,0.7060580165611634,0.22424835127366102,0.4216085835481993,0.00979929780432846,0.04869832820427514,ciciot2023,D_clean,DoS-SYN_Flood,DoS,near,3,42,mlp:energy,with_normal,96184,19083,SAFE_FINAL_01
0.724178699225134,0.7198559978799811,0.7285014005702869,0.24526996475144786,0.39760001732839473,0.009851700466383692,0.048681958975025454,ciciot2023,D_clean,DoS-SYN_Flood,DoS,near,3,42,mlp:energy,attacks_only,92334,19083,SAFE_FINAL_01
0.506203445701456,0.5017076936572994,0.5106991977456127,0.16295486728918906,0.9030400066539134,0.04475187339516847,0.04927014888131082,ciciot2023,D_clean,DoS-SYN_Flood,DoS,near,3,42,mlp:mahalanobis,with_normal,96184,19083,SAFE_FINAL_01
0.5135907661013461,0.5090668435825814,0.5181146886201109,0.17020587343266522,0.8989971191543743,0.043389404181732434,0.049396755258084776,ciciot2023,D_clean,DoS-SYN_Flood,DoS,near,3,42,mlp:mahalanobis,attacks_only,92334,19083,SAFE_FINAL_01
0.5203200131807318,0.5158003244110507,0.524839701950413,0.19010370185090353,0.6209452715628379,0.049153697007807994,0.04826166514181153,ciciot2023,D_clean,DoS-SYN_Flood,DoS,near,3,42,edl:vacuity,with_normal,96184,19083,SAFE_FINAL_01
0.5383157738331708,0.5337578850710885,0.542873662595253,0.20024490051083507,0.6051400350899994,0.04920609966986323,0.04847618428747807,ciciot2023,D_clean,DoS-SYN_Flood,DoS,near,3,42,edl:vacuity,attacks_only,92334,19083,SAFE_FINAL_01
0.6113336440881365,0.6067725445747939,0.6158947436014791,0.21013953744827513,0.7157739332945189,0.08546874181208405,0.0473259585793895,ciciot2023,D_clean,DoS-SYN_Flood,DoS,near,3,42,fusion_rank,with_normal,96184,19083,SAFE_FINAL_01
0.6235891509456722,0.6190262895630747,0.6281520123282698,0.22216303770235904,0.7039227153594559,0.08688361368757533,0.047144063941776594,ciciot2023,D_clean,DoS-SYN_Flood,DoS,near,3,42,fusion_rank,attacks_only,92334,19083,SAFE_FINAL_01
0.6881675752315441,0.68373502182723,0.6926001286358583,0.23035979959980463,0.4994073858437994,0.07058638578839806,0.04864634450636281,ciciot2023,D_clean,DoS-SYN_Flood,DoS,near,3,42,fusion_z,with_normal,96184,19083,SAFE_FINAL_01
0.7029142521382752,0.6985162382700131,0.7073122660065373,0.24483311595550483,0.4786427534819243,0.0698527485196248,0.048465354040765046,ciciot2023,D_clean,DoS-SYN_Flood,DoS,near,3,42,fusion_z,attacks_only,92334,19083,SAFE_FINAL_01
0.7914077604467766,0.7874303782004289,0.7953851426931243,0.29383619084875934,0.2656262995924478,0.003458575695645339,0.05032021957913998,ciciot2023,D_clean,DoS-SYN_Flood,DoS,near,3,7,rf:maxprob,with_normal,96184,19083,SAFE_FINAL_01
0.8090078432609238,0.8051423990591663,0.8128732874626813,0.3197352480014247,0.24248922390452055,0.003458575695645339,0.048021313925531224,ciciot2023,D_clean,DoS-SYN_Flood,DoS,near,3,7,rf:maxprob,attacks_only,92334,19083,SAFE_FINAL_01
0.5718794363481104,0.5673117994812746,0.5764470732149463,0.1681684975880695,0.5603426765366382,0.00041922129644185924,0.05066331198536139,ciciot2023,D_clean,DoS-SYN_Flood,DoS,near,3,7,mlp:maxprob,with_normal,96184,19083,SAFE_FINAL_01
0.5856644353974796,0.581081786889644,0.5902470839053152,0.17833973485550542,0.5420863387267962,0.00041922129644185924,0.05002490956743995,ciciot2023,D_clean,DoS-SYN_Flood,DoS,near,3,7,mlp:maxprob,attacks_only,92334,19083,SAFE_FINAL_01
0.5628802020598356,0.5583163994620077,0.5674440046576634,0.16547995814612168,0.5626091657656159,0.00047162395849709165,0.05101680113116527,ciciot2023,D_clean,DoS-SYN_Flood,DoS,near,3,7,mlp:entropy,with_normal,96184,19083,SAFE_FINAL_01
0.5812505814879948,0.5766679571028888,0.5858332058731008,0.17674675615418117,0.5444256720168086,0.00047162395849709165,0.050490610176099814,ciciot2023,D_clean,DoS-SYN_Flood,DoS,near,3,7,mlp:entropy,attacks_only,92334,19083,SAFE_FINAL_01
0.5961119557115869,0.5915437698732132,0.6006801415499606,0.17648286313272493,0.5871350744406554,0.006445527432793586,0.05026823588122765,ciciot2023,D_clean,DoS-SYN_Flood,DoS,near,3,7,mlp:energy,with_normal,96184,19083,SAFE_FINAL_01
0.6190856230133787,0.6145185059690993,0.623652740057658,0.19137158028092285,0.5699200727792579,0.006497930094848818,0.050057400307579006,ciciot2023,D_clean,DoS-SYN_Flood,DoS,near,3,7,mlp:energy,attacks_only,92334,19083,SAFE_FINAL_01
0.5304904167830886,0.5259563323317266,0.5350245012344507,0.1811898595881581,0.9227730183814356,0.05874338416391553,0.04955086085003743,ciciot2023,D_clean,DoS-SYN_Flood,DoS,near,3,7,mlp:mahalanobis,with_normal,96184,19083,SAFE_FINAL_01
0.5350235184457173,0.5304693311170922,0.5395777057743424,0.18778556143990435,0.9195529274156865,0.057800136246921346,0.04968917191933632,ciciot2023,D_clean,DoS-SYN_Flood,DoS,near,3,7,mlp:mahalanobis,attacks_only,92334,19083,SAFE_FINAL_01
0.5333542328338535,0.5288165281276079,0.5378919375400991,0.1809431870406028,0.6005156782832903,0.041031284389246976,0.04955086085003743,ciciot2023,D_clean,DoS-SYN_Flood,DoS,near,3,7,edl:vacuity,with_normal,96184,19083,SAFE_FINAL_01
0.5501995584335374,0.5456304277856731,0.5547686890814018,0.1911824149066228,0.5838586002989148,0.041083687051302206,0.049450906491649876,ciciot2023,D_clean,DoS-SYN_Flood,DoS,near,3,7,edl:vacuity,attacks_only,92334,19083,SAFE_FINAL_01
0.6288140863843,0.6242683796792028,0.6333597930893973,0.2344384902691524,0.7478686683855943,0.10658701462034272,0.048750311902187475,ciciot2023,D_clean,DoS-SYN_Flood,DoS,near,3,7,fusion_rank,with_normal,96184,19083,SAFE_FINAL_01
0.6386886155898293,0.6341438695884788,0.6432333615911797,0.2463382576992263,0.737355686962549,0.10658701462034272,0.048248749106504646,ciciot2023,D_clean,DoS-SYN_Flood,DoS,near,3,7,fusion_rank,attacks_only,92334,19083,SAFE_FINAL_01
0.7090722101055685,0.7047034104049023,0.7134410098062348,0.2555056497183891,0.526095816351992,0.09453440234763925,0.04895824669383681,ciciot2023,D_clean,DoS-SYN_Flood,DoS,near,3,7,fusion_z,with_normal,96184,19083,SAFE_FINAL_01
0.7209895638702952,0.7166546600788094,0.725324467661781,0.26902372511718214,0.5065739597548032,0.09338154378242415,0.049006866376416054,ciciot2023,D_clean,DoS-SYN_Flood,DoS,near,3,7,fusion_z,attacks_only,92334,19083,SAFE_FINAL_01
0.7900398847435199,0.7860539420087832,0.7940258274782567,0.2917642607968389,0.2679343757797555,0.005502279515799403,0.04802254013141479,ciciot2023,D_clean,DoS-SYN_Flood,DoS,near,3,13,rf:maxprob,with_normal,96184,19083,SAFE_FINAL_01
0.8075321936277035,0.8036563407446842,0.8114080465107227,0.31738737461841404,0.24480689670110686,0.005502279515799403,0.046212662724456864,ciciot2023,D_clean,DoS-SYN_Flood,DoS,near,3,13,rf:maxprob,attacks_only,92334,19083,SAFE_FINAL_01
0.5510974144087202,0.5465415579802725,0.5556532708371679,0.1636167260289459,0.5541670132246528,0.00010480532411046481,0.05160941528736588,ciciot2023,D_clean,DoS-SYN_Flood,DoS,near,3,13,mlp:maxprob,with_normal,96184,19083,SAFE_FINAL_01
0.5678114416782997,0.5632318116240156,0.5723910717325837,0.17423128673261096,0.5355773604522711,0.00010480532411046481,0.051855221261940344,ciciot2023,D_clean,DoS-SYN_Flood,DoS,near,3,13,mlp:maxprob,attacks_only,92334,19083,SAFE_FINAL_01
0.5519802467701198,0.5474236807199349,0.5565368128203048,0.1630305815628668,0.5557577143807702,0.00010480532411046481,0.05073608916243866,ciciot2023,D_clean,DoS-SYN_Flood,DoS,near,3,13,mlp:entropy,with_normal,96184,19083,SAFE_FINAL_01
0.572821141619104,0.5682398836918097,0.5774023995463984,0.17477626852178785,0.5372343881993632,0.00015720798616569723,0.051032122511750815,ciciot2023,D_clean,DoS-SYN_Flood,DoS,near,3,13,mlp:entropy,attacks_only,92334,19083,SAFE_FINAL_01
0.682004758972838,0.6775558808045028,0.6864536371411731,0.21446721688559572,0.47171047159610746,0.021485091442645286,0.04978998586043417,ciciot2023,D_clean,DoS-SYN_Flood,DoS,near,3,13,mlp:energy,with_normal,96184,19083,SAFE_FINAL_01
0.7050045147253734,0.7006132823403259,0.7093957471104209,0.2341027246505157,0.44969350401802155,0.021851910077031914,0.049624190439058205,ciciot2023,D_clean,DoS-SYN_Flood,DoS,near,3,13,mlp:energy,attacks_only,92334,19083,SAFE_FINAL_01
0.49622602657209414,0.4917499465447285,0.5007021065994598,0.15933968340222524,0.9143932462779673,0.04040245244458419,0.05043458371454712,ciciot2023,D_clean,DoS-SYN_Flood,DoS,near,3,13,mlp:mahalanobis,with_normal,96184,19083,SAFE_FINAL_01
0.5045173547572515,0.5000094418850846,0.5090252676294184,0.16673994010659823,0.9108237485649923,0.037834722003877795,0.05014404228128317,ciciot2023,D_clean,DoS-SYN_Flood,DoS,near,3,13,mlp:mahalanobis,attacks_only,92334,19083,SAFE_FINAL_01
0.5128984578366842,0.5083907823488839,0.5174061333244845,0.16031375155940036,0.6251975380520669,0.021065870146203428,0.04938451301671796,ciciot2023,D_clean,DoS-SYN_Flood,DoS,near,3,13,edl:vacuity,with_normal,96184,19083,SAFE_FINAL_01
0.5301907775171742,0.5256424824583485,0.534739072576,0.1701413368272164,0.6095696059956246,0.02111827280825866,0.04938592501137176,ciciot2023,D_clean,DoS-SYN_Flood,DoS,near,3,13,edl:vacuity,attacks_only,92334,19083,SAFE_FINAL_01
0.6021988531069612,0.5976328040904817,0.6067649021234407,0.20599778188859244,0.735215836313732,0.09259550385159566,0.049218165183398485,ciciot2023,D_clean,DoS-SYN_Flood,DoS,near,3,13,fusion_rank,with_normal,96184,19083,SAFE_FINAL_01
0.6153619514478479,0.610791709057892,0.6199321938378037,0.2182937959129642,0.7241752767128036,0.09275271183776136,0.04842203305391297,ciciot2023,D_clean,DoS-SYN_Flood,DoS,near,3,13,fusion_rank,attacks_only,92334,19083,SAFE_FINAL_01
0.6792719286017631,0.6748161628862438,0.6837276943172824,0.22462540121296048,0.5118002994261,0.07346853220143583,0.04907261082924395,ciciot2023,D_clean,DoS-SYN_Flood,DoS,near,3,13,fusion_z,with_normal,96184,19083,SAFE_FINAL_01
0.6950947583931663,0.6906725465782254,0.6995169702081071,0.239398245559848,0.4916715402776875,0.07210606298799979,0.04853033552104317,ciciot2023,D_clean,DoS-SYN_Flood,DoS,near,3,13,fusion_z,attacks_only,92334,19083,SAFE_FINAL_01
0.7834144478525016,0.7793895864205982,0.787439309284405,0.2982954809310994,0.27890123829030683,0.006440464970153943,0.04984352418876909,ciciot2023,D_clean,DoS-TCP_Flood,DoS,near,3,42,rf:maxprob,with_normal,96181,19098,SAFE_FINAL_01
0.8009504678820301,0.7970308014127262,0.8048701343513339,0.32370313215117913,0.25552631293931616,0.006440464970153943,0.04818533320336615,ciciot2023,D_clean,DoS-TCP_Flood,DoS,near,3,42,rf:maxprob,attacks_only,92331,19098,SAFE_FINAL_01
0.26559361117203834,0.26219760986005275,0.2689896124840239,0.11134747116564472,0.8561254301785176,0.000471253534401508,0.05134070138592861,ciciot2023,D_clean,DoS-TCP_Flood,DoS,near,3,42,mlp:maxprob,with_normal,96181,19098,SAFE_FINAL_01
0.2762898458916517,0.2727969753300665,0.2797827164532368,0.11659563483767389,0.8501261764737738,0.000471253534401508,0.050849660460733664,ciciot2023,D_clean,DoS-TCP_Flood,DoS,near,3,42,mlp:maxprob,attacks_only,92331,19098,SAFE_FINAL_01
0.26774999341296085,0.2643382919710534,0.2711616948548683,0.11019377272765643,0.854503488214928,0.000471253534401508,0.05159023091878853,ciciot2023,D_clean,DoS-TCP_Flood,DoS,near,3,42,mlp:entropy,with_normal,96181,19098,SAFE_FINAL_01
0.2785317755500408,0.27502317751775435,0.2820403735823273,0.11542404461019054,0.8484366030910528,0.000471253534401508,0.0512612232078067,ciciot2023,D_clean,DoS-TCP_Flood,DoS,near,3,42,mlp:entropy,attacks_only,92331,19098,SAFE_FINAL_01
0.31829633200787155,0.3145477861530905,0.3220448778626526,0.11558609854717464,0.8289579022883937,0.007644779558068908,0.05009305372162901,ciciot2023,D_clean,DoS-TCP_Flood,DoS,near,3,42,mlp:energy,with_normal,96181,19098,SAFE_FINAL_01
0.33059352959759475,0.32675265007023135,0.33443440912495814,0.12137202152225379,0.8218258223131992,0.007644779558068908,0.049744939402800795,ciciot2023,D_clean,DoS-TCP_Flood,DoS,near,3,42,mlp:energy,attacks_only,92331,19098,SAFE_FINAL_01
0.5528542260034391,0.5482984922250278,0.5574099597818505,0.19481403341931736,0.9037751738908932,0.06644674835061264,0.05009305372162901,ciciot2023,D_clean,DoS-TCP_Flood,DoS,near,3,42,mlp:mahalanobis,with_normal,96181,19098,SAFE_FINAL_01
0.5572965785349588,0.5527238418087628,0.5618693152611549,0.20185369430606098,0.8997628098905026,0.06482354173211854,0.049874906586087016,ciciot2023,D_clean,DoS-TCP_Flood,DoS,near,3,42,mlp:mahalanobis,attacks_only,92331,19098,SAFE_FINAL_01
0.20196203962406295,0.19908023055545826,0.20484384869266764,0.10714001791341458,0.9116145600482424,0.00916326316891821,0.050103450785498174,ciciot2023,D_clean,DoS-TCP_Flood,DoS,near,3,42,edl:vacuity,with_normal,96181,19098,SAFE_FINAL_01
0.20996785018069808,0.20699521680695052,0.21294048355444564,0.1116900285191308,0.9079290812403201,0.00916326316891821,0.04973410880419361,ciciot2023,D_clean,DoS-TCP_Flood,DoS,near,3,42,edl:vacuity,attacks_only,92331,19098,SAFE_FINAL_01
0.6484696833458403,0.6439523600846826,0.652987006606998,0.2533693772668583,0.7377340639003546,0.08655356581841031,0.04946922988947921,ciciot2023,D_clean,DoS-TCP_Flood,DoS,near,3,42,fusion_rank,with_normal,96181,19098,SAFE_FINAL_01
0.6578946020200134,0.6533832047679893,0.6624059992720375,0.2660564298496118,0.7267981501337579,0.08692009634516704,0.049593311022300204,ciciot2023,D_clean,DoS-TCP_Flood,DoS,near,3,42,fusion_rank,attacks_only,92331,19098,SAFE_FINAL_01
0.7247399938927894,0.7204293123853218,0.729050675400257,0.2708867033136186,0.5084268202659569,0.07985129332914441,0.048897391376675224,ciciot2023,D_clean,DoS-TCP_Flood,DoS,near,3,42,fusion_z,with_normal,96181,19098,SAFE_FINAL_01
0.7361859097555213,0.7319136356952798,0.7404581838157629,0.28470090800760106,0.4880484344369713,0.07948476280238768,0.04887849151422599,ciciot2023,D_clean,DoS-TCP_Flood,DoS,near,3,42,fusion_z,attacks_only,92331,19098,SAFE_FINAL_01
0.7862868259274081,0.7822792457361669,0.7902944061186492,0.3022701313495928,0.24053607261309407,0.008011310084825637,0.050904024703423756,ciciot2023,D_clean,DoS-TCP_Flood,DoS,near,3,7,rf:maxprob,with_normal,96181,19098,SAFE_FINAL_01
0.8040144948706068,0.8001156437486989,0.8079133459925147,0.3279274425110449,0.21987198232446306,0.008011310084825637,0.048651048943475106,ciciot2023,D_clean,DoS-TCP_Flood,DoS,near,3,7,rf:maxprob,attacks_only,92331,19098,SAFE_FINAL_01
0.27396340383120793,0.2705070798942968,0.2774197277681191,0.11150470385719499,0.855771930006966,0.00020944601528955913,0.05024900967966646,ciciot2023,D_clean,DoS-TCP_Flood,DoS,near,3,7,mlp:maxprob,with_normal,96181,19098,SAFE_FINAL_01
0.28514620353679576,0.28159189462445267,0.28870051244913886,0.11683924288319043,0.8497579361211294,0.00020944601528955913,0.04963663341672894,ciciot2023,D_clean,DoS-TCP_Flood,DoS,near,3,7,mlp:maxprob,attacks_only,92331,19098,SAFE_FINAL_01
0.2750727914512342,0.2716085962295203,0.2785369866729481,0.11114285275762299,0.8521537517804972,0.00031416902293433867,0.04868945009929196,ciciot2023,D_clean,DoS-TCP_Flood,DoS,near,3,7,mlp:entropy,with_normal,96181,19098,SAFE_FINAL_01
0.2863185945695324,0.2827562907961633,0.2898808983429015,0.11647331373977828,0.845988887805829,0.00031416902293433867,0.04803370482286556,ciciot2023,D_clean,DoS-TCP_Flood,DoS,near,3,7,mlp:entropy,attacks_only,92331,19098,SAFE_FINAL_01
0.3651967314862789,0.3611879712151342,0.3692054917574236,0.12168011277782008,0.8266289599817012,0.008482563619227144,0.04964597997525499,ciciot2023,D_clean,DoS-TCP_Flood,DoS,near,3,7,mlp:energy,with_normal,96181,19098,SAFE_FINAL_01
0.3797212377339657,0.3756235665315892,0.38381890893634224,0.12827503154116843,0.8193997682251898,0.008534925123049535,0.049127595282191246,ciciot2023,D_clean,DoS-TCP_Flood,DoS,near,3,7,mlp:energy,attacks_only,92331,19098,SAFE_FINAL_01
0.6020290330163658,0.5974644616760507,0.6065936043566809,0.2932462781654612,0.9309219076532788,0.16410095297936958,0.05156943679105021,ciciot2023,D_clean,DoS-TCP_Flood,DoS,near,3,7,mlp:mahalanobis,with_normal,96181,19098,SAFE_FINAL_01
0.6052341168520009,0.6006587056099978,0.609809528094004,0.2996875236861298,0.9280415028538628,0.16253010786469788,0.05172693894791565,ciciot2023,D_clean,DoS-TCP_Flood,DoS,near,3,7,mlp:mahalanobis,attacks_only,92331,19098,SAFE_FINAL_01
0.24470839017216736,0.24147020372288278,0.24794657662145195,0.11232629745343978,0.8550441355361246,0.007644779558068908,0.050113847849367336,ciciot2023,D_clean,DoS-TCP_Flood,DoS,near,3,7,edl:vacuity,with_normal,96181,19098,SAFE_FINAL_01
0.2545653258568199,0.25123104866574825,0.25789960304789156,0.11740548913993246,0.8489997942186265,0.007644779558068908,0.04985324538887264,ciciot2023,D_clean,DoS-TCP_Flood,DoS,near,3,7,edl:vacuity,attacks_only,92331,19098,SAFE_FINAL_01
0.6847329827723003,0.6802927500178789,0.6891732155267217,0.3214765172489105,0.7306744575331926,0.182427479317206,0.04893897963215188,ciciot2023,D_clean,DoS-TCP_Flood,DoS,near,3,7,fusion_rank,with_normal,96181,19098,SAFE_FINAL_01
0.6928432211396172,0.6884159283538884,0.6972705139253459,0.33492444887004774,0.7194441736794792,0.1844172164624568,0.04857523475322481,ciciot2023,D_clean,DoS-TCP_Flood,DoS,near,3,7,fusion_rank,attacks_only,92331,19098,SAFE_FINAL_01
0.7601241246104209,0.7559710009901893,0.7642772482306525,0.37551148833082804,0.5202482818851957,0.2540580165462352,0.05080005406473212,ciciot2023,D_clean,DoS-TCP_Flood,DoS,near,3,7,fusion_z,with_normal,96181,19098,SAFE_FINAL_01
0.7699501251104272,0.7658418771587046,0.7740583730621498,0.388019154700839,0.5003953168491623,0.2494502042098649,0.050687201481625886,ciciot2023,D_clean,DoS-TCP_Flood,DoS,near,3,7,fusion_z,attacks_only,92331,19098,SAFE_FINAL_01
0.8014820307906635,0.7975715547190774,0.8053925068622496,0.3287028083026095,0.2425427059398426,0.0053932348937061475,0.04492571297865483,ciciot2023,D_clean,DoS-TCP_Flood,DoS,near,3,13,rf:maxprob,with_normal,96181,19098,SAFE_FINAL_01
0.8176221147072362,0.8138208267776769,0.8214234026367956,0.35560075842124783,0.22160487810161267,0.006126295947219604,0.04702645915239735,ciciot2023,D_clean,DoS-TCP_Flood,DoS,near,3,13,rf:maxprob,attacks_only,92331,19098,SAFE_FINAL_01
0.22775612506749532,0.2246538176946035,0.23085843244038715,0.10662718792953159,0.905864983728595,0.00031416902293433867,0.05058171572347969,ciciot2023,D_clean,DoS-TCP_Flood,DoS,near,3,13,mlp:maxprob,with_normal,96181,19098,SAFE_FINAL_01
0.23693509307774363,0.23373789012709445,0.2401322960283928,0.11142826410782197,0.9019397602105468,0.00031416902293433867,0.05116374782034203,ciciot2023,D_clean,DoS-TCP_Flood,DoS,near,3,13,mlp:maxprob,attacks_only,92331,19098,SAFE_FINAL_01
0.22856286601545073,0.22545393189938567,0.23167180013151578,0.10533096482369139,0.9057506160260342,0.00020944601528955913,0.049999480146806545,ciciot2023,D_clean,DoS-TCP_Flood,DoS,near,3,13,mlp:entropy,with_normal,96181,19098,SAFE_FINAL_01
0.23778472172380655,0.23458073846566171,0.24098870498195138,0.11010268028632474,0.9018206236258678,0.00020944601528955913,0.050838829862126476,ciciot2023,D_clean,DoS-TCP_Flood,DoS,near,3,13,mlp:entropy,attacks_only,92331,19098,SAFE_FINAL_01
0.2270775086869788,0.22398078812341649,0.2301742292505411,0.1047343676731182,0.9463823416267246,0.00958215519949733,0.04871024422703028,ciciot2023,D_clean,DoS-TCP_Flood,DoS,near,3,13,mlp:energy,with_normal,96181,19098,SAFE_FINAL_01
0.23577082612817524,0.23258294331678836,0.23895870893956211,0.10939170268623585,0.9441466029827469,0.00963451670331972,0.04864021834486792,ciciot2023,D_clean,DoS-TCP_Flood,DoS,near,3,13,mlp:energy,attacks_only,92331,19098,SAFE_FINAL_01
0.5890051780176315,0.5844372041969943,0.5935731518382688,0.23223417529773127,0.8859754005468855,0.11985548224945021,0.05026980380740479,ciciot2023,D_clean,DoS-TCP_Flood,DoS,near,3,13,mlp:mahalanobis,with_normal,96181,19098,SAFE_FINAL_01
0.5928608191893898,0.5882806984170462,0.5974409399617334,0.2388713136344034,0.8812208250750019,0.11802282961566656,0.050698032080233074,ciciot2023,D_clean,DoS-TCP_Flood,DoS,near,3,13,mlp:mahalanobis,attacks_only,92331,19098,SAFE_FINAL_01
0.1896443321565902,0.18687384260167686,0.19241482171150356,0.1054293350930404,0.9126542664351587,0.00696408000837784,0.049146920909535145,ciciot2023,D_clean,DoS-TCP_Flood,DoS,near,3,13,edl:vacuity,with_normal,96181,19098,SAFE_FINAL_01
0.19723540203086187,0.19437523801411566,0.2000955660476081,0.10992052519810651,0.9090121411010387,0.00696408000837784,0.04951749683204991,ciciot2023,D_clean,DoS-TCP_Flood,DoS,near,3,13,edl:vacuity,attacks_only,92331,19098,SAFE_FINAL_01
0.6923718636924479,0.6879526352402884,0.6967910921446073,0.3061433894361423,0.6871211569852673,0.17190281704890564,0.050716877553778815,ciciot2023,D_clean,DoS-TCP_Flood,DoS,near,3,13,fusion_rank,with_normal,96181,19098,SAFE_FINAL_01
0.7016014327939426,0.6972007707088086,0.7060020948790766,0.32029893545467536,0.6740747961139812,0.17404963870562362,0.05091464405237677,ciciot2023,D_clean,DoS-TCP_Flood,DoS,near,3,13,fusion_rank,attacks_only,92331,19098,SAFE_FINAL_01
0.7493247300825477,0.7451189471255447,0.7535305130395508,0.3191497122141858,0.49876794793150414,0.15912661011624255,0.05050893627639554,ciciot2023,D_clean,DoS-TCP_Flood,DoS,near,3,13,fusion_z,with_normal,96181,19098,SAFE_FINAL_01
0.7598149555082493,0.7556531874228022,0.7639767235936964,0.3324087426783603,0.4780301307253252,0.1583411875589067,0.05042726711505345,ciciot2023,D_clean,DoS-TCP_Flood,DoS,near,3,13,fusion_z,attacks_only,92331,19098,SAFE_FINAL_01
0.739662931093478,0.7354147089755353,0.7439111532114208,0.3089591674577171,0.38299819085445735,0.0956043956043956,0.049044480026617314,ciciot2023,D_clean,DoS-UDP_Flood,DoS,near,3,42,rf:maxprob,with_normal,96178,19110,SAFE_FINAL_01
0.7578585908379069,0.7536881185326603,0.7620290631431534,0.33118317823612087,0.35807122433064725,0.0956043956043956,0.04741790139502643,ciciot2023,D_clean,DoS-UDP_Flood,DoS,near,3,42,rf:maxprob,attacks_only,92328,19110,SAFE_FINAL_01
0.38329864544829056,0.3792036854412253,0.38739360545535584,0.1273949443836661,0.8254902368525027,0.007221350078492936,0.05050011437126994,ciciot2023,D_clean,DoS-UDP_Flood,DoS,near,3,42,mlp:maxprob,with_normal,96178,19110,SAFE_FINAL_01
0.39351932909227094,0.3893603079204123,0.39767835026412957,0.13420546333439767,0.818213326401525,0.008529565672422815,0.05153366259422927,ciciot2023,D_clean,DoS-UDP_Flood,DoS,near,3,42,mlp:maxprob,attacks_only,92328,19110,SAFE_FINAL_01
0.4229287450611454,0.4186684934641366,0.42718899665815424,0.14608434982185808,0.8247416249038242,0.013814756671899528,0.051071970720954894,ciciot2023,D_clean,DoS-UDP_Flood,DoS,near,3,42,mlp:entropy,with_normal,96178,19110,SAFE_FINAL_01
0.43312321742731336,0.42880892511954577,0.43743750973508094,0.15522354129460772,0.8174334979637813,0.015384615384615385,0.05136036738584178,ciciot2023,D_clean,DoS-UDP_Flood,DoS,near,3,42,mlp:entropy,attacks_only,92328,19110,SAFE_FINAL_01
0.564995945399468,0.5604338113233346,0.5695580794756013,0.38883515530254154,0.7162552766744994,0.2817896389324961,0.05134230281353324,ciciot2023,D_clean,DoS-UDP_Flood,DoS,near,3,42,mlp:energy,with_normal,96178,19110,SAFE_FINAL_01
0.5756359357744016,0.5710567788426532,0.5802150927061501,0.3965619942146365,0.7044233601940907,0.2829931972789116,0.05217268867515813,ciciot2023,D_clean,DoS-UDP_Flood,DoS,near,3,42,mlp:energy,attacks_only,92328,19110,SAFE_FINAL_01
0.4866508074668242,0.48219832557038755,0.49110328936326086,0.3159366786593105,0.9912038096030277,0.3013082155939299,0.04943958077730874,ciciot2023,D_clean,DoS-UDP_Flood,DoS,near,3,42,mlp:mahalanobis,with_normal,96178,19110,SAFE_FINAL_01
0.4915791144995719,0.48709988072895616,0.4960583482701877,0.32099749017736107,0.9908370158565115,0.30099424385138673,0.049649077203015334,ciciot2023,D_clean,DoS-UDP_Flood,DoS,near,3,42,mlp:mahalanobis,attacks_only,92328,19110,SAFE_FINAL_01
0.3773625088507019,0.37329532444150876,0.381429693259895,0.25518127351487835,0.851473309904552,0.17121925693354265,0.049585144211774006,ciciot2023,D_clean,DoS-UDP_Flood,DoS,near,3,42,edl:vacuity,with_normal,96178,19110,SAFE_FINAL_01
0.38498586433433624,0.38086489103440957,0.3891068376342629,0.26094484011479985,0.8452798717615458,0.17169021454735742,0.05036391993761372,ciciot2023,D_clean,DoS-UDP_Flood,DoS,near,3,42,edl:vacuity,attacks_only,92328,19110,SAFE_FINAL_01
0.530133205232723,0.5256022718045771,0.5346641386608689,0.390383386861597,0.9199505084322818,0.3046049188906332,0.048742955769510696,ciciot2023,D_clean,DoS-UDP_Flood,DoS,near,3,42,fusion_rank,with_normal,96178,19110,SAFE_FINAL_01
0.5379166107265925,0.5333618476334832,0.5424713738197018,0.39694789841704403,0.9166125119140456,0.3053898482469911,0.04941079629148254,ciciot2023,D_clean,DoS-UDP_Flood,DoS,near,3,42,fusion_rank,attacks_only,92328,19110,SAFE_FINAL_01
0.6802407480138948,0.6757901976999662,0.6846912983278234,0.39017014592367355,0.6211503670278026,0.3063840920983778,0.049356401671900016,ciciot2023,D_clean,DoS-UDP_Flood,DoS,near,3,42,fusion_z,with_normal,96178,19110,SAFE_FINAL_01
0.6936123298905987,0.6891885188051089,0.6980361409760886,0.4007474113862619,0.6053526557490685,0.30622710622710625,0.04948661294515207,ciciot2023,D_clean,DoS-UDP_Flood,DoS,near,3,42,fusion_z,attacks_only,92328,19110,SAFE_FINAL_01
0.7420783455658524,0.7378407338129879,0.7463159573187169,0.3525124161867875,0.38298779346628126,0.22700156985871273,0.049356401671900016,ciciot2023,D_clean,DoS-UDP_Flood,DoS,near,3,7,rf:maxprob,with_normal,96178,19110,SAFE_FINAL_01
0.7600133656536605,0.7558537989507409,0.7641729323565801,0.3752467414197539,0.358255350489559,0.22700156985871273,0.04699549432458192,ciciot2023,D_clean,DoS-UDP_Flood,DoS,near,3,7,rf:maxprob,attacks_only,92328,19110,SAFE_FINAL_01
0.3419155815542129,0.3380306927508434,0.34580047035758243,0.13266049817455305,0.9529830106677203,0.001151229722658294,0.04871176360498243,ciciot2023,D_clean,DoS-UDP_Flood,DoS,near,3,7,mlp:maxprob,with_normal,96178,19110,SAFE_FINAL_01
0.34848263314043704,0.3445428601492377,0.3524224061316364,0.1396469319608984,0.9510224417294861,0.0013082155939298796,0.04823022268434278,ciciot2023,D_clean,DoS-UDP_Flood,DoS,near,3,7,mlp:maxprob,attacks_only,92328,19110,SAFE_FINAL_01
0.35141157112761845,0.34747507719871784,0.35534806505651906,0.1367373228898458,0.9440100646717544,0.0012035583464154894,0.04941878600095656,ciciot2023,D_clean,DoS-UDP_Flood,DoS,near,3,7,mlp:entropy,with_normal,96178,19110,SAFE_FINAL_01
0.3582756606471746,0.35428433253598535,0.36226698875836383,0.1446024619244509,0.941675331427086,0.0012035583464154894,0.04942162724200676,ciciot2023,D_clean,DoS-UDP_Flood,DoS,near,3,7,mlp:entropy,attacks_only,92328,19110,SAFE_FINAL_01
0.4316225475725124,0.42733071724756505,0.43591437789745974,0.2827146722932457,0.9020877955457589,0.22768184196755625,0.04917964607290649,ciciot2023,D_clean,DoS-UDP_Flood,DoS,near,3,7,mlp:energy,with_normal,96178,19110,SAFE_FINAL_01
0.4386121581029951,0.4342791122916029,0.4429452039143873,0.2892103706519474,0.898004938913439,0.22773417059131346,0.04880426306212633,ciciot2023,D_clean,DoS-UDP_Flood,DoS,near,3,7,mlp:energy,attacks_only,92328,19110,SAFE_FINAL_01
0.4761046207505599,0.4716776564519848,0.48053158504913507,0.3474101632482088,0.9928154047703217,0.30141287284144425,0.05060408825303084,ciciot2023,D_clean,DoS-UDP_Flood,DoS,near,3,7,mlp:mahalanobis,with_normal,96178,19110,SAFE_FINAL_01
0.480805536840852,0.4763509090668136,0.48526016461489035,0.35248632719590045,0.9925158131877654,0.3011512297226583,0.050093146174508274,ciciot2023,D_clean,DoS-UDP_Flood,DoS,near,3,7,mlp:mahalanobis,attacks_only,92328,19110,SAFE_FINAL_01
0.3144154574765377,0.31069154007315264,0.3181393748799228,0.13049699124279132,0.8660192559629021,0.038199895342752484,0.0473705005302668,ciciot2023,D_clean,DoS-UDP_Flood,DoS,near,3,7,edl:vacuity,with_normal,96178,19110,SAFE_FINAL_01
0.32481174691454506,0.32100556218283643,0.3286179316462537,0.13631090193781398,0.8604323715449268,0.03825222396650968,0.04719045143401785,ciciot2023,D_clean,DoS-UDP_Flood,DoS,near,3,7,edl:vacuity,attacks_only,92328,19110,SAFE_FINAL_01
0.5171006371090738,0.512588663152658,0.5216126110654896,0.39794575749171035,0.9195658050697665,0.3040816326530612,0.04830626546611491,ciciot2023,D_clean,DoS-UDP_Flood,DoS,near,3,7,fusion_rank,with_normal,96178,19110,SAFE_FINAL_01
0.5245108431587228,0.5199728330509683,0.5290488532664772,0.40426746507769956,0.9162117667446495,0.3040816326530612,0.04762368945498657,ciciot2023,D_clean,DoS-UDP_Flood,DoS,near,3,7,fusion_rank,attacks_only,92328,19110,SAFE_FINAL_01
0.6669297695548131,0.6624483497409126,0.6714111893687136,0.41154396687723727,0.6786479236415812,0.30486656200941914,0.04908606957932168,ciciot2023,D_clean,DoS-UDP_Flood,DoS,near,3,7,fusion_z,with_normal,96178,19110,SAFE_FINAL_01
0.6799514770015902,0.6754903413063754,0.684412612696805,0.4218358916406609,0.6652478121479941,0.3047619047619048,0.048912572567368515,ciciot2023,D_clean,DoS-UDP_Flood,DoS,near,3,7,fusion_z,attacks_only,92328,19110,SAFE_FINAL_01
0.7239467802150685,0.7196342697982449,0.7282592906318922,0.2880863460963296,0.43415334068082095,0.1469387755102041,0.04902368525026513,ciciot2023,D_clean,DoS-UDP_Flood,DoS,near,3,13,rf:maxprob,with_normal,96178,19110,SAFE_FINAL_01
0.7418715813360063,0.7376253402593803,0.7461178224126322,0.30854410339281696,0.4108287843341132,0.1469387755102041,0.0472770990382116,ciciot2023,D_clean,DoS-UDP_Flood,DoS,near,3,13,rf:maxprob,attacks_only,92328,19110,SAFE_FINAL_01
0.3989454583702452,0.3947810550573202,0.4031098616831702,0.1372774599646473,0.8283911081536318,0.009523809523809525,0.05042733265403731,ciciot2023,D_clean,DoS-UDP_Flood,DoS,near,3,13,mlp:maxprob,with_normal,96178,19110,SAFE_FINAL_01
0.40881596383262797,0.40459281606277214,0.4130391116024838,0.145153501182305,0.8212351615977819,0.010308738880167452,0.05011480807555671,ciciot2023,D_clean,DoS-UDP_Flood,DoS,near,3,13,mlp:maxprob,attacks_only,92328,19110,SAFE_FINAL_01
0.40990240394470057,0.4056926214042172,0.41411218648518394,0.14453236568474814,0.8272266006779098,0.004500261643118786,0.05024017966686768,ciciot2023,D_clean,DoS-UDP_Flood,DoS,near,3,13,mlp:entropy,with_normal,96178,19110,SAFE_FINAL_01
0.4194763821460412,0.41521163556979407,0.42374112872228836,0.15288075579959737,0.8200220951390694,0.0048142333856619575,0.050147300927129365,ciciot2023,D_clean,DoS-UDP_Flood,DoS,near,3,13,mlp:entropy,attacks_only,92328,19110,SAFE_FINAL_01
0.47715191522120937,0.4727223045405671,0.48158152590185166,0.2747093011898067,0.8192206117823203,0.23008895866038723,0.04856620017051717,ciciot2023,D_clean,DoS-UDP_Flood,DoS,near,3,13,mlp:energy,with_normal,96178,19110,SAFE_FINAL_01
0.48567965501104493,0.4812135688614464,0.49014574116064347,0.2814024819878077,0.8116822632354216,0.23008895866038723,0.04843601074430292,ciciot2023,D_clean,DoS-UDP_Flood,DoS,near,3,13,mlp:energy,attacks_only,92328,19110,SAFE_FINAL_01
0.4760891138975822,0.4716621889687397,0.4805160388264247,0.30415843767456124,0.9910478487803863,0.3025117739403454,0.04909646696749777,ciciot2023,D_clean,DoS-UDP_Flood,DoS,near,3,13,mlp:mahalanobis,with_normal,96178,19110,SAFE_FINAL_01
0.48064498542746903,0.47619074424525326,0.4850992266096848,0.30941701325539517,0.9906745515986483,0.30172684458398746,0.04914002252837709,ciciot2023,D_clean,DoS-UDP_Flood,DoS,near,3,13,mlp:mahalanobis,attacks_only,92328,19110,SAFE_FINAL_01
0.35170447958982903,0.34776642618618236,0.3556425329934757,0.19829119471467876,0.8736301441078002,0.11318681318681319,0.049865873692528435,ciciot2023,D_clean,DoS-UDP_Flood,DoS,near,3,13,edl:vacuity,with_normal,96178,19110,SAFE_FINAL_01
0.36004892585762654,0.356048493757154,0.36404935795809906,0.20427125508583474,0.8683606273286544,0.11344845630559916,0.04977904860930595,ciciot2023,D_clean,DoS-UDP_Flood,DoS,near,3,13,edl:vacuity,attacks_only,92328,19110,SAFE_FINAL_01
0.5109914737717205,0.5064897358781841,0.5154932116652569,0.38413188904264833,0.9426480068206866,0.3097854526425955,0.04982428413982408,ciciot2023,D_clean,DoS-UDP_Flood,DoS,near,3,13,fusion_rank,with_normal,96178,19110,SAFE_FINAL_01
0.5180709328414869,0.5135424549254974,0.5225994107574763,0.39081081340059154,0.9402564769084135,0.3097854526425955,0.04948661294515207,ciciot2023,D_clean,DoS-UDP_Flood,DoS,near,3,13,fusion_rank,attacks_only,92328,19110,SAFE_FINAL_01
0.6680652606459816,0.6635862793758464,0.6725442419161168,0.3792242220008658,0.6488074195762025,0.31062271062271063,0.048857327039447694,ciciot2023,D_clean,DoS-UDP_Flood,DoS,near,3,13,fusion_z,with_normal,96178,19110,SAFE_FINAL_01
0.6810618222947868,0.6766035179978074,0.6855201265917663,0.38959574117325696,0.6341629841434885,0.3105703819989534,0.04855515120006932,ciciot2023,D_clean,DoS-UDP_Flood,DoS,near,3,13,fusion_z,attacks_only,92328,19110,SAFE_FINAL_01
0.8984482148975899,0.8954514664336131,0.9014449633615667,0.5043651704224225,0.24452232147499559,0.23664599510136014,0.04804342626581949,ciciot2023,D_clean,MITM-ArpSpoofing,MITM_Spoofing,near,1,42,rf:maxprob,with_normal,96163,19189,SAFE_FINAL_01
0.9051059066466143,0.902194026445583,0.9080177868476456,0.5291641855056957,0.22240637829991441,0.26384908020219916,0.04901801479748248,ciciot2023,D_clean,MITM-ArpSpoofing,MITM_Spoofing,near,1,42,rf:maxprob,attacks_only,92313,19189,SAFE_FINAL_01
0.655588817002936,0.6510931837751011,0.660084450230771,0.25064777319192966,0.6519659328431934,0.11402365938819115,0.04867776587668854,ciciot2023,D_clean,MITM-ArpSpoofing,MITM_Spoofing,near,1,42,mlp:maxprob,with_normal,96163,19189,SAFE_FINAL_01
0.6659802996629168,0.6614946878989005,0.6704659114269331,0.26430414247825385,0.6374508465763219,0.117567356297879,0.04914800732291227,ciciot2023,D_clean,MITM-ArpSpoofing,MITM_Spoofing,near,1,42,mlp:maxprob,attacks_only,92313,19189,SAFE_FINAL_01
0.6928537924060962,0.6884453176114862,0.6972622672007063,0.2766543777247339,0.653089025924732,0.11261660326228569,0.04938489855765731,ciciot2023,D_clean,MITM-ArpSpoofing,MITM_Spoofing,near,1,42,mlp:entropy,with_normal,96163,19189,SAFE_FINAL_01
0.7049996910992408,0.7006192940856312,0.7093800881128504,0.29433552767077725,0.6386207793051899,0.11616030017197353,0.04981963537096617,ciciot2023,D_clean,MITM-ArpSpoofing,MITM_Spoofing,near,1,42,mlp:entropy,attacks_only,92313,19189,SAFE_FINAL_01
0.8579198712051855,0.8544739714695234,0.8613657709408477,0.5032503489294602,0.541528446491894,0.2995987284381677,0.048438588646360865,ciciot2023,D_clean,MITM-ArpSpoofing,MITM_Spoofing,near,1,42,mlp:energy,with_normal,96163,19189,SAFE_FINAL_01
0.8646737471992237,0.8612909416432017,0.8680565527552457,0.5202108377561966,0.5224291269918646,0.30215227474073686,0.04817306338218886,ciciot2023,D_clean,MITM-ArpSpoofing,MITM_Spoofing,near,1,42,mlp:energy,attacks_only,92313,19189,SAFE_FINAL_01
0.8642539705804978,0.8608703801544343,0.8676375610065613,0.608003515268176,0.4715119120659713,0.4780864036687686,0.04930170647754334,ciciot2023,D_clean,MITM-ArpSpoofing,MITM_Spoofing,near,1,42,mlp:mahalanobis,with_normal,96163,19189,SAFE_FINAL_01
0.8667383026712783,0.8633765025268838,0.8701001028156727,0.6145990228026241,0.45443220348163316,0.473396216582417,0.048714698904812975,ciciot2023,D_clean,MITM-ArpSpoofing,MITM_Spoofing,near,1,42,mlp:mahalanobis,attacks_only,92313,19189,SAFE_FINAL_01
0.6791303209348822,0.6746851631570646,0.6835754787126999,0.2777127901250834,0.5852666826118154,0.1303350878107249,0.04810582032590498,ciciot2023,D_clean,MITM-ArpSpoofing,MITM_Spoofing,near,1,42,edl:vacuity,with_normal,96163,19189,SAFE_FINAL_01
0.6895898426518293,0.6851625942752717,0.6940170910283869,0.29290124123417904,0.5679698417341003,0.13638021783313356,0.04856304095847822,ciciot2023,D_clean,MITM-ArpSpoofing,MITM_Spoofing,near,1,42,edl:vacuity,attacks_only,92313,19189,SAFE_FINAL_01
0.9282630469409214,0.9256948154750865,0.9308312784067564,0.7220032432832534,0.283497811008392,0.6152483193496274,0.04941609558770005,ciciot2023,D_clean,MITM-ArpSpoofing,MITM_Spoofing,near,1,42,fusion_rank,with_normal,96163,19189,SAFE_FINAL_01
0.9311420786740238,0.9286199546854423,0.9336642026626052,0.732501123521525,0.2682504089348196,0.6182187711709833,0.049527152188749146,ciciot2023,D_clean,MITM-ArpSpoofing,MITM_Spoofing,near,1,42,fusion_rank,attacks_only,92313,19189,SAFE_FINAL_01
0.9107273566012923,0.9078946228075763,0.9135600903950084,0.6841868731624575,0.30602206669925025,0.5374433269060399,0.04939529756767156,ciciot2023,D_clean,MITM-ArpSpoofing,MITM_Spoofing,near,1,42,fusion_z,with_normal,96163,19189,SAFE_FINAL_01
0.9144949161080472,0.9117139165053468,0.9172759157107476,0.6936838674794605,0.28336204001603243,0.534785554223774,0.04892052040341014,ciciot2023,D_clean,MITM-ArpSpoofing,MITM_Spoofing,near,1,42,fusion_z,attacks_only,92313,19189,SAFE_FINAL_01
0.8997695283706244,0.8967897001461422,0.9027493565951066,0.5119246540856579,0.23588074415315663,0.2647871176194695,0.049010534197144434,ciciot2023,D_clean,MITM-ArpSpoofing,MITM_Spoofing,near,1,7,rf:maxprob,with_normal,96163,19189,SAFE_FINAL_01
0.9068265293482053,0.9039379158593795,0.909715142837031,0.5380887410206477,0.2146393249054846,0.2956381260096931,0.04958131574101156,ciciot2023,D_clean,MITM-ArpSpoofing,MITM_Spoofing,near,1,7,rf:maxprob,attacks_only,92313,19189,SAFE_FINAL_01
0.6618549358782893,0.6573712352816934,0.6663386364748851,0.25516034152777656,0.62889052962158,0.11694199801969879,0.04930170647754334,ciciot2023,D_clean,MITM-ArpSpoofing,MITM_Spoofing,near,1,7,mlp:maxprob,with_normal,96163,19189,SAFE_FINAL_01
0.6720799288489467,0.6676078787294744,0.6765519789684191,0.2694799212993696,0.6134238947927161,0.11986033665120642,0.04936466153196191,ciciot2023,D_clean,MITM-ArpSpoofing,MITM_Spoofing,near,1,7,mlp:maxprob,attacks_only,92313,19189,SAFE_FINAL_01
0.7020127585464162,0.6976318474494443,0.7063936696433881,0.28705125048474467,0.6287657415014091,0.114596904476523,0.04950968667782827,ciciot2023,D_clean,MITM-ArpSpoofing,MITM_Spoofing,near,1,7,mlp:entropy,with_normal,96163,19189,SAFE_FINAL_01
0.7141600572074146,0.7098109207822962,0.718509193632533,0.3059337543223909,0.6132939022672863,0.11694199801969879,0.04903968021838744,ciciot2023,D_clean,MITM-ArpSpoofing,MITM_Spoofing,near,1,7,mlp:entropy,attacks_only,92313,19189,SAFE_FINAL_01
0.895479805051831,0.8924456440765575,0.8985139660271045,0.5858197417631842,0.2761145138982769,0.37172338318828496,0.05054958767925293,ciciot2023,D_clean,MITM-ArpSpoofing,MITM_Spoofing,near,1,7,mlp:energy,with_normal,96163,19189,SAFE_FINAL_01
0.9043105763163021,0.9013880452880605,0.9072331073445437,0.6081512156026906,0.24629250484763793,0.3804262858929595,0.050697084917617236,ciciot2023,D_clean,MITM-ArpSpoofing,MITM_Spoofing,near,1,7,mlp:energy,attacks_only,92313,19189,SAFE_FINAL_01
0.8557189347444467,0.8522519822413516,0.8591858872475419,0.599400932955551,0.4697232823435209,0.4397310959403825,0.050362405498996496,ciciot2023,D_clean,MITM-ArpSpoofing,MITM_Spoofing,near,1,7,mlp:mahalanobis,with_normal,96163,19189,SAFE_FINAL_01
0.8583655495257456,0.8549203002578901,0.8618107987936011,0.6065497147881712,0.4524389847583764,0.43634373860023973,0.04997129331730092,ciciot2023,D_clean,MITM-ArpSpoofing,MITM_Spoofing,near,1,7,mlp:mahalanobis,attacks_only,92313,19189,SAFE_FINAL_01
0.6860125842696517,0.6815851393897309,0.6904400291495726,0.27198549829162616,0.5832596736790657,0.12303924123195581,0.04988405103834115,ciciot2023,D_clean,MITM-ArpSpoofing,MITM_Spoofing,near,1,7,edl:vacuity,with_normal,96163,19189,SAFE_FINAL_01
0.6966431079855933,0.6922364244551253,0.7010497915160612,0.2874227869428529,0.5658791286167713,0.1254885611548283,0.04925633442743709,ciciot2023,D_clean,MITM-ArpSpoofing,MITM_Spoofing,near,1,7,edl:vacuity,attacks_only,92313,19189,SAFE_FINAL_01
0.9212514059182176,0.9185726206268037,0.9239301912096316,0.700659343292118,0.2945415596435219,0.5827296888842566,0.05075756787953787,ciciot2023,D_clean,MITM-ArpSpoofing,MITM_Spoofing,near,1,7,fusion_rank,with_normal,96163,19189,SAFE_FINAL_01
0.9244002846736273,0.9217687405181335,0.9270318288291212,0.711400831990784,0.27935393714861395,0.5851268956172807,0.05078374660123709,ciciot2023,D_clean,MITM-ArpSpoofing,MITM_Spoofing,near,1,7,fusion_rank,attacks_only,92313,19189,SAFE_FINAL_01
0.9035108392570808,0.9005798437882307,0.9064418347259308,0.6725425347240389,0.30939134594386614,0.5042472249726406,0.05107993718997952,ciciot2023,D_clean,MITM-ArpSpoofing,MITM_Spoofing,near,1,7,fusion_z,with_normal,96163,19189,SAFE_FINAL_01
0.9074499041604325,0.9045697970301166,0.9103300112907483,0.6826367888371476,0.287283481199831,0.5019021314294648,0.05089207370576192,ciciot2023,D_clean,MITM-ArpSpoofing,MITM_Spoofing,near,1,7,fusion_z,attacks_only,92313,19189,SAFE_FINAL_01
0.893449521499138,0.8903902376060406,0.8965088053922354,0.49341259784546765,0.24489668583550847,0.22512898014487467,0.04872976092675977,ciciot2023,D_clean,MITM-ArpSpoofing,MITM_Spoofing,near,1,13,rf:maxprob,with_normal,96163,19189,SAFE_FINAL_01
0.9007899589678956,0.8978210484082773,0.9037588695275139,0.5188196452344958,0.22228721848493713,0.2483193496273907,0.049667977424631415,ciciot2023,D_clean,MITM-ArpSpoofing,MITM_Spoofing,near,1,13,rf:maxprob,attacks_only,92313,19189,SAFE_FINAL_01
0.6428383983866937,0.6383217704500225,0.6473550263233648,0.2404208446771113,0.6381144515042168,0.11001094376986816,0.049956844108440875,ciciot2023,D_clean,MITM-ArpSpoofing,MITM_Spoofing,near,1,13,mlp:maxprob,with_normal,96163,19189,SAFE_FINAL_01
0.6532221366020912,0.6487114894231858,0.6577327837809965,0.2538437106398764,0.6230216762536154,0.11402365938819115,0.05019878023680305,ciciot2023,D_clean,MITM-ArpSpoofing,MITM_Spoofing,near,1,13,mlp:maxprob,attacks_only,92313,19189,SAFE_FINAL_01
0.6752348501035761,0.6707802678053214,0.6796894324018308,0.26421701919785145,0.6385824069548579,0.10964615144092969,0.04954088370787101,ciciot2023,D_clean,MITM-ArpSpoofing,MITM_Spoofing,near,1,13,mlp:entropy,with_normal,96163,19189,SAFE_FINAL_01
0.687744437445381,0.6833120501078833,0.6921768247828788,0.28160955256396625,0.6235091482239771,0.11464901766637135,0.05049126341902007,ciciot2023,D_clean,MITM-ArpSpoofing,MITM_Spoofing,near,1,13,mlp:entropy,attacks_only,92313,19189,SAFE_FINAL_01
0.8787696681587027,0.8755391804890075,0.882000155828398,0.5378744874270851,0.37981344176034443,0.347647089478347,0.049426494597714296,ciciot2023,D_clean,MITM-ArpSpoofing,MITM_Spoofing,near,1,13,mlp:energy,with_normal,96163,19189,SAFE_FINAL_01
0.8852864213213051,0.8821269973813713,0.8884458452612388,0.5559173165395288,0.3573602851169391,0.3549429360571161,0.04965714471417893,ciciot2023,D_clean,MITM-ArpSpoofing,MITM_Spoofing,near,1,13,mlp:energy,attacks_only,92313,19189,SAFE_FINAL_01
0.8611124561553549,0.8576976381192616,0.8645272741914483,0.6066065403637697,0.4742052556596612,0.4724581791651467,0.04804342626581949,ciciot2023,D_clean,MITM-ArpSpoofing,MITM_Spoofing,near,1,13,mlp:mahalanobis,with_normal,96163,19189,SAFE_FINAL_01
0.8639422146406007,0.8605520346321235,0.867332394649078,0.6137159469357013,0.4560896081808629,0.4679243316483402,0.04764226057001723,ciciot2023,D_clean,MITM-ArpSpoofing,MITM_Spoofing,near,1,13,mlp:mahalanobis,attacks_only,92313,19189,SAFE_FINAL_01
0.6761857563567057,0.671733434831133,0.6806380778822785,0.267122782603456,0.5847571311211173,0.12554067434467664,0.049374499547643065,ciciot2023,D_clean,MITM-ArpSpoofing,MITM_Spoofing,near,1,13,edl:vacuity,with_normal,96163,19189,SAFE_FINAL_01
0.6870019728195367,0.6825675459662189,0.6914363996728544,0.28217711485167213,0.5674390389219287,0.12934493720360624,0.04921300358562716,ciciot2023,D_clean,MITM-ArpSpoofing,MITM_Spoofing,near,1,13,edl:vacuity,attacks_only,92313,19189,SAFE_FINAL_01
0.9235196460138623,0.9208758748131894,0.9261634172145351,0.697615691695137,0.2875326268939197,0.6013340976601178,0.051516695610577874,ciciot2023,D_clean,MITM-ArpSpoofing,MITM_Spoofing,near,1,13,fusion_rank,with_normal,96163,19189,SAFE_FINAL_01
0.926990321725443,0.9244000214801519,0.9295806219707342,0.7103666078905355,0.27176020712142385,0.6056073792276825,0.05181285409422291,ciciot2023,D_clean,MITM-ArpSpoofing,MITM_Spoofing,near,1,13,fusion_rank,attacks_only,92313,19189,SAFE_FINAL_01
0.9072975908746435,0.904417465240677,0.9101777165086099,0.6795346189404285,0.31190790636731386,0.5270728021262181,0.047492278735064425,ciciot2023,D_clean,MITM-ArpSpoofing,MITM_Spoofing,near,1,13,fusion_z,with_normal,96163,19189,SAFE_FINAL_01
0.9115236756423376,0.9087001958870855,0.9143471553975897,0.6898994033768766,0.28877839524227356,0.5260826515190995,0.04743643907142006,ciciot2023,D_clean,MITM-ArpSpoofing,MITM_Spoofing,near,1,13,fusion_z,attacks_only,92313,19189,SAFE_FINAL_01
0.3328140989981791,0.3289706913675273,0.33665750662883087,0.14537037916522205,1.0,0.0026871805679962064,0.04577724650485941,ciciot2023,D_clean,Mirai-greeth_flood,Mirai,near,2,42,rf:maxprob,with_normal,96205,18979,SAFE_FINAL_01
0.34616307024519366,0.34222569570889966,0.35010044478148766,0.1510651289711536,1.0,0.0027398703830549555,0.04772887228628661,ciciot2023,D_clean,Mirai-greeth_flood,Mirai,near,2,42,rf:maxprob,attacks_only,92355,18979,SAFE_FINAL_01
0.06539494677645444,0.06400266906737972,0.06678722448552915,0.15635313608881501,1.0,0.0005795879656462406,0.04938412764409334,ciciot2023,D_clean,Mirai-greeth_flood,Mirai,near,2,42,mlp:maxprob,with_normal,96205,18979,SAFE_FINAL_01
0.06801018335436636,0.06656486844535447,0.06945549826337824,0.1617658271422984,1.0,0.0005795879656462406,0.05003519029830545,ciciot2023,D_clean,Mirai-greeth_flood,Mirai,near,2,42,mlp:maxprob,attacks_only,92355,18979,SAFE_FINAL_01
0.03059274941098847,0.02972031257547357,0.03146518624650337,0.08839444634677514,0.9989397640455278,0.0008957268559987354,0.04885400966685723,ciciot2023,D_clean,Mirai-greeth_flood,Mirai,near,2,42,mlp:entropy,with_normal,96205,18979,SAFE_FINAL_01
0.03173795870208751,0.030832304753537855,0.032643612650637165,0.09169313091824828,0.9988955660224135,0.0008957268559987354,0.04923393427535055,ciciot2023,D_clean,Mirai-greeth_flood,Mirai,near,2,42,mlp:entropy,attacks_only,92355,18979,SAFE_FINAL_01
0.09981296498552986,0.09798257757096528,0.10164335240009444,0.09264924523549813,0.9904059040590406,0.0024237314927024606,0.04995582350189699,ciciot2023,D_clean,Mirai-greeth_flood,Mirai,near,2,42,mlp:energy,with_normal,96205,18979,SAFE_FINAL_01
0.10379248771717002,0.10189530590546106,0.10568966952887898,0.09629893324361194,0.9900059552812517,0.0025291111228199587,0.049959395809647554,ciciot2023,D_clean,Mirai-greeth_flood,Mirai,near,2,42,mlp:energy,attacks_only,92355,18979,SAFE_FINAL_01
0.4085553121705321,0.4043395341670944,0.4127710901739698,0.12890232776878824,0.8302271191726002,0.01954792138679593,0.05141104932176083,ciciot2023,D_clean,Mirai-greeth_flood,Mirai,near,2,42,mlp:mahalanobis,with_normal,96205,18979,SAFE_FINAL_01
0.4188766563948769,0.4146026293821334,0.42315068340762046,0.13532923184240428,0.8231498023929403,0.018810263975973445,0.05159439120783932,ciciot2023,D_clean,Mirai-greeth_flood,Mirai,near,2,42,mlp:mahalanobis,attacks_only,92355,18979,SAFE_FINAL_01
0.03940500473390919,0.038389592481013576,0.040420416986804805,0.08893287691998789,0.9988981861649603,0.0026871805679962064,0.048417441920898086,ciciot2023,D_clean,Mirai-greeth_flood,Mirai,near,2,42,edl:vacuity,with_normal,96205,18979,SAFE_FINAL_01
0.040912853228108656,0.03985868615774918,0.04196702029846813,0.09224868565021885,0.9988522548860376,0.0026871805679962064,0.04890910075253099,ciciot2023,D_clean,Mirai-greeth_flood,Mirai,near,2,42,edl:vacuity,attacks_only,92355,18979,SAFE_FINAL_01
0.3707848152745225,0.36673861851953593,0.3748310120295091,0.12161153897782524,0.8437607192973339,0.005479740766109911,0.0482719193389117,ciciot2023,D_clean,Mirai-greeth_flood,Mirai,near,2,42,fusion_rank,with_normal,96205,18979,SAFE_FINAL_01
0.38404884724391947,0.3799212365347934,0.3881764579530455,0.128096544333829,0.837247577283309,0.005690500026344907,0.04897406745709491,ciciot2023,D_clean,Mirai-greeth_flood,Mirai,near,2,42,fusion_rank,attacks_only,92355,18979,SAFE_FINAL_01
0.37171502176933335,0.3676642647554683,0.3757657787831984,0.12199937951092348,0.8558910659529131,0.014963907476684756,0.050444363598565564,ciciot2023,D_clean,Mirai-greeth_flood,Mirai,near,2,42,fusion_z,with_normal,96205,18979,SAFE_FINAL_01
0.38520833923993547,0.3810754161868935,0.38934126229297744,0.12851702881737184,0.8498836013209896,0.014911217661626008,0.050749824048508474,ciciot2023,D_clean,Mirai-greeth_flood,Mirai,near,2,42,fusion_z,attacks_only,92355,18979,SAFE_FINAL_01
0.5256963838364603,0.521158409325129,0.5302343583477916,0.1757794593714641,1.0,0.0028452500131724537,0.04936333870380957,ciciot2023,D_clean,Mirai-greeth_flood,Mirai,near,2,7,rf:maxprob,with_normal,96205,18979,SAFE_FINAL_01
0.5462364480367958,0.5416602107149061,0.5508126853586855,0.18822932292915515,1.0,0.002950629643289952,0.050901413025824266,ciciot2023,D_clean,Mirai-greeth_flood,Mirai,near,2,7,rf:maxprob,attacks_only,92355,18979,SAFE_FINAL_01
0.05746072158582601,0.05617811756845889,0.05874332560319313,0.15507658477243477,1.0,0.000737657410822488,0.05010134608388338,ciciot2023,D_clean,Mirai-greeth_flood,Mirai,near,2,7,mlp:maxprob,with_normal,96205,18979,SAFE_FINAL_01
0.059754745641222864,0.058422895434973754,0.061086595847471975,0.16044627448293952,1.0,0.000737657410822488,0.050100157002869364,ciciot2023,D_clean,Mirai-greeth_flood,Mirai,near,2,7,mlp:maxprob,attacks_only,92355,18979,SAFE_FINAL_01
0.029511980831740482,0.028657879881959836,0.03036608178152113,0.08826960586077418,1.0,0.0007903472258812372,0.04939452211423523,ciciot2023,D_clean,Mirai-greeth_flood,Mirai,near,2,7,mlp:entropy,with_normal,96205,18979,SAFE_FINAL_01
0.03062707506439341,0.02974023560754523,0.031513914521241596,0.09156228875501507,1.0,0.0007903472258812372,0.04917979535488062,ciciot2023,D_clean,Mirai-greeth_flood,Mirai,near,2,7,mlp:entropy,attacks_only,92355,18979,SAFE_FINAL_01
0.030725511533528316,0.02985083608250103,0.0316001869845556,0.08837983157658057,0.9996673769554597,0.0024237314927024606,0.0506210695909776,ciciot2023,D_clean,Mirai-greeth_flood,Mirai,near,2,7,mlp:energy,with_normal,96205,18979,SAFE_FINAL_01
0.03184005217190251,0.03093267941949355,0.032747424924311465,0.09167877121645897,0.9996535109089925,0.0024237314927024606,0.0502950571165611,ciciot2023,D_clean,Mirai-greeth_flood,Mirai,near,2,7,mlp:energy,attacks_only,92355,18979,SAFE_FINAL_01
0.4254041885387978,0.4211230523933528,0.4296853246842428,0.13230112409287023,0.7539109193908841,0.023183518625849622,0.052440101865807394,ciciot2023,D_clean,Mirai-greeth_flood,Mirai,near,2,7,mlp:mahalanobis,with_normal,96205,18979,SAFE_FINAL_01
0.43667693269420826,0.4323385730324221,0.4410152923559944,0.13909410808113684,0.7436738671430891,0.022709310290320882,0.05202750257159872,ciciot2023,D_clean,Mirai-greeth_flood,Mirai,near,2,7,mlp:mahalanobis,attacks_only,92355,18979,SAFE_FINAL_01
0.056298146187956234,0.05503195596722277,0.0575643364086897,0.08993333920724253,0.998648718881555,0.0031086990884661996,0.0520970843511252,ciciot2023,D_clean,Mirai-greeth_flood,Mirai,near,2,7,edl:vacuity,with_normal,96205,18979,SAFE_FINAL_01
0.05849281045034577,0.05717868643997466,0.059806934460716873,0.09333111708389802,0.9985923880677819,0.0031086990884661996,0.05222240268529046,ciciot2023,D_clean,Mirai-greeth_flood,Mirai,near,2,7,edl:vacuity,attacks_only,92355,18979,SAFE_FINAL_01
0.43448805094481036,0.43017431117759286,0.43880179071202785,0.13397397523783924,0.7317083311678187,0.005795879656462406,0.049945429031755105,ciciot2023,D_clean,Mirai-greeth_flood,Mirai,near,2,7,fusion_rank,with_normal,96205,18979,SAFE_FINAL_01
0.4499042362397365,0.4455226768090674,0.45428579567040567,0.1417283051835233,0.7205240647501489,0.005901259286579904,0.0500027069460235,ciciot2023,D_clean,Mirai-greeth_flood,Mirai,near,2,7,fusion_rank,attacks_only,92355,18979,SAFE_FINAL_01
0.5405086924653392,0.5359522939013645,0.5450650910293139,0.1605485148790897,0.7523933267501689,0.01975868064703093,0.05137986591133517,ciciot2023,D_clean,Mirai-greeth_flood,Mirai,near,2,7,fusion_z,with_normal,96205,18979,SAFE_FINAL_01
0.5595560510393068,0.5549698513204121,0.5641422507582016,0.1719766284605256,0.7420713550971794,0.019600611201854683,0.05130204103730172,ciciot2023,D_clean,Mirai-greeth_flood,Mirai,near,2,7,fusion_z,attacks_only,92355,18979,SAFE_FINAL_01
0.5113428725731916,0.5068276160997751,0.515858129046608,0.2164004717282284,1.0,0.0027398703830549555,0.04539265110960969,ciciot2023,D_clean,Mirai-greeth_flood,Mirai,near,2,13,rf:maxprob,with_normal,96205,18979,SAFE_FINAL_01
0.5317365615134451,0.5271759392165333,0.5362971838103568,0.23016833977807957,1.0,0.0030560092734074505,0.047815494559038496,ciciot2023,D_clean,Mirai-greeth_flood,Mirai,near,2,13,rf:maxprob,attacks_only,92355,18979,SAFE_FINAL_01
0.07627793373849237,0.07474110769150397,0.07781475978548077,0.10280952546163276,0.999106075567798,0.000368828705411244,0.05017410737487656,ciciot2023,D_clean,Mirai-greeth_flood,Mirai,near,2,13,mlp:maxprob,with_normal,96205,18979,SAFE_FINAL_01
0.07935382415737392,0.07775885862254057,0.08094878969220727,0.10670851831339759,0.9990688105679173,0.000368828705411244,0.04981863461642575,ciciot2023,D_clean,Mirai-greeth_flood,Mirai,near,2,13,mlp:maxprob,attacks_only,92355,18979,SAFE_FINAL_01
0.075676813079443,0.07414781066304536,0.07720581549584064,0.09138653441293623,0.9971103373005561,0.0005268981505874914,0.04950886128579596,ciciot2023,D_clean,Mirai-greeth_flood,Mirai,near,2,13,mlp:entropy,with_normal,96205,18979,SAFE_FINAL_01
0.07870948628246152,0.07712284554648836,0.08029612701843468,0.09492928046549565,0.9969898760218722,0.0005268981505874914,0.0490498619457528,ciciot2023,D_clean,Mirai-greeth_flood,Mirai,near,2,13,mlp:entropy,attacks_only,92355,18979,SAFE_FINAL_01
0.0969009160291802,0.09510560246995871,0.0986962295884017,0.09302902966027884,0.9835975261161062,0.0038990463143474367,0.050142923964450914,ciciot2023,D_clean,Mirai-greeth_flood,Mirai,near,2,13,mlp:energy,with_normal,96205,18979,SAFE_FINAL_01
0.10071675035692565,0.09885625792566238,0.10257724278818892,0.09668808137854418,0.9829137566996914,0.003951736129406185,0.050110984786963346,ciciot2023,D_clean,Mirai-greeth_flood,Mirai,near,2,13,mlp:energy,attacks_only,92355,18979,SAFE_FINAL_01
0.35821084151670113,0.3542281956739014,0.36219348735950085,0.11975917584409772,0.8570344576685204,0.013435902839981032,0.04971675068863365,ciciot2023,D_clean,Mirai-greeth_flood,Mirai,near,2,13,mlp:mahalanobis,with_normal,96205,18979,SAFE_FINAL_01
0.3684024675994507,0.364349498410986,0.37245543678791543,0.12561747414417473,0.851074657571328,0.013225143579746036,0.04988360132098966,ciciot2023,D_clean,Mirai-greeth_flood,Mirai,near,2,13,mlp:mahalanobis,attacks_only,92355,18979,SAFE_FINAL_01
0.03754351390471514,0.03655744507314324,0.03852958273628703,0.08888072917184102,0.9988150304038251,0.0028452500131724537,0.04738838937685152,ciciot2023,D_clean,Mirai-greeth_flood,Mirai,near,2,13,edl:vacuity,with_normal,96205,18979,SAFE_FINAL_01
0.03896345387246022,0.037939931412302966,0.03998697633261747,0.09219322949916965,0.9987656326132857,0.0028452500131724537,0.04730658870662119,ciciot2023,D_clean,Mirai-greeth_flood,Mirai,near,2,13,edl:vacuity,attacks_only,92355,18979,SAFE_FINAL_01
0.36387566343921535,0.35986394655881543,0.36788738031961526,0.1212429090166658,0.8366716906605686,0.005321671320933663,0.05261680785821943,ciciot2023,D_clean,Mirai-greeth_flood,Mirai,near,2,13,fusion_rank,with_normal,96205,18979,SAFE_FINAL_01
0.3771552522673015,0.3730598490356513,0.3812506554989517,0.12763723219848447,0.8298630285312111,0.005374361135992413,0.05273130853770776,ciciot2023,D_clean,Mirai-greeth_flood,Mirai,near,2,13,fusion_rank,attacks_only,92355,18979,SAFE_FINAL_01
0.515565734372588,0.5110432998900463,0.5200881688551298,0.15348982706403083,0.8157164388545294,0.011275620422572318,0.04959201704693103,ciciot2023,D_clean,Mirai-greeth_flood,Mirai,near,2,13,fusion_z,with_normal,96205,18979,SAFE_FINAL_01
0.5342732356543292,0.5297095252535318,0.5388369460551266,0.16402084072250037,0.808034215797737,0.011170240792454818,0.04956959558226409,ciciot2023,D_clean,Mirai-greeth_flood,Mirai,near,2,13,fusion_z,attacks_only,92355,18979,SAFE_FINAL_01
0.4660856550097895,0.4616911489163032,0.4704801611032758,0.18321937823693576,1.0,0.004798414436968654,0.051026350269325955,ciciot2023,D_clean,Mirai-greip_flood,Mirai,near,2,42,rf:maxprob,with_normal,96166,19173,SAFE_FINAL_01
0.4844210343805892,0.4799638393980511,0.4888782293631273,0.19424825004017435,1.0,0.004798414436968654,0.04905975128905065,ciciot2023,D_clean,Mirai-greip_flood,Mirai,near,2,42,rf:maxprob,attacks_only,92316,19173,SAFE_FINAL_01
0.08175022144785525,0.0801464089761301,0.0833540339195804,0.13121126422844745,1.0,0.0011474469305794606,0.051047147640538235,ciciot2023,D_clean,Mirai-greip_flood,Mirai,near,2,42,mlp:maxprob,with_normal,96166,19173,SAFE_FINAL_01
0.08486357161807698,0.08320176505621296,0.08652537817994099,0.13584439361168765,1.0,0.0012517602879048662,0.051117899389054984,ciciot2023,D_clean,Mirai-greip_flood,Mirai,near,2,42,mlp:maxprob,attacks_only,92316,19173,SAFE_FINAL_01
0.07168781885580573,0.07021410850573782,0.07316152920587364,0.09098098672382951,0.9953205914772373,0.0013560736452302717,0.05107834369735666,ciciot2023,D_clean,Mirai-greip_flood,Mirai,near,2,42,mlp:entropy,with_normal,96166,19173,SAFE_FINAL_01
0.0743545585026418,0.07282772258339423,0.07588139442188938,0.09444845531627208,0.9951254387105161,0.0013560736452302717,0.05152952900905585,ciciot2023,D_clean,Mirai-greip_flood,Mirai,near,2,42,mlp:entropy,attacks_only,92316,19173,SAFE_FINAL_01
0.1467570103582656,0.14440881721099053,0.14910520350554068,0.09741745312340949,0.9716947777800886,0.0071976216554529805,0.04938335794355594,ciciot2023,D_clean,Mirai-greip_flood,Mirai,near,2,42,mlp:energy,with_normal,96166,19173,SAFE_FINAL_01
0.15230931457602082,0.1498835347861402,0.15473509436590144,0.10137239794472777,0.9705143203778327,0.0071976216554529805,0.04941721911694614,ciciot2023,D_clean,Mirai-greip_flood,Mirai,near,2,42,mlp:energy,attacks_only,92316,19173,SAFE_FINAL_01
0.4558071573934456,0.4514421790197544,0.4601721357671367,0.15180509750228707,0.8536488987791944,0.062170760965941686,0.049175384231433146,ciciot2023,D_clean,Mirai-greip_flood,Mirai,near,2,42,mlp:mahalanobis,with_normal,96166,19173,SAFE_FINAL_01
0.4648483155579264,0.4604408177576295,0.46925581335822325,0.15860375392277992,0.8475453875817843,0.06133625410733844,0.04942805147536722,ciciot2023,D_clean,Mirai-greip_flood,Mirai,near,2,42,mlp:mahalanobis,attacks_only,92316,19173,SAFE_FINAL_01
0.07922758753143913,0.07765593187728274,0.08079924318559552,0.09206275191498411,0.991639456772664,0.004798414436968654,0.04873863943597529,ciciot2023,D_clean,Mirai-greip_flood,Mirai,near,2,42,edl:vacuity,with_normal,96166,19173,SAFE_FINAL_01
0.08227967559815946,0.08065056779391251,0.08390878340240641,0.09557474670007923,0.9912907838294553,0.004798414436968654,0.04887560119589237,ciciot2023,D_clean,Mirai-greip_flood,Mirai,near,2,42,edl:vacuity,attacks_only,92316,19173,SAFE_FINAL_01
0.428194137107051,0.4239201756905942,0.4324680985235078,0.13452120730227152,0.8123453195516087,0.021071298179731916,0.04822910384127446,ciciot2023,D_clean,Mirai-greip_flood,Mirai,near,2,42,fusion_rank,with_normal,96166,19173,SAFE_FINAL_01
0.4417645289712135,0.437426712028538,0.446102345913889,0.14209253797896113,0.8045192599332727,0.021279924894382726,0.048420642142207204,ciciot2023,D_clean,Mirai-greip_flood,Mirai,near,2,42,fusion_rank,attacks_only,92316,19173,SAFE_FINAL_01
0.5272803011258027,0.5227594201525056,0.5318011820990998,0.1638350778633563,0.7312979639373584,0.05179158191206384,0.049331364515525236,ciciot2023,D_clean,Mirai-greip_flood,Mirai,near,2,42,fusion_z,with_normal,96166,19173,SAFE_FINAL_01
0.5447964281260549,0.5402409895209317,0.5493518667311781,0.17415343656349241,0.7200918583994107,0.05168726855473844,0.04943888383378829,ciciot2023,D_clean,Mirai-greip_flood,Mirai,near,2,42,fusion_z,attacks_only,92316,19173,SAFE_FINAL_01
0.39767808262716287,0.3935244626359485,0.40183170261837725,0.14374087033247962,1.0,0.005372137902258384,0.05052721336023127,ciciot2023,D_clean,Mirai-greip_flood,Mirai,near,2,7,rf:maxprob,with_normal,96166,19173,SAFE_FINAL_01
0.4131045654038705,0.40886984457971365,0.4173392862280274,0.15068303682419065,1.0,0.005372137902258384,0.04796568308852203,ciciot2023,D_clean,Mirai-greip_flood,Mirai,near,2,7,rf:maxprob,attacks_only,92316,19173,SAFE_FINAL_01
0.08483290021638998,0.08319018667018557,0.08647561376259438,0.1260912540680484,1.0,0.0008345068586032441,0.050017677765530434,ciciot2023,D_clean,Mirai-greip_flood,Mirai,near,2,7,mlp:maxprob,with_normal,96166,19173,SAFE_FINAL_01
0.08810948530479194,0.08640702796944429,0.0898119426401396,0.13057834620897651,1.0,0.0008345068586032441,0.04951471034273582,ciciot2023,D_clean,Mirai-greip_flood,Mirai,near,2,7,mlp:maxprob,attacks_only,92316,19173,SAFE_FINAL_01
0.07708589191411691,0.0755417727569485,0.07863001107128532,0.09124059997791642,0.9946550755984443,0.0011474469305794606,0.05028804359129006,ciciot2023,D_clean,Mirai-greip_flood,Mirai,near,2,7,mlp:entropy,with_normal,96166,19173,SAFE_FINAL_01
0.08000839365685204,0.0784082845587619,0.08160850275494218,0.09474208998312178,0.9944321677715672,0.0012517602879048662,0.04991550760431561,ciciot2023,D_clean,Mirai-greip_flood,Mirai,near,2,7,mlp:entropy,attacks_only,92316,19173,SAFE_FINAL_01
0.08156517658529616,0.0799637129265629,0.08316664024402942,0.09236416749123808,0.9942183308029865,0.0070411516194648725,0.05163987272008818,ciciot2023,D_clean,Mirai-greip_flood,Mirai,near,2,7,mlp:energy,with_normal,96166,19173,SAFE_FINAL_01
0.0844590437946313,0.08280233635373467,0.08611575123552793,0.09590143339525845,0.9939772087178821,0.0070411516194648725,0.051572858442740156,ciciot2023,D_clean,Mirai-greip_flood,Mirai,near,2,7,mlp:energy,attacks_only,92316,19173,SAFE_FINAL_01
0.4734314900700134,0.4690173333350859,0.4778456468049409,0.14967270657442155,0.7586985005095356,0.04469827361393627,0.04844747623900339,ciciot2023,D_clean,Mirai-greip_flood,Mirai,near,2,7,mlp:mahalanobis,with_normal,96166,19173,SAFE_FINAL_01
0.4834311803834246,0.4789762910354666,0.4878860697313826,0.15680664359751492,0.7486567875557867,0.04375945339800762,0.04850730100957581,ciciot2023,D_clean,Mirai-greip_flood,Mirai,near,2,7,mlp:mahalanobis,attacks_only,92316,19173,SAFE_FINAL_01
0.07402797192083488,0.07252355738644563,0.07553238645522413,0.09173092594731372,0.992544142420398,0.004746257758305951,0.05030884096250234,ciciot2023,D_clean,Mirai-greip_flood,Mirai,near,2,7,edl:vacuity,with_normal,96166,19173,SAFE_FINAL_01
0.0768866899399037,0.07532684138180773,0.07844653849799968,0.09521906130124018,0.992233199012089,0.004746257758305951,0.05052211967589584,ciciot2023,D_clean,Mirai-greip_flood,Mirai,near,2,7,edl:vacuity,attacks_only,92316,19173,SAFE_FINAL_01
0.4367998103784792,0.4324956591551668,0.4411039616017916,0.13603994868787694,0.7735894182975271,0.020654044750430294,0.04927937108749454,ciciot2023,D_clean,Mirai-greip_flood,Mirai,near,2,7,fusion_rank,with_normal,96166,19173,SAFE_FINAL_01
0.450824692537351,0.44645810270937236,0.4551912823653297,0.143744670247786,0.7641470600979245,0.020758358107755698,0.048843104120629144,ciciot2023,D_clean,Mirai-greip_flood,Mirai,near,2,7,fusion_rank,attacks_only,92316,19173,SAFE_FINAL_01
0.4635656924920044,0.45917820657666075,0.46795317840734807,0.14565481055068,0.7932117380363122,0.04063005267824545,0.048499469667034084,ciciot2023,D_clean,Mirai-greip_flood,Mirai,near,2,7,fusion_z,with_normal,96166,19173,SAFE_FINAL_01
0.4783859087411527,0.47394311560067615,0.4828287018816293,0.15412769534646517,0.7845877204384939,0.040108485891618424,0.048409809783786124,ciciot2023,D_clean,Mirai-greip_flood,Mirai,near,2,7,fusion_z,attacks_only,92316,19173,SAFE_FINAL_01
0.3154520381960183,0.311726269731171,0.3191778066608656,0.15181492898334142,1.0,0.004224690971678924,0.048416280182184974,ciciot2023,D_clean,Mirai-greip_flood,Mirai,near,2,13,rf:maxprob,with_normal,96166,19173,SAFE_FINAL_01
0.32776411040703096,0.32394520625169115,0.33158301456237077,0.15728164217550133,1.0,0.004589787722317842,0.05029464014905325,ciciot2023,D_clean,Mirai-greip_flood,Mirai,near,2,13,rf:maxprob,attacks_only,92316,19173,SAFE_FINAL_01
0.10054078328427725,0.09870609794823332,0.10237546862032118,0.11802518524175859,1.0,0.0007823501799405414,0.0492689724018884,ciciot2023,D_clean,Mirai-greip_flood,Mirai,near,2,13,mlp:maxprob,with_normal,96166,19173,SAFE_FINAL_01
0.104465703573561,0.10256509728531292,0.10636630986180907,0.12233461004751141,1.0,0.0007823501799405414,0.04900558949694527,ciciot2023,D_clean,Mirai-greip_flood,Mirai,near,2,13,mlp:maxprob,attacks_only,92316,19173,SAFE_FINAL_01
0.10071050780720982,0.09887380188662041,0.10254721372779922,0.09325689685265036,0.9856394151779215,0.0010431335732540552,0.04959133165567872,ciciot2023,D_clean,Mirai-greip_flood,Mirai,near,2,13,mlp:entropy,with_normal,96166,19173,SAFE_FINAL_01
0.10461983770041165,0.1027174141418809,0.1065222612589424,0.09691931314930986,0.9850405130204948,0.0010431335732540552,0.04936305732484077,ciciot2023,D_clean,Mirai-greip_flood,Mirai,near,2,13,mlp:entropy,attacks_only,92316,19173,SAFE_FINAL_01
0.15453875145280993,0.1521107015935802,0.15696680131203966,0.09845602921757907,0.9465923507268681,0.006519584832837845,0.05023605016325936,ciciot2023,D_clean,Mirai-greip_flood,Mirai,near,2,13,mlp:energy,with_normal,96166,19173,SAFE_FINAL_01
0.16049020002132597,0.15798175630591793,0.162998643736734,0.102525450117096,0.9443650071493566,0.006519584832837845,0.049958837037999915,ciciot2023,D_clean,Mirai-greip_flood,Mirai,near,2,13,mlp:energy,attacks_only,92316,19173,SAFE_FINAL_01
0.45259807789096373,0.44824280297279523,0.45695335280913224,0.14919234100265666,0.7882515650021837,0.05267824544932979,0.04987209616704449,ciciot2023,D_clean,Mirai-greip_flood,Mirai,near,2,13,mlp:mahalanobis,with_normal,96166,19173,SAFE_FINAL_01
0.4625504843665932,0.4581493870655784,0.466951581667608,0.15604178971625438,0.7794206854716409,0.05205236530537735,0.05017548420642142,ciciot2023,D_clean,Mirai-greip_flood,Mirai,near,2,13,mlp:mahalanobis,attacks_only,92316,19173,SAFE_FINAL_01
0.0605311681583159,0.05920799210138954,0.06185434421524226,0.09095391016153856,0.9970467732878564,0.004641944400980546,0.05066239627311108,ciciot2023,D_clean,Mirai-greip_flood,Mirai,near,2,13,edl:vacuity,with_normal,96166,19173,SAFE_FINAL_01
0.06282937265178984,0.06145718524761834,0.06420156005596134,0.09437187377824308,0.9969236102084146,0.004641944400980546,0.050565449109580135,ciciot2023,D_clean,Mirai-greip_flood,Mirai,near,2,13,edl:vacuity,attacks_only,92316,19173,SAFE_FINAL_01
0.40528851225077056,0.4011029406359827,0.40947408386555845,0.12995622939278426,0.8065636503545952,0.021853648359672455,0.0533868519019196,ciciot2023,D_clean,Mirai-greip_flood,Mirai,near,2,13,fusion_rank,with_normal,96166,19173,SAFE_FINAL_01
0.4183792468265992,0.41412417512505506,0.42263431852814337,0.1370563472420077,0.7984964686511548,0.02211443175298597,0.053392694657480824,ciciot2023,D_clean,Mirai-greip_flood,Mirai,near,2,13,fusion_rank,attacks_only,92316,19173,SAFE_FINAL_01
0.37688804874436943,0.37282828932749573,0.38094780816124313,0.13254547019490456,0.819385229706965,0.044281020184634645,0.04985129879583221,ciciot2023,D_clean,Mirai-greip_flood,Mirai,near,2,13,fusion_z,with_normal,96166,19173,SAFE_FINAL_01
0.38920696632252594,0.38507222662493734,0.39334170602011453,0.1389992952963719,0.8118527665843407,0.043915923433995724,0.049839681095368085,ciciot2023,D_clean,Mirai-greip_flood,Mirai,near,2,13,fusion_z,attacks_only,92316,19173,SAFE_FINAL_01
0.9777152927630628,0.9762335851782566,0.9791970003478689,0.7992683613524931,0.04614441048670451,0.9720176730486009,0.050177758373354954,ciciot2023,D_clean,Mirai-udpplain,Mirai,near,2,42,rf:maxprob,with_normal,96198,19012,SAFE_FINAL_01
0.9784078550681301,0.9769485146842958,0.9798671954519644,0.8099990079240078,0.04452722311257418,0.9720176730486009,0.04833889201715251,ciciot2023,D_clean,Mirai-udpplain,Mirai,near,2,42,rf:maxprob,attacks_only,92348,19012,SAFE_FINAL_01
0.633753407323638,0.6292060727874226,0.6383007418598535,0.19166427995528384,0.5110085448761928,0.0008941721018304229,0.05121728102455352,ciciot2023,D_clean,Mirai-udpplain,Mirai,near,2,42,mlp:maxprob,with_normal,96198,19012,SAFE_FINAL_01
0.642877227492771,0.6383311776989665,0.6474232772865754,0.20218951894358994,0.4982565946203491,0.0009467704607616243,0.05107852904231819,ciciot2023,D_clean,Mirai-udpplain,Mirai,near,2,42,mlp:maxprob,attacks_only,92348,19012,SAFE_FINAL_01
0.7781723479411833,0.7741083592236429,0.7822363366587237,0.27953232268959,0.3991663028337388,0.0006837786661056175,0.05035447722405871,ciciot2023,D_clean,Mirai-udpplain,Mirai,near,2,42,mlp:entropy,with_normal,96198,19012,SAFE_FINAL_01
0.7934344874783735,0.7894572060257912,0.7974117689309559,0.3027365783481014,0.38358166933772253,0.0006837786661056175,0.050212240654914024,ciciot2023,D_clean,Mirai-udpplain,Mirai,near,2,42,mlp:entropy,attacks_only,92348,19012,SAFE_FINAL_01
0.9850427037786008,0.9838236809950027,0.9862617265621989,0.9098172724093606,0.07144639181687769,0.9128445192509994,0.05063514833988233,ciciot2023,D_clean,Mirai-udpplain,Mirai,near,2,42,mlp:energy,with_normal,96198,19012,SAFE_FINAL_01
0.9852534818167973,0.9840427879905559,0.9864641756430387,0.9124694440746133,0.06974704379087798,0.9156322322743531,0.05121930090527137,ciciot2023,D_clean,Mirai-udpplain,Mirai,near,2,42,mlp:energy,attacks_only,92348,19012,SAFE_FINAL_01
0.991609977798132,0.9906935871019207,0.9925263684943433,0.905944671224261,0.017755046882471568,0.9966337050284031,0.0489095407388927,ciciot2023,D_clean,Mirai-udpplain,Mirai,near,2,42,mlp:mahalanobis,with_normal,96198,19012,SAFE_FINAL_01
0.9913383486686091,0.990407317989674,0.9922693793475443,0.9064375290250322,0.01826785636938537,0.9965285083105407,0.04901026551739074,ciciot2023,D_clean,Mirai-udpplain,Mirai,near,2,42,mlp:mahalanobis,attacks_only,92348,19012,SAFE_FINAL_01
0.9545916034818205,0.9525052607015091,0.9566779462621319,0.9328962624723146,0.5320276928834279,0.9100042078687145,0.05013617746730701,ciciot2023,D_clean,Mirai-udpplain,Mirai,near,2,42,edl:vacuity,with_normal,96198,19012,SAFE_FINAL_01
0.9559850028743988,0.953928471052316,0.9580415346964816,0.9344333429441798,0.5127669251093689,0.9101620029455081,0.050038982977433186,ciciot2023,D_clean,Mirai-udpplain,Mirai,near,2,42,edl:vacuity,attacks_only,92348,19012,SAFE_FINAL_01
0.9995598483831389,0.9993490220082525,0.9997706747580254,0.9953527737324055,0.0012162415019023264,0.9996318114874816,0.05093660990872991,ciciot2023,D_clean,Mirai-udpplain,Mirai,near,2,42,fusion_rank,with_normal,96198,19012,SAFE_FINAL_01
0.9995483984231437,0.9993348479808124,0.999761948865475,0.9953789119919277,0.001256118161736042,0.9996318114874816,0.05128427253432668,ciciot2023,D_clean,Mirai-udpplain,Mirai,near,2,42,fusion_rank,attacks_only,92348,19012,SAFE_FINAL_01
0.9952942938709846,0.9946065805629366,0.9959820071790325,0.9414104398675476,0.01029127424686584,0.9978960656427519,0.05005301565521113,ciciot2023,D_clean,Mirai-udpplain,Mirai,near,2,42,fusion_z,with_normal,96198,19012,SAFE_FINAL_01
0.9951530334296278,0.9944551013238918,0.9958509655353638,0.9418129228249181,0.010547061116645731,0.9978434672838208,0.05045046996145017,ciciot2023,D_clean,Mirai-udpplain,Mirai,near,2,42,fusion_z,attacks_only,92348,19012,SAFE_FINAL_01
0.9746778326730888,0.9731011492616487,0.976254516084529,0.77924416538951,0.05778706418012849,0.9249947401641069,0.04993866816357929,ciciot2023,D_clean,Mirai-udpplain,Mirai,near,2,7,rf:maxprob,with_normal,96198,19012,SAFE_FINAL_01
0.9756849359689765,0.9741387163225945,0.9772311556153586,0.7918325457864879,0.05489019794689652,0.9249947401641069,0.047656689912071726,ciciot2023,D_clean,Mirai-udpplain,Mirai,near,2,7,rf:maxprob,attacks_only,92348,19012,SAFE_FINAL_01
0.6719635485400672,0.6674830085257576,0.6764440885543769,0.2085797000059314,0.4968190606873324,0.0007363770250368188,0.049980249069627225,ciciot2023,D_clean,Mirai-udpplain,Mirai,near,2,7,mlp:maxprob,with_normal,96198,19012,SAFE_FINAL_01
0.6822386117524459,0.6777731871102388,0.686704036394653,0.22101673947268208,0.4828474899293975,0.0007363770250368188,0.050277212283969336,ciciot2023,D_clean,Mirai-udpplain,Mirai,near,2,7,mlp:maxprob,attacks_only,92348,19012,SAFE_FINAL_01
0.8221939609884056,0.81842433731127,0.8259635846655412,0.32606442244669614,0.2705669556539637,0.0009467704607616243,0.05053119607476247,ciciot2023,D_clean,Mirai-udpplain,Mirai,near,2,7,mlp:entropy,with_normal,96198,19012,SAFE_FINAL_01
0.8373180929373795,0.8336661734845561,0.8409700123902029,0.3544581718266746,0.24950188417724262,0.0009993688196928256,0.05072118508251397,ciciot2023,D_clean,Mirai-udpplain,Mirai,near,2,7,mlp:entropy,attacks_only,92348,19012,SAFE_FINAL_01
0.9590161081263128,0.9570287228025428,0.9610034934500827,0.7711555771465057,0.11915008628038005,0.6328634546602147,0.05026092018545084,ciciot2023,D_clean,Mirai-udpplain,Mirai,near,2,7,mlp:energy,with_normal,96198,19012,SAFE_FINAL_01
0.961072665260526,0.959132796208082,0.9630125343129701,0.7829036279344916,0.11259583315285658,0.6454344624447718,0.0503746697275523,ciciot2023,D_clean,Mirai-udpplain,Mirai,near,2,7,mlp:energy,attacks_only,92348,19012,SAFE_FINAL_01
0.9896658774299257,0.9886499552705589,0.9906817995892926,0.8664132507503169,0.016892243081976756,0.9957395329265727,0.05090542422919395,ciciot2023,D_clean,Mirai-udpplain,Mirai,near,2,7,mlp:mahalanobis,with_normal,96198,19012,SAFE_FINAL_01
0.9893473440382677,0.9883159791480643,0.9903787089284711,0.8671500016741791,0.01739073937713865,0.9956869345676415,0.05040715554207996,ciciot2023,D_clean,Mirai-udpplain,Mirai,near,2,7,mlp:mahalanobis,attacks_only,92348,19012,SAFE_FINAL_01
0.7973170116663661,0.793370697667313,0.8012633256654192,0.6172575343530671,0.5609160273602362,0.4842204923206396,0.05002182997567517,ciciot2023,D_clean,Mirai-udpplain,Mirai,near,2,7,edl:vacuity,with_normal,96198,19012,SAFE_FINAL_01
0.8042674361224633,0.8003621637169899,0.8081727085279368,0.6266171269917422,0.542621388660285,0.4846938775510204,0.05041798414692251,ciciot2023,D_clean,Mirai-udpplain,Mirai,near,2,7,edl:vacuity,attacks_only,92348,19012,SAFE_FINAL_01
0.9992286664833275,0.9989496272026863,0.9995077057639687,0.9912150348627679,0.001975093037277282,0.9991584262571008,0.05004262042869914,ciciot2023,D_clean,Mirai-udpplain,Mirai,near,2,7,fusion_rank,with_normal,96198,19012,SAFE_FINAL_01
0.9992144630910706,0.9989328667354832,0.9994960594466581,0.9912768955456136,0.0019924632910295836,0.9991584262571008,0.04995235413869277,ciciot2023,D_clean,Mirai-udpplain,Mirai,near,2,7,fusion_rank,attacks_only,92348,19012,SAFE_FINAL_01
0.993470808093415,0.9926615590789859,0.9942800571078442,0.9069339482786462,0.010384831285473711,0.9973700820534399,0.04984511112497141,ciciot2023,D_clean,Mirai-udpplain,Mirai,near,2,7,fusion_z,with_normal,96198,19012,SAFE_FINAL_01
0.9932876575885519,0.9924671758140656,0.9941081393630381,0.9075724952725523,0.0106445185602287,0.9973174836945087,0.049649153203101315,ciciot2023,D_clean,Mirai-udpplain,Mirai,near,2,7,fusion_z,attacks_only,92348,19012,SAFE_FINAL_01
0.9656310294856258,0.9638038919398514,0.9674581670314003,0.7117708774608653,0.056404499054034385,0.8821270776351778,0.048389779413293414,ciciot2023,D_clean,Mirai-udpplain,Mirai,near,2,13,rf:maxprob,with_normal,96198,19012,SAFE_FINAL_01
0.9668318597712577,0.9650351726927364,0.9686285468497791,0.7261739636643768,0.05388313769653918,0.8821270776351778,0.046389743145493136,ciciot2023,D_clean,Mirai-udpplain,Mirai,near,2,13,rf:maxprob,attacks_only,92348,19012,SAFE_FINAL_01
0.6702985210735518,0.665814233323494,0.6747828088236096,0.21195094781371385,0.5797209921204183,0.0022091310751104565,0.04996985384311524,ciciot2023,D_clean,Mirai-udpplain,Mirai,near,2,13,mlp:maxprob,with_normal,96198,19012,SAFE_FINAL_01
0.6790983864048277,0.6746249331060874,0.6835718397035679,0.22386991482829352,0.5631524234417637,0.0022617294340416577,0.04980075367089704,ciciot2023,D_clean,Mirai-udpplain,Mirai,near,2,13,mlp:maxprob,attacks_only,92348,19012,SAFE_FINAL_01
0.7825163191058879,0.778477723868022,0.7865549143437538,0.3026907354818048,0.5694920892326244,0.0006837786661056175,0.0494916734235639,ciciot2023,D_clean,Mirai-udpplain,Mirai,near,2,13,mlp:entropy,with_normal,96198,19012,SAFE_FINAL_01
0.7945636352361425,0.790593624307805,0.79853364616448,0.32525788303763464,0.5527136483735435,0.0007889753839680202,0.04937843808203751,ciciot2023,D_clean,Mirai-udpplain,Mirai,near,2,13,mlp:entropy,attacks_only,92348,19012,SAFE_FINAL_01
0.9816442947088577,0.9802964893515221,0.9829921000661933,0.9280480231559305,0.12814195721324767,0.8771828318956448,0.04879519324726086,ciciot2023,D_clean,Mirai-udpplain,Mirai,near,2,13,mlp:energy,with_normal,96198,19012,SAFE_FINAL_01
0.9825327954196728,0.9812171583332459,0.9838484325060997,0.9315953052552508,0.12197340494650669,0.8796023564064801,0.04840386364620782,ciciot2023,D_clean,Mirai-udpplain,Mirai,near,2,13,mlp:energy,attacks_only,92348,19012,SAFE_FINAL_01
0.9912577911107292,0.990322549741752,0.9921930324797064,0.8891046153215009,0.019543025842533108,0.9900063118030717,0.0475269756127986,ciciot2023,D_clean,Mirai-udpplain,Mirai,near,2,13,mlp:mahalanobis,with_normal,96198,19012,SAFE_FINAL_01
0.990960319749723,0.990009388437703,0.9919112510617429,0.8894781514618889,0.020238662450729847,0.9896381232905533,0.04791657642829298,ciciot2023,D_clean,Mirai-udpplain,Mirai,near,2,13,mlp:mahalanobis,attacks_only,92348,19012,SAFE_FINAL_01
0.9469534806111879,0.9447089604984753,0.9491980007239005,0.9129050347262994,0.5221522276970415,0.8774984220492321,0.05194494688039252,ciciot2023,D_clean,Mirai-udpplain,Mirai,near,2,13,edl:vacuity,with_normal,96198,19012,SAFE_FINAL_01
0.9488344257655783,0.9466266231321074,0.9510422283990492,0.9152812004569177,0.5031727812188678,0.8776036187670945,0.050916099969679905,ciciot2023,D_clean,Mirai-udpplain,Mirai,near,2,13,edl:vacuity,attacks_only,92348,19012,SAFE_FINAL_01
0.9991110378137923,0.9988114958870897,0.9994105797404949,0.990174197594888,0.00171521237447764,0.9993162213338944,0.05090542422919395,ciciot2023,D_clean,Mirai-udpplain,Mirai,near,2,13,fusion_rank,with_normal,96198,19012,SAFE_FINAL_01
0.999089829335082,0.9987867365189679,0.999392922151196,0.9902427856575812,0.00176506258933599,0.9993162213338944,0.05145753021180751,ciciot2023,D_clean,Mirai-udpplain,Mirai,near,2,13,fusion_rank,attacks_only,92348,19012,SAFE_FINAL_01
0.9947575038827253,0.9940318425555701,0.9954831652098806,0.9262627662662011,0.011091706688288738,0.997633073848096,0.04931495457286014,ciciot2023,D_clean,Mirai-udpplain,Mirai,near,2,13,fusion_z,with_normal,96198,19012,SAFE_FINAL_01
0.9945925335199884,0.9938555781758064,0.9953294888641705,0.926617799804713,0.011445835318577555,0.997633073848096,0.04965998180794386,ciciot2023,D_clean,Mirai-udpplain,Mirai,near,2,13,fusion_z,attacks_only,92348,19012,SAFE_FINAL_01
0.9082590818126123,0.9053780243657027,0.9111401392595219,0.5164605896986169,0.17914574692570764,0.2641221374045801,0.04767102213074708,ciciot2023,D_clean,Recon-HostDiscovery,Reconnaissance,near,4,42,rf:maxprob,with_normal,96201,18995,SAFE_FINAL_01
0.9152867111776181,0.9125035804431392,0.918069841912097,0.5431649316488146,0.1624671091812758,0.28396946564885495,0.0489653604184037,ciciot2023,D_clean,Recon-HostDiscovery,Reconnaissance,near,4,42,rf:maxprob,attacks_only,92351,18995,SAFE_FINAL_01
0.7912420362057868,0.7872550948808184,0.7952289775307553,0.3904210131955682,0.44483945073336034,0.26464859173466704,0.050113824180621824,ciciot2023,D_clean,Recon-HostDiscovery,Reconnaissance,near,4,42,mlp:maxprob,with_normal,96201,18995,SAFE_FINAL_01
0.7986912851907644,0.7947466811070291,0.8026358892744997,0.40913485183185716,0.4322205498586913,0.2761252961305607,0.05083864820088575,ciciot2023,D_clean,Recon-HostDiscovery,Reconnaissance,near,4,42,mlp:maxprob,attacks_only,92351,18995,SAFE_FINAL_01
0.7900117484833451,0.7860170998712497,0.7940063970954405,0.39275751276507276,0.4565649005727591,0.2792840221110819,0.05046725086017817,ciciot2023,D_clean,Recon-HostDiscovery,Reconnaissance,near,4,42,mlp:entropy,with_normal,96201,18995,SAFE_FINAL_01
0.8007978071028888,0.7968672895292642,0.8047283246765135,0.4133163489038501,0.4400818615932692,0.28444327454593316,0.05013481175082024,ciciot2023,D_clean,Recon-HostDiscovery,Reconnaissance,near,4,42,mlp:entropy,attacks_only,92351,18995,SAFE_FINAL_01
0.6827535012207744,0.6782973828672457,0.687209619574303,0.29369730520298243,0.7353249966216567,0.14014214266912345,0.05064396419995634,ciciot2023,D_clean,Recon-HostDiscovery,Reconnaissance,near,4,42,mlp:energy,with_normal,96201,18995,SAFE_FINAL_01
0.6914984352376221,0.6870565861231169,0.6959402843521273,0.3083045119660066,0.7242910201297225,0.14709133982627007,0.05073036567010644,ciciot2023,D_clean,Recon-HostDiscovery,Reconnaissance,near,4,42,mlp:energy,attacks_only,92351,18995,SAFE_FINAL_01
0.7815365886922304,0.7774905313533536,0.7855826460311073,0.315349833883595,0.5237575492978244,0.07296657015003949,0.04995790064552343,ciciot2023,D_clean,Recon-HostDiscovery,Reconnaissance,near,4,42,mlp:mahalanobis,with_normal,96201,18995,SAFE_FINAL_01
0.7844065670815309,0.780371399907454,0.7884417342556078,0.3239629477159772,0.5060150945847907,0.06996578046854435,0.049864105423871964,ciciot2023,D_clean,Recon-HostDiscovery,Reconnaissance,near,4,42,mlp:mahalanobis,attacks_only,92351,18995,SAFE_FINAL_01
0.7868722512936093,0.7828582182579118,0.7908862843293067,0.3624034446074448,0.4489662269622977,0.2050539615688339,0.04811800293136246,ciciot2023,D_clean,Recon-HostDiscovery,Reconnaissance,near,4,42,edl:vacuity,with_normal,96201,18995,SAFE_FINAL_01
0.7973354285741763,0.7933818593081151,0.8012889978402374,0.38492037000344026,0.4313867743716906,0.22637536193735194,0.04875962360992301,ciciot2023,D_clean,Recon-HostDiscovery,Reconnaissance,near,4,42,edl:vacuity,attacks_only,92351,18995,SAFE_FINAL_01
0.8938381697689156,0.8907687364031258,0.8969076031347054,0.5196668733023051,0.3105996819159884,0.3547249276125296,0.04956289435660752,ciciot2023,D_clean,Recon-HostDiscovery,Reconnaissance,near,4,42,fusion_rank,with_normal,96201,18995,SAFE_FINAL_01
0.8973859143421791,0.8943585920893399,0.9004132365950183,0.534790938602927,0.29584953059522906,0.36430639642011053,0.050069842232352654,ciciot2023,D_clean,Recon-HostDiscovery,Reconnaissance,near,4,42,fusion_rank,attacks_only,92351,18995,SAFE_FINAL_01
0.8592532368375561,0.8558036692117091,0.862702804463403,0.41329397228559156,0.3361087722580846,0.1715714661753093,0.049178282970031496,ciciot2023,D_clean,Recon-HostDiscovery,Reconnaissance,near,4,42,fusion_z,with_normal,96201,18995,SAFE_FINAL_01
0.8640281091758916,0.860622441997576,0.8674337763542072,0.42655144237839215,0.31260083810678824,0.17072913924717031,0.049593399096923695,ciciot2023,D_clean,Recon-HostDiscovery,Reconnaissance,near,4,42,fusion_z,attacks_only,92351,18995,SAFE_FINAL_01
0.9067807592431743,0.9038794226056583,0.9096820958806902,0.5110433341440158,0.1784908680782944,0.25206633324559097,0.048024448810303426,ciciot2023,D_clean,Recon-HostDiscovery,Reconnaissance,near,4,7,rf:maxprob,with_normal,96201,18995,SAFE_FINAL_01
0.9149090288929915,0.912120380904706,0.917697676881277,0.541323261054961,0.1611135775465344,0.27244011581995264,0.04804495890677957,ciciot2023,D_clean,Recon-HostDiscovery,Reconnaissance,near,4,7,rf:maxprob,attacks_only,92351,18995,SAFE_FINAL_01
0.7719636339088981,0.7678629470655111,0.7760643207522852,0.3786729058872436,0.47405952121079825,0.2669123453540405,0.049500524942568166,ciciot2023,D_clean,Recon-HostDiscovery,Reconnaissance,near,4,7,mlp:maxprob,with_normal,96201,18995,SAFE_FINAL_01
0.7788332697827844,0.7747650333290516,0.7829015062365173,0.3957608520704979,0.4611969550952345,0.2756514872334825,0.04964754036231335,ciciot2023,D_clean,Recon-HostDiscovery,Reconnaissance,near,4,7,mlp:maxprob,attacks_only,92351,18995,SAFE_FINAL_01
0.771840663500241,0.7677392980145591,0.775942028985923,0.3806401641752256,0.48640866519059056,0.2693340352724401,0.04912630845833203,ciciot2023,D_clean,Recon-HostDiscovery,Reconnaissance,near,4,7,mlp:entropy,with_normal,96201,18995,SAFE_FINAL_01
0.7816774924447425,0.7776259775170575,0.7857290073724275,0.40027074282216757,0.47034682894608615,0.2782311134509081,0.04925772325150783,ciciot2023,D_clean,Recon-HostDiscovery,Reconnaissance,near,4,7,mlp:entropy,attacks_only,92351,18995,SAFE_FINAL_01
0.7238803932930864,0.7195558496828649,0.7282049369033079,0.3171144389240769,0.6608455213563269,0.1551987365096078,0.05104936539121215,ciciot2023,D_clean,Recon-HostDiscovery,Reconnaissance,near,4,7,mlp:energy,with_normal,96201,18995,SAFE_FINAL_01
0.7353716188191892,0.731085415658628,0.7396578219797505,0.3375888911719939,0.6467174150794253,0.16525401421426691,0.05126095007092506,ciciot2023,D_clean,Recon-HostDiscovery,Reconnaissance,near,4,7,mlp:energy,attacks_only,92351,18995,SAFE_FINAL_01
0.788561582445507,0.7845579295846682,0.7925652353063458,0.31833264555674884,0.5106807621542395,0.07007107133456172,0.05148595128948764,ciciot2023,D_clean,Recon-HostDiscovery,Reconnaissance,near,4,7,mlp:mahalanobis,with_normal,96201,18995,SAFE_FINAL_01
0.7916491377847433,0.7876588229549781,0.7956394526145085,0.3275398441445354,0.49276131281740315,0.06622795472492761,0.051239293564769195,ciciot2023,D_clean,Recon-HostDiscovery,Reconnaissance,near,4,7,mlp:mahalanobis,attacks_only,92351,18995,SAFE_FINAL_01
0.7654816160597592,0.7613459377695718,0.7696172943499465,0.3542270811267598,0.4745065020114136,0.22916556988681233,0.05006184966892236,ciciot2023,D_clean,Recon-HostDiscovery,Reconnaissance,near,4,7,edl:vacuity,with_normal,96201,18995,SAFE_FINAL_01
0.7773995743017239,0.7733230299888543,0.7814761186145935,0.3749285843750439,0.45316239131140973,0.2385364569623585,0.050394689824690586,ciciot2023,D_clean,Recon-HostDiscovery,Reconnaissance,near,4,7,edl:vacuity,attacks_only,92351,18995,SAFE_FINAL_01
0.8964790640715594,0.893442622127305,0.8995155060158139,0.5175909805041574,0.30292824398914775,0.36130560673861545,0.04960447396596709,ciciot2023,D_clean,Recon-HostDiscovery,Reconnaissance,near,4,7,fusion_rank,with_normal,96201,18995,SAFE_FINAL_01
0.9008226422528542,0.8978396335841544,0.9038056509215541,0.5360599488069604,0.28796656235449536,0.37430902869176097,0.04982079241156024,ciciot2023,D_clean,Recon-HostDiscovery,Reconnaissance,near,4,7,fusion_rank,attacks_only,92351,18995,SAFE_FINAL_01
0.860745917998602,0.8573109898499596,0.8641808461472444,0.4134814491222784,0.33506928202409536,0.18104764411687285,0.05085186224675419,ciciot2023,D_clean,Recon-HostDiscovery,Reconnaissance,near,4,7,fusion_z,with_normal,96201,18995,SAFE_FINAL_01
0.865739125937768,0.8623508459307633,0.8691274059447728,0.42765327516152474,0.3118320321382551,0.17720452750723875,0.05031889205314507,ciciot2023,D_clean,Recon-HostDiscovery,Reconnaissance,near,4,7,fusion_z,attacks_only,92351,18995,SAFE_FINAL_01
0.9050807420550571,0.9021563722768065,0.9080051118333077,0.5111702502672151,0.18734732487188283,0.2562779678862859,0.046361264435920625,ciciot2023,D_clean,Recon-HostDiscovery,Reconnaissance,near,4,13,rf:maxprob,with_normal,96201,18995,SAFE_FINAL_01
0.9129618687101022,0.9101450450624713,0.9157786923577331,0.5397047988874958,0.16889909150956675,0.27780994998683867,0.04713538564823337,ciciot2023,D_clean,Recon-HostDiscovery,Reconnaissance,near,4,13,rf:maxprob,attacks_only,92351,18995,SAFE_FINAL_01
0.8220074420331855,0.8182348068484496,0.8257800772179215,0.4140285673434389,0.4281764222825127,0.2665438273229797,0.048835251192815045,ciciot2023,D_clean,Recon-HostDiscovery,Reconnaissance,near,4,13,mlp:maxprob,with_normal,96201,18995,SAFE_FINAL_01
0.8267157832311882,0.8229751446176453,0.8304564218447311,0.43114694346279814,0.4187068900174335,0.27486180573835217,0.0487921083691568,ciciot2023,D_clean,Recon-HostDiscovery,Reconnaissance,near,4,13,mlp:maxprob,attacks_only,92351,18995,SAFE_FINAL_01
0.8023092504022498,0.7983945226280963,0.8062239781764032,0.3935446247248918,0.44389351462043014,0.2604369570939721,0.049708422989366015,ciciot2023,D_clean,Recon-HostDiscovery,Reconnaissance,near,4,13,mlp:entropy,with_normal,96201,18995,SAFE_FINAL_01
0.811589579029472,0.8077343133981715,0.8154448446607726,0.4134200512419914,0.429448517070741,0.26780731771518823,0.0498424489177161,ciciot2023,D_clean,Recon-HostDiscovery,Reconnaissance,near,4,13,mlp:entropy,attacks_only,92351,18995,SAFE_FINAL_01
0.7506314853919512,0.7464214812183053,0.7548414895655972,0.31186871990554804,0.6546189748547312,0.10513292971834694,0.048450639806239024,ciciot2023,D_clean,Recon-HostDiscovery,Reconnaissance,near,4,13,mlp:energy,with_normal,96201,18995,SAFE_FINAL_01
0.7604281844703018,0.7562592778619202,0.7645970910786835,0.32869926068464445,0.6407077346211736,0.10887075546196368,0.04867299758529956,ciciot2023,D_clean,Recon-HostDiscovery,Reconnaissance,near,4,13,mlp:energy,attacks_only,92351,18995,SAFE_FINAL_01
0.7799722103408679,0.7759169800094106,0.7840274406723253,0.31997765687022606,0.5227908233802143,0.10397473019215583,0.04960447396596709,ciciot2023,D_clean,Recon-HostDiscovery,Reconnaissance,near,4,13,mlp:mahalanobis,with_normal,96201,18995,SAFE_FINAL_01
0.7837053027334864,0.7796659062802133,0.7877446991867595,0.32875779958472334,0.5043583718638672,0.09797315082916556,0.04961505560307956,ciciot2023,D_clean,Recon-HostDiscovery,Reconnaissance,near,4,13,mlp:mahalanobis,attacks_only,92351,18995,SAFE_FINAL_01
0.8044057489758483,0.8005052993036146,0.808306198648082,0.3823461500664395,0.4382178979428488,0.23032376941300342,0.04897038492323365,ciciot2023,D_clean,Recon-HostDiscovery,Reconnaissance,near,4,13,edl:vacuity,with_normal,96201,18995,SAFE_FINAL_01
0.8133447761470168,0.8095022508062462,0.8171873014877875,0.40372868308446186,0.4223126982923845,0.24622269018162674,0.04972333813385887,ciciot2023,D_clean,Recon-HostDiscovery,Reconnaissance,near,4,13,edl:vacuity,attacks_only,92351,18995,SAFE_FINAL_01
0.8877796340572451,0.8846368592744531,0.8909224088400371,0.5040125184189534,0.32131682622841756,0.3646222690181627,0.05235912308603861,ciciot2023,D_clean,Recon-HostDiscovery,Reconnaissance,near,4,13,fusion_rank,with_normal,96201,18995,SAFE_FINAL_01
0.8923644500738566,0.8892743649807925,0.8954545351669206,0.5216450436642186,0.3046204155883531,0.3755725190839695,0.052300462366406425,ciciot2023,D_clean,Recon-HostDiscovery,Reconnaissance,near,4,13,fusion_rank,attacks_only,92351,18995,SAFE_FINAL_01
0.8554856793200974,0.8519997913942748,0.85897156724592,0.414696050111637,0.34009001985426346,0.21021321400368517,0.05016579869232129,ciciot2023,D_clean,Recon-HostDiscovery,Reconnaissance,near,4,13,fusion_z,with_normal,96201,18995,SAFE_FINAL_01
0.8611796948769299,0.8577455133497427,0.8646138764041171,0.4284671733971326,0.3153836991478165,0.20710713345617268,0.050015700966963,ciciot2023,D_clean,Recon-HostDiscovery,Reconnaissance,near,4,13,fusion_z,attacks_only,92351,18995,SAFE_FINAL_01
0.8358006321352196,0.832139551230326,0.8394617130401132,0.3983799046599989,1.0,0.15170490423068828,0.05061330561330561,ciciot2023,D_clean,Recon-OSScan,Reconnaissance,near,4,42,rf:maxprob,with_normal,96200,19004,SAFE_FINAL_01
0.8450777854649356,0.8414927821257919,0.8486627888040793,0.42303311836619006,1.0,0.15170490423068828,0.04884677855982675,ciciot2023,D_clean,Recon-OSScan,Reconnaissance,near,4,42,rf:maxprob,attacks_only,92350,19004,SAFE_FINAL_01
0.7405505067102625,0.7362954184979654,0.7448055949225595,0.30994652959579894,0.5446777546777547,0.13623447695222057,0.04995841995841996,ciciot2023,D_clean,Recon-OSScan,Reconnaissance,near,4,42,mlp:maxprob,with_normal,96200,19004,SAFE_FINAL_01
0.7460016564489258,0.7417634573547846,0.750239855543067,0.32440168551347787,0.5268002165674066,0.14175962955167334,0.050178668110449375,ciciot2023,D_clean,Recon-OSScan,Reconnaissance,near,4,42,mlp:maxprob,attacks_only,92350,19004,SAFE_FINAL_01
0.7915655862580194,0.7875815569916871,0.7955496155243518,0.35969117556479335,0.5455509355509356,0.13355083140391497,0.050135135135135137,ciciot2023,D_clean,Recon-OSScan,Reconnaissance,near,4,42,mlp:entropy,with_normal,96200,19004,SAFE_FINAL_01
0.7999687473540178,0.7960335266193085,0.8039039680887271,0.3801828723995495,0.5272766648619382,0.1372342664702168,0.05000541418516513,ciciot2023,D_clean,Recon-OSScan,Reconnaissance,near,4,42,mlp:entropy,attacks_only,92350,19004,SAFE_FINAL_01
0.8168790439019076,0.8130685082155094,0.8206895795883058,0.4101432677956546,0.6044906444906445,0.20400968217217427,0.04981288981288981,ciciot2023,D_clean,Recon-OSScan,Reconnaissance,near,4,42,mlp:energy,with_normal,96200,19004,SAFE_FINAL_01
0.8257933641645214,0.8220462448600122,0.8295404834690306,0.43062406222294614,0.5889009204114781,0.212955167333193,0.05014618299945858,ciciot2023,D_clean,Recon-OSScan,Reconnaissance,near,4,42,mlp:energy,attacks_only,92350,19004,SAFE_FINAL_01
0.7561543078139584,0.7519719226247527,0.7603366930031642,0.2955439830942933,0.49602910602910605,0.11234476952220585,0.05055093555093555,ciciot2023,D_clean,Recon-OSScan,Reconnaissance,near,4,42,mlp:mahalanobis,with_normal,96200,19004,SAFE_FINAL_01
0.7613433817312789,0.7571800824780563,0.7655066809845015,0.30588568379846465,0.47801840822956143,0.11066091349189644,0.05049269085002707,ciciot2023,D_clean,Recon-OSScan,Reconnaissance,near,4,42,mlp:mahalanobis,attacks_only,92350,19004,SAFE_FINAL_01
0.7557775247885226,0.7515932829353744,0.7599617666416707,0.3305220546582213,0.547993762993763,0.16564933698168807,0.051434511434511436,ciciot2023,D_clean,Recon-OSScan,Reconnaissance,near,4,42,edl:vacuity,with_normal,96200,19004,SAFE_FINAL_01
0.7633908716336697,0.7592382101988207,0.7675435330685187,0.34707510482987275,0.5291499729290742,0.17096400757735214,0.050947482403898216,ciciot2023,D_clean,Recon-OSScan,Reconnaissance,near,4,42,edl:vacuity,attacks_only,92350,19004,SAFE_FINAL_01
0.8371167633053289,0.8334667662269751,0.8407667603836827,0.4133485184185185,0.3603638253638254,0.21916438644495895,0.051444906444906444,ciciot2023,D_clean,Recon-OSScan,Reconnaissance,near,4,42,fusion_rank,with_normal,96200,19004,SAFE_FINAL_01
0.8448412094475992,0.841254094040891,0.8484283248543074,0.43188404687839743,0.34029236599891716,0.22379499052830984,0.051467244179750946,ciciot2023,D_clean,Recon-OSScan,Reconnaissance,near,4,42,fusion_rank,attacks_only,92350,19004,SAFE_FINAL_01
0.8187942914742535,0.8149980738732362,0.8225905090752709,0.36504751968266647,0.4258004158004158,0.1481267101662808,0.04957380457380457,ciciot2023,D_clean,Recon-OSScan,Reconnaissance,near,4,42,fusion_z,with_normal,96200,19004,SAFE_FINAL_01
0.8276660856284552,0.8239338513687665,0.8313983198881439,0.3820553161676115,0.40244721169464,0.1481267101662808,0.050016242555495395,ciciot2023,D_clean,Recon-OSScan,Reconnaissance,near,4,42,fusion_z,attacks_only,92350,19004,SAFE_FINAL_01
0.8393432296888149,0.8357121968062029,0.8429742625714269,0.4010612424345402,1.0,0.13728688697116395,0.047432432432432434,ciciot2023,D_clean,Recon-OSScan,Reconnaissance,near,4,7,rf:maxprob,with_normal,96200,19004,SAFE_FINAL_01
0.8493411568555881,0.8457947699279481,0.8528875437832281,0.4278727182073506,1.0,0.1509682172174279,0.04809962100703844,ciciot2023,D_clean,Recon-OSScan,Reconnaissance,near,4,7,rf:maxprob,attacks_only,92350,19004,SAFE_FINAL_01
0.7331458015075938,0.7288591372664143,0.7374324657487733,0.3027683195933941,0.5968607068607069,0.1246579667438434,0.0508004158004158,ciciot2023,D_clean,Recon-OSScan,Reconnaissance,near,4,7,mlp:maxprob,with_normal,96200,19004,SAFE_FINAL_01
0.7401878238496964,0.7359233967136641,0.7444522509857286,0.31829749327488893,0.5800649702219816,0.12970953483477163,0.050546832701678396,ciciot2023,D_clean,Recon-OSScan,Reconnaissance,near,4,7,mlp:maxprob,attacks_only,92350,19004,SAFE_FINAL_01
0.7836133256331637,0.7795804793633985,0.7876461719029288,0.3511789661207114,0.5983679833679834,0.1171858556093454,0.04995841995841996,ciciot2023,D_clean,Recon-OSScan,Reconnaissance,near,4,7,mlp:entropy,with_normal,96200,19004,SAFE_FINAL_01
0.7935450123799203,0.7895676682026034,0.7975223565572371,0.3736048107778825,0.5816350839198701,0.12150073668701326,0.050092041147807256,ciciot2023,D_clean,Recon-OSScan,Reconnaissance,near,4,7,mlp:entropy,attacks_only,92350,19004,SAFE_FINAL_01
0.8209221037173047,0.8171420007504282,0.8247022066841811,0.38394191856760373,0.5526507276507276,0.16522837297411072,0.05028066528066528,ciciot2023,D_clean,Recon-OSScan,Reconnaissance,near,4,7,mlp:energy,with_normal,96200,19004,SAFE_FINAL_01
0.8313695828661496,0.8276673125243738,0.8350718532079254,0.4086607645138362,0.5345100162425555,0.17638391917491056,0.05062263129399026,ciciot2023,D_clean,Recon-OSScan,Reconnaissance,near,4,7,mlp:energy,attacks_only,92350,19004,SAFE_FINAL_01
0.7641088953370578,0.7599669098522691,0.7682508808218466,0.30755915486681373,0.48633056133056135,0.12392127973058303,0.051237006237006236,ciciot2023,D_clean,Recon-OSScan,Reconnaissance,near,4,7,mlp:mahalanobis,with_normal,96200,19004,SAFE_FINAL_01
0.7692327429542944,0.7651112887821611,0.7733541971264278,0.31827617519697665,0.4678613968597726,0.12165859818985476,0.051012452625879806,ciciot2023,D_clean,Recon-OSScan,Reconnaissance,near,4,7,mlp:mahalanobis,attacks_only,92350,19004,SAFE_FINAL_01
0.765948620183255,0.7618163093955289,0.7700809309709812,0.3453874324162737,0.5406756756756756,0.17980425173647654,0.049272349272349275,ciciot2023,D_clean,Recon-OSScan,Reconnaissance,near,4,7,edl:vacuity,with_normal,96200,19004,SAFE_FINAL_01
0.773777137734204,0.7696808505675492,0.7778734249008588,0.3631668285110973,0.5215268002165674,0.18622395285203114,0.049583107742284784,ciciot2023,D_clean,Recon-OSScan,Reconnaissance,near,4,7,edl:vacuity,attacks_only,92350,19004,SAFE_FINAL_01
0.8403571435994873,0.8367348369120444,0.8439794502869302,0.4195519986064553,0.3593970893970894,0.22358450852452116,0.04937629937629938,ciciot2023,D_clean,Recon-OSScan,Reconnaissance,near,4,7,fusion_rank,with_normal,96200,19004,SAFE_FINAL_01
0.8482435570227885,0.844687127062871,0.8517999869827061,0.43993187612377826,0.34029236599891716,0.23210902967796254,0.04992961559285328,ciciot2023,D_clean,Recon-OSScan,Reconnaissance,near,4,7,fusion_rank,attacks_only,92350,19004,SAFE_FINAL_01
0.8237963580049457,0.8200383742014182,0.8275543418084731,0.37352680963852364,0.3838045738045738,0.16175541991159756,0.051923076923076926,ciciot2023,D_clean,Recon-OSScan,Reconnaissance,near,4,7,fusion_z,with_normal,96200,19004,SAFE_FINAL_01
0.832601450445505,0.8289093042664027,0.8362935966246073,0.39120436787195023,0.35885219274499186,0.16175541991159756,0.05174878180833784,ciciot2023,D_clean,Recon-OSScan,Reconnaissance,near,4,7,fusion_z,attacks_only,92350,19004,SAFE_FINAL_01
0.8380562547615535,0.8344142269466338,0.8416982825764733,0.39963791725417824,1.0,0.1484424331719638,0.04997920997920998,ciciot2023,D_clean,Recon-OSScan,Reconnaissance,near,4,13,rf:maxprob,with_normal,96200,19004,SAFE_FINAL_01
0.8477187414566472,0.8441575344194528,0.8512799484938415,0.42516474130708504,1.0,0.1484424331719638,0.048012994044396316,ciciot2023,D_clean,Recon-OSScan,Reconnaissance,near,4,13,rf:maxprob,attacks_only,92350,19004,SAFE_FINAL_01
0.741497732067349,0.737246816685704,0.745748647448994,0.3097808777180014,0.5624012474012474,0.12902546832245843,0.050831600831600834,ciciot2023,D_clean,Recon-OSScan,Reconnaissance,near,4,13,mlp:maxprob,with_normal,96200,19004,SAFE_FINAL_01
0.7473200472883661,0.7430879579601494,0.7515521366165828,0.324199882379248,0.5443746616134272,0.13239318038307724,0.05047103410936654,ciciot2023,D_clean,Recon-OSScan,Reconnaissance,near,4,13,mlp:maxprob,attacks_only,92350,19004,SAFE_FINAL_01
0.7938102830195285,0.7898405067143027,0.7977800593247543,0.3586809877000128,0.5647193347193347,0.11750157861502841,0.050145530145530144,ciciot2023,D_clean,Recon-OSScan,Reconnaissance,near,4,13,mlp:entropy,with_normal,96200,19004,SAFE_FINAL_01
0.8025477080196379,0.7986299003036251,0.8064655157356507,0.37951740114461097,0.546691932864104,0.11934329614817933,0.050016242555495395,ciciot2023,D_clean,Recon-OSScan,Reconnaissance,near,4,13,mlp:entropy,attacks_only,92350,19004,SAFE_FINAL_01
0.8345353147559261,0.8308636655982224,0.8382069639136298,0.411411152289677,0.5176299376299376,0.1686487055356767,0.04888773388773389,ciciot2023,D_clean,Recon-OSScan,Reconnaissance,near,4,13,mlp:energy,with_normal,96200,19004,SAFE_FINAL_01
0.845333540187647,0.841750823740565,0.8489162566347289,0.4357601935847801,0.49768272874932323,0.17327930961902757,0.04855441256090958,ciciot2023,D_clean,Recon-OSScan,Reconnaissance,near,4,13,mlp:energy,attacks_only,92350,19004,SAFE_FINAL_01
0.7693787630222065,0.7652648285434653,0.7734926975009477,0.3083220480021983,0.4807276507276507,0.10760892443696064,0.04711018711018711,ciciot2023,D_clean,Recon-OSScan,Reconnaissance,near,4,13,mlp:mahalanobis,with_normal,96200,19004,SAFE_FINAL_01
0.7746801402879079,0.7705889482615326,0.7787713323142832,0.31896718900541776,0.4621007038440715,0.10571458640286256,0.04723335138061722,ciciot2023,D_clean,Recon-OSScan,Reconnaissance,near,4,13,mlp:mahalanobis,attacks_only,92350,19004,SAFE_FINAL_01
0.746696072246088,0.7424686047663985,0.7509235397257775,0.30967187270332996,0.5355509355509356,0.1368659229635866,0.04963617463617464,ciciot2023,D_clean,Recon-OSScan,Reconnaissance,near,4,13,edl:vacuity,with_normal,96200,19004,SAFE_FINAL_01
0.7533507917348379,0.7491474261969955,0.7575541572726803,0.32392843423549555,0.5162208987547374,0.14002315302041676,0.05013535462912832,ciciot2023,D_clean,Recon-OSScan,Reconnaissance,near,4,13,edl:vacuity,attacks_only,92350,19004,SAFE_FINAL_01
0.8445557946330152,0.840970233884078,0.8481413553819525,0.42453165440381946,0.34597713097713095,0.2153230898758156,0.04929313929313929,ciciot2023,D_clean,Recon-OSScan,Reconnaissance,near,4,13,fusion_rank,with_normal,96200,19004,SAFE_FINAL_01
0.8524793495160226,0.8489620717778983,0.8559966272541468,0.4448252824462241,0.3265511640498105,0.22121658598189856,0.04921494315105577,ciciot2023,D_clean,Recon-OSScan,Reconnaissance,near,4,13,fusion_rank,attacks_only,92350,19004,SAFE_FINAL_01
0.8242586307467386,0.8205042425396196,0.8280130189538575,0.37192943547649626,0.38927234927234927,0.14517996211323933,0.04661122661122661,ciciot2023,D_clean,Recon-OSScan,Reconnaissance,near,4,13,fusion_z,with_normal,96200,19004,SAFE_FINAL_01
0.8331357869890215,0.8294480570164035,0.8368235169616395,0.389347015889354,0.3644396318354088,0.14512734161229215,0.04668110449377369,ciciot2023,D_clean,Recon-OSScan,Reconnaissance,near,4,13,fusion_z,attacks_only,92350,19004,SAFE_FINAL_01
0.9140611832617473,0.9024832691423084,0.9256390973811863,0.06374387503208102,0.19691336373202384,0.308263695450325,0.04806333617277146,ciciot2023,D_clean,Recon-PingSweep,Reconnaissance,near,4,42,rf:maxprob,with_normal,99785,1077,SAFE_FINAL_01
0.9195541423682343,0.9083014135286208,0.9308068712078478,0.06938323333864256,0.1806222963464846,0.33890436397400187,0.04975243654557773,ciciot2023,D_clean,Recon-PingSweep,Reconnaissance,near,4,42,rf:maxprob,attacks_only,95935,1077,SAFE_FINAL_01
0.8976683341793956,0.8852053958977767,0.9101312724610146,0.058166181001411764,0.36469409229844163,0.2971216341689879,0.04931602946334619,ciciot2023,D_clean,Recon-PingSweep,Reconnaissance,near,4,42,mlp:maxprob,with_normal,99785,1077,SAFE_FINAL_01
0.900497140032962,0.8881779568848776,0.9128163231810464,0.062056816477493275,0.3580757804763642,0.3064066852367688,0.049241674050138115,ciciot2023,D_clean,Recon-PingSweep,Reconnaissance,near,4,42,mlp:maxprob,attacks_only,95935,1077,SAFE_FINAL_01
0.91402963911872,0.902449900865263,0.9256093773721771,0.06149742564254031,0.19248384025655157,0.2618384401114206,0.050167860900937014,ciciot2023,D_clean,Recon-PingSweep,Reconnaissance,near,4,42,mlp:entropy,with_normal,99785,1077,SAFE_FINAL_01
0.9176321556702424,0.9062636736799327,0.9290006376605521,0.06590977692677696,0.17691145046124981,0.27298050139275765,0.05030489393860426,ciciot2023,D_clean,Recon-PingSweep,Reconnaissance,near,4,42,mlp:entropy,attacks_only,95935,1077,SAFE_FINAL_01
0.9236850640204202,0.91268848070336,0.9346816473374804,0.0834380734239359,0.19738437640927994,0.44846796657381616,0.050729067495114494,ciciot2023,D_clean,Recon-PingSweep,Reconnaissance,near,4,42,mlp:energy,with_normal,99785,1077,SAFE_FINAL_01
0.9260739254986318,0.9152294869035401,0.9369183640937234,0.08726716019459951,0.18501068431750664,0.4521819870009285,0.05057591077291916,ciciot2023,D_clean,Recon-PingSweep,Reconnaissance,near,4,42,mlp:energy,attacks_only,95935,1077,SAFE_FINAL_01
0.6915483517045399,0.6738565835387259,0.7092401198703538,0.019829853850327227,0.5800771659066994,0.09377901578458682,0.048544370396352156,ciciot2023,D_clean,Recon-PingSweep,Reconnaissance,near,4,42,mlp:mahalanobis,with_normal,99785,1077,SAFE_FINAL_01
0.6964125789479771,0.67876149121523,0.7140636666807243,0.020606794961770203,0.5651117944441549,0.09006499535747446,0.04854328451555741,ciciot2023,D_clean,Recon-PingSweep,Reconnaissance,near,4,42,mlp:mahalanobis,attacks_only,95935,1077,SAFE_FINAL_01
0.9101014348909581,0.8982984039319076,0.9219044658500085,0.06376729584651969,0.3019892769454327,0.3649025069637883,0.0497669990479531,ciciot2023,D_clean,Recon-PingSweep,Reconnaissance,near,4,42,edl:vacuity,with_normal,99785,1077,SAFE_FINAL_01
0.9138445352318255,0.9022536845584468,0.9254353859052042,0.0683670566897009,0.28997758899254705,0.37604456824512533,0.04963777557721374,ciciot2023,D_clean,Recon-PingSweep,Reconnaissance,near,4,42,edl:vacuity,attacks_only,95935,1077,SAFE_FINAL_01
0.8354183965349085,0.8204524649318227,0.8503843281379942,0.04726525492983853,0.3904895525379566,0.2692664809656453,0.049777020594277695,ciciot2023,D_clean,Recon-PingSweep,Reconnaissance,near,4,42,fusion_rank,with_normal,99785,1077,SAFE_FINAL_01
0.8410314231737395,0.8262465293849057,0.8558163169625732,0.04981401428044408,0.37395111273257936,0.2711234911792015,0.04990879241152864,ciciot2023,D_clean,Recon-PingSweep,Reconnaissance,near,4,42,fusion_rank,attacks_only,95935,1077,SAFE_FINAL_01
0.8035723974604825,0.7877025951346031,0.8194421997863619,0.03043464685475911,0.3667084231096858,0.14856081708449395,0.04875482286916871,ciciot2023,D_clean,Recon-PingSweep,Reconnaissance,near,4,42,fusion_z,with_normal,99785,1077,SAFE_FINAL_01
0.8114075033104036,0.7957398075800958,0.8270751990407114,0.03216685802615825,0.3438890915724188,0.14763231197771587,0.04856413196435086,ciciot2023,D_clean,Recon-PingSweep,Reconnaissance,near,4,42,fusion_z,attacks_only,95935,1077,SAFE_FINAL_01
0.9148697508370944,0.9033387675173551,0.9264007341568338,0.06435741577850801,0.19222328005211203,0.3268337975858867,0.04771258205141053,ciciot2023,D_clean,Recon-PingSweep,Reconnaissance,near,4,7,rf:maxprob,with_normal,99785,1077,SAFE_FINAL_01
0.9207661011578414,0.9095874102263696,0.9319447920893132,0.07049170153059157,0.17615051858028874,0.35468895078922935,0.04912701308177412,ciciot2023,D_clean,Recon-PingSweep,Reconnaissance,near,4,7,rf:maxprob,attacks_only,95935,1077,SAFE_FINAL_01
0.8966274751625931,0.8841122758303871,0.9091426744947991,0.06432915993610513,0.3555243774114346,0.3556174558960074,0.04842411184045698,ciciot2023,D_clean,Recon-PingSweep,Reconnaissance,near,4,7,mlp:maxprob,with_normal,99785,1077,SAFE_FINAL_01
0.9001142109189819,0.8877753022520092,0.9124531195859547,0.06870331262726023,0.34613019231771514,0.3630454967502321,0.04826184395684578,ciciot2023,D_clean,Recon-PingSweep,Reconnaissance,near,4,7,mlp:maxprob,attacks_only,95935,1077,SAFE_FINAL_01
0.9171057606723537,0.9057063208263529,0.9285052005183545,0.0671289804629258,0.19070000501077317,0.3361188486536676,0.04950643884351356,ciciot2023,D_clean,Recon-PingSweep,Reconnaissance,near,4,7,mlp:entropy,with_normal,99785,1077,SAFE_FINAL_01
0.921552647139653,0.9104224485061001,0.9326828457732059,0.07240275659420367,0.1740866211497368,0.3426183844011142,0.04968989419919737,ciciot2023,D_clean,Recon-PingSweep,Reconnaissance,near,4,7,mlp:entropy,attacks_only,95935,1077,SAFE_FINAL_01
0.9243888101293362,0.913436789079323,0.9353408311793493,0.08642813506592048,0.17849376158741292,0.4271123491179202,0.04857443503532595,ciciot2023,D_clean,Recon-PingSweep,Reconnaissance,near,4,7,mlp:energy,with_normal,99785,1077,SAFE_FINAL_01
0.9275123075198073,0.916761385428609,0.9382632296110056,0.09177344306009408,0.16735289518945118,0.43175487465181056,0.04849116589357377,ciciot2023,D_clean,Recon-PingSweep,Reconnaissance,near,4,7,mlp:energy,attacks_only,95935,1077,SAFE_FINAL_01
0.7042438271066451,0.686670058195198,0.7218175960180923,0.018232770075565886,0.5583203888359974,0.0872794800371402,0.0492859648243724,ciciot2023,D_clean,Recon-PingSweep,Reconnaissance,near,4,7,mlp:mahalanobis,with_normal,99785,1077,SAFE_FINAL_01
0.7087299272531469,0.6912006548770779,0.7262591996292158,0.019034025095674464,0.5435659561161202,0.08356545961002786,0.04933548756970866,ciciot2023,D_clean,Recon-PingSweep,Reconnaissance,near,4,7,mlp:mahalanobis,attacks_only,95935,1077,SAFE_FINAL_01
0.900256624165354,0.887925556817144,0.912587691513564,0.061923923286886534,0.34148419101067296,0.34076137418755803,0.0506990028561407,ciciot2023,D_clean,Recon-PingSweep,Reconnaissance,near,4,7,edl:vacuity,with_normal,99785,1077,SAFE_FINAL_01
0.9039873697754287,0.891850850814545,0.9161238887363125,0.06628746140211826,0.3328190962630948,0.34447539461467036,0.05000260593109918,ciciot2023,D_clean,Recon-PingSweep,Reconnaissance,near,4,7,edl:vacuity,attacks_only,95935,1077,SAFE_FINAL_01
0.8490044589367605,0.8344919737286888,0.8635169441448322,0.04789187245100762,0.36916370195921233,0.2646239554317549,0.04919577090745102,ciciot2023,D_clean,Recon-PingSweep,Reconnaissance,near,4,7,fusion_rank,with_normal,99785,1077,SAFE_FINAL_01
0.8542807753566896,0.8399558128063972,0.8686057379069819,0.05069865656437272,0.35332256215145674,0.265552460538533,0.04908531818418721,ciciot2023,D_clean,Recon-PingSweep,Reconnaissance,near,4,7,fusion_rank,attacks_only,95935,1077,SAFE_FINAL_01
0.8088995425587483,0.7931666848745593,0.8246324002429373,0.028149675154595977,0.3545823520569224,0.1374187558031569,0.04894523224933607,ciciot2023,D_clean,Recon-PingSweep,Reconnaissance,near,4,7,fusion_z,with_normal,99785,1077,SAFE_FINAL_01
0.8160023139313174,0.8004594500560848,0.83154517780655,0.029861410884664444,0.3334445197268984,0.13649025069637882,0.048887267420649395,ciciot2023,D_clean,Recon-PingSweep,Reconnaissance,near,4,7,fusion_z,attacks_only,95935,1077,SAFE_FINAL_01
0.9137094567619359,0.9021112315176855,0.9253076820061864,0.06227559851563856,0.19458836498471715,0.3110492107706592,0.047181440096206846,ciciot2023,D_clean,Recon-PingSweep,Reconnaissance,near,4,13,rf:maxprob,with_normal,99785,1077,SAFE_FINAL_01
0.9194373279377734,0.9081775061661431,0.9306971497094038,0.06786543525471286,0.17801636524730285,0.3110492107706592,0.04552040444050659,ciciot2023,D_clean,Recon-PingSweep,Reconnaissance,near,4,13,rf:maxprob,attacks_only,95935,1077,SAFE_FINAL_01
0.8985199143804491,0.8861000595562631,0.910939769204635,0.05829654348817348,0.3131733226436839,0.27669452181987003,0.04782281906098111,ciciot2023,D_clean,Recon-PingSweep,Reconnaissance,near,4,13,mlp:maxprob,with_normal,99785,1077,SAFE_FINAL_01
0.9020560239859867,0.8898177806992953,0.9142942672726782,0.062251956126459077,0.30383071871579714,0.2841225626740947,0.04765726794183562,ciciot2023,D_clean,Recon-PingSweep,Reconnaissance,near,4,13,mlp:maxprob,attacks_only,95935,1077,SAFE_FINAL_01
0.911794997126831,0.9000873037153689,0.923502690538293,0.0600917841790336,0.17698050809239865,0.23862581244196843,0.04755223731021697,ciciot2023,D_clean,Recon-PingSweep,Reconnaissance,near,4,13,mlp:entropy,with_normal,99785,1077,SAFE_FINAL_01
0.9157555513712254,0.9042759616474287,0.9272351410950221,0.0644512257772035,0.15818001772033147,0.24326833797585887,0.04769896283942253,ciciot2023,D_clean,Recon-PingSweep,Reconnaissance,near,4,13,mlp:entropy,attacks_only,95935,1077,SAFE_FINAL_01
0.9108552980365539,0.8990945336734041,0.9226160623997036,0.07750517522280956,0.21540311670090695,0.36768802228412256,0.04806333617277146,ciciot2023,D_clean,Recon-PingSweep,Reconnaissance,near,4,13,mlp:energy,with_normal,99785,1077,SAFE_FINAL_01
0.9136141002697441,0.9020099592970807,0.9252182412424075,0.08095157694703467,0.20036483035388544,0.36768802228412256,0.047980403398134155,ciciot2023,D_clean,Recon-PingSweep,Reconnaissance,near,4,13,mlp:energy,attacks_only,95935,1077,SAFE_FINAL_01
0.7036489362063442,0.686069186721886,0.7212286856908023,0.017991561645264737,0.5514355865109987,0.07985143918291551,0.04980708523325149,ciciot2023,D_clean,Recon-PingSweep,Reconnaissance,near,4,13,mlp:mahalanobis,with_normal,99785,1077,SAFE_FINAL_01
0.7083499694329364,0.6908166512712554,0.7258832875946174,0.01878847054930255,0.5354875697086569,0.07799442896935933,0.049814978891958094,ciciot2023,D_clean,Recon-PingSweep,Reconnaissance,near,4,13,mlp:mahalanobis,attacks_only,95935,1077,SAFE_FINAL_01
0.9088683799230555,0.8969968002766676,0.9207399595694433,0.0631648557094765,0.24560805732324498,0.32497678737233054,0.049175727814801826,ciciot2023,D_clean,Recon-PingSweep,Reconnaissance,near,4,13,edl:vacuity,with_normal,99785,1077,SAFE_FINAL_01
0.9126812543640876,0.9010235840464451,0.9243389246817302,0.06821632648246757,0.2361703236566425,0.3342618384401114,0.04933548756970866,ciciot2023,D_clean,Recon-PingSweep,Reconnaissance,near,4,13,edl:vacuity,attacks_only,95935,1077,SAFE_FINAL_01
0.8433823481860186,0.8286768462384883,0.858087850133549,0.045398500448691856,0.37604850428421105,0.2776230269266481,0.05043844265170116,ciciot2023,D_clean,Recon-PingSweep,Reconnaissance,near,4,13,fusion_rank,with_normal,99785,1077,SAFE_FINAL_01
0.848796299374591,0.8342756284987872,0.8633169702503948,0.04804801359285992,0.35948298326992234,0.2776230269266481,0.04987752123833846,ciciot2023,D_clean,Recon-PingSweep,Reconnaissance,near,4,13,fusion_rank,attacks_only,95935,1077,SAFE_FINAL_01
0.807733609619084,0.7919703159220836,0.8234969033160845,0.027749754282983093,0.3569374154432029,0.14856081708449395,0.05227238562910257,ciciot2023,D_clean,Recon-PingSweep,Reconnaissance,near,4,13,fusion_z,with_normal,99785,1077,SAFE_FINAL_01
0.8151272630769468,0.7995603014705416,0.8306942246833521,0.029461930137373513,0.3347474852764893,0.14763231197771587,0.05242090999113983,ciciot2023,D_clean,Recon-PingSweep,Reconnaissance,near,4,13,fusion_z,attacks_only,95935,1077,SAFE_FINAL_01
0.8172564417472015,0.8134461840500903,0.8210666994443127,0.3893475028814498,1.0,0.17700374137113348,0.049737539628917415,ciciot2023,D_clean,Recon-PortScan,Reconnaissance,near,4,42,rf:maxprob,with_normal,96205,18977,SAFE_FINAL_01
0.8291836237357068,0.8254611072078806,0.8329061402635329,0.4166662213417322,1.0,0.1878062918269484,0.050370851605218994,ciciot2023,D_clean,Recon-PortScan,Reconnaissance,near,4,42,rf:maxprob,attacks_only,92355,18977,SAFE_FINAL_01
0.7450584122308006,0.7408207138776256,0.7492961105839756,0.3404972581232686,0.5806974689465204,0.1919165305369658,0.04804324099579024,ciciot2023,D_clean,Recon-PortScan,Reconnaissance,near,4,42,mlp:maxprob,with_normal,96205,18977,SAFE_FINAL_01
0.752743542501593,0.7485345046086859,0.7569525803945002,0.357200204464129,0.5632288452168264,0.20103282921431206,0.04863840615018136,ciciot2023,D_clean,Recon-PortScan,Reconnaissance,near,4,42,mlp:maxprob,attacks_only,92355,18977,SAFE_FINAL_01
0.7766358290539035,0.7725595797329312,0.7807120783748758,0.38068793154031677,0.582984252377735,0.20935869737050114,0.048417441920898086,ciciot2023,D_clean,Recon-PortScan,Reconnaissance,near,4,42,mlp:entropy,with_normal,96205,18977,SAFE_FINAL_01
0.7857927815858698,0.7817642758343718,0.7898212873373679,0.40092449175364303,0.5656109577175031,0.21647257206091586,0.0488333062638731,ciciot2023,D_clean,Recon-PortScan,Reconnaissance,near,4,42,mlp:entropy,attacks_only,92355,18977,SAFE_FINAL_01
0.7913342230299398,0.7873461129459886,0.7953223331138911,0.3688487109623374,0.6510160594563692,0.16483111134531275,0.04990385115118757,ciciot2023,D_clean,Recon-PortScan,Reconnaissance,near,4,42,mlp:energy,with_normal,96205,18977,SAFE_FINAL_01
0.7984635504461524,0.7945157050043739,0.8024113958879309,0.38610744318816875,0.637951383249418,0.17384201928650472,0.050500785014346815,ciciot2023,D_clean,Recon-PortScan,Reconnaissance,near,4,42,mlp:energy,attacks_only,92355,18977,SAFE_FINAL_01
0.7767160587856611,0.7726402671739534,0.7807918503973688,0.3127954243214156,0.4931448469414272,0.10760394161353216,0.04969596174834988,ciciot2023,D_clean,Recon-PortScan,Reconnaissance,near,4,42,mlp:mahalanobis,with_normal,96205,18977,SAFE_FINAL_01
0.7806166443296905,0.7765570876280489,0.7846762010313321,0.32241511550361684,0.47513399382816307,0.10649733888391211,0.04986194575280169,ciciot2023,D_clean,Recon-PortScan,Reconnaissance,near,4,42,mlp:mahalanobis,attacks_only,92355,18977,SAFE_FINAL_01
0.7555276839967804,0.7513394924864268,0.7597158755071339,0.3522704769746249,0.5345772049269788,0.20761975022395532,0.0484070474507562,ciciot2023,D_clean,Recon-PortScan,Reconnaissance,near,4,42,edl:vacuity,with_normal,96205,18977,SAFE_FINAL_01
0.765357519842562,0.7612125292121871,0.7695025104729368,0.3722779396800334,0.5151751394077202,0.2184749960478474,0.04812950029776406,ciciot2023,D_clean,Recon-PortScan,Reconnaissance,near,4,42,edl:vacuity,attacks_only,92355,18977,SAFE_FINAL_01
0.8425347792647284,0.838928992121446,0.8461405664080108,0.38996320976844634,0.33419260953172913,0.17484323127997048,0.05129671015020009,ciciot2023,D_clean,Recon-PortScan,Reconnaissance,near,4,42,fusion_rank,with_normal,96205,18977,SAFE_FINAL_01
0.8498790204670824,0.8463352068490382,0.8534228340851266,0.4089467416343293,0.31567321747604354,0.18100858934499658,0.05170266904877917,ciciot2023,D_clean,Recon-PortScan,Reconnaissance,near,4,42,fusion_rank,attacks_only,92355,18977,SAFE_FINAL_01
0.8242064040184298,0.8204491086566703,0.8279636993801893,0.3621144423302676,0.39848240735928486,0.1416451493913685,0.05046515253884933,ciciot2023,D_clean,Recon-PortScan,Reconnaissance,near,4,42,fusion_z,with_normal,96205,18977,SAFE_FINAL_01
0.8324565832289674,0.8287607822197863,0.8361523842381485,0.37853258609166024,0.3738184180607439,0.14069663276597988,0.0505116127984408,ciciot2023,D_clean,Recon-PortScan,Reconnaissance,near,4,42,fusion_z,attacks_only,92355,18977,SAFE_FINAL_01
0.81874064659613,0.814941502143236,0.822539791049024,0.39176802377312636,1.0,0.17637139695420773,0.05020529078530222,ciciot2023,D_clean,Recon-PortScan,Reconnaissance,near,4,7,rf:maxprob,with_normal,96205,18977,SAFE_FINAL_01
0.8309239550949421,0.8272155747387351,0.8346323354511491,0.4204319393361055,1.0,0.1866469937292512,0.050381679389312976,ciciot2023,D_clean,Recon-PortScan,Reconnaissance,near,4,7,rf:maxprob,attacks_only,92355,18977,SAFE_FINAL_01
0.7560973666346332,0.7519119804832256,0.7602827527860408,0.3585481104442558,0.5612390208409126,0.20545924013279232,0.050652253001403254,ciciot2023,D_clean,Recon-PortScan,Reconnaissance,near,4,7,mlp:maxprob,with_normal,96205,18977,SAFE_FINAL_01
0.7656532906046389,0.761509871753511,0.7697967094557668,0.37787132728136585,0.5429592333928861,0.21167729356589557,0.050338368252937034,ciciot2023,D_clean,Recon-PortScan,Reconnaissance,near,4,7,mlp:maxprob,attacks_only,92355,18977,SAFE_FINAL_01
0.7794022293424401,0.7753419078850473,0.7834625507998328,0.38830910604246704,0.5624135959669456,0.2164198766928387,0.04977911750948495,ciciot2023,D_clean,Recon-PortScan,Reconnaissance,near,4,7,mlp:entropy,with_normal,96205,18977,SAFE_FINAL_01
0.7898267088671236,0.7858231557923763,0.7938302619418709,0.41043909738950746,0.5441827729955064,0.22495652632133636,0.04961290671864003,ciciot2023,D_clean,Recon-PortScan,Reconnaissance,near,4,7,mlp:entropy,attacks_only,92355,18977,SAFE_FINAL_01
0.8287637487264112,0.8250424834103759,0.8324850140424466,0.39680291330857387,0.5542123590249987,0.1707329925699531,0.0494776778753703,ciciot2023,D_clean,Recon-PortScan,Reconnaissance,near,4,7,mlp:energy,with_normal,96205,18977,SAFE_FINAL_01
0.840940956290754,0.8373170579522763,0.8445648546292318,0.42535567142632436,0.5356288235612582,0.1827475364915424,0.049190623138974605,ciciot2023,D_clean,Recon-PortScan,Reconnaissance,near,4,7,mlp:energy,attacks_only,92355,18977,SAFE_FINAL_01
0.7668912638871335,0.7627612649965178,0.7710212627777492,0.30228296078705497,0.503414583441609,0.10438952416082627,0.05137986591133517,ciciot2023,D_clean,Recon-PortScan,Reconnaissance,near,4,7,mlp:mahalanobis,with_normal,96205,18977,SAFE_FINAL_01
0.7720789014812779,0.7679704415667203,0.7761873613958354,0.31293330223986165,0.4848681717286557,0.10101702060388892,0.05110714092360998,ciciot2023,D_clean,Recon-PortScan,Reconnaissance,near,4,7,mlp:mahalanobis,attacks_only,92355,18977,SAFE_FINAL_01
0.7661038777072868,0.7619696930288896,0.770238062385684,0.3653702151304508,0.537092666701315,0.21868577752015597,0.05018450184501845,ciciot2023,D_clean,Recon-PortScan,Reconnaissance,near,4,7,edl:vacuity,with_normal,96205,18977,SAFE_FINAL_01
0.7758464031953609,0.7717591730765081,0.7799336333142137,0.3853775376932033,0.5178062909425586,0.2302787584971281,0.0500027069460235,ciciot2023,D_clean,Recon-PortScan,Reconnaissance,near,4,7,edl:vacuity,attacks_only,92355,18977,SAFE_FINAL_01
0.8355858719415684,0.8319205423061781,0.8392512015769588,0.3790896293163468,0.34297593680162153,0.16382989935184697,0.05038199677771426,ciciot2023,D_clean,Recon-PortScan,Reconnaissance,near,4,7,fusion_rank,with_normal,96205,18977,SAFE_FINAL_01
0.8444806055269792,0.8408878748487209,0.8480733362052376,0.400219620296415,0.32252720480753616,0.16746587974917004,0.04994856802555357,ciciot2023,D_clean,Recon-PortScan,Reconnaissance,near,4,7,fusion_rank,attacks_only,92355,18977,SAFE_FINAL_01
0.8181877012625994,0.814384404167066,0.8219909983581328,0.3527216381289819,0.4079101917779741,0.13289771829056227,0.050330024427004835,ciciot2023,D_clean,Recon-PortScan,Reconnaissance,near,4,7,fusion_z,with_normal,96205,18977,SAFE_FINAL_01
0.827589919641689,0.8238545945226587,0.8313252447607193,0.3704973747830855,0.38369335715445835,0.13115877114401644,0.05002436251421147,ciciot2023,D_clean,Recon-PortScan,Reconnaissance,near,4,7,fusion_z,attacks_only,92355,18977,SAFE_FINAL_01
0.8168023241239918,0.8129886872254847,0.8206159610224989,0.3872291228052784,1.0,0.16978447594456447,0.04956083363650538,ciciot2023,D_clean,Recon-PortScan,Reconnaissance,near,4,13,rf:maxprob,with_normal,96205,18977,SAFE_FINAL_01
0.8289021161841887,0.8251773277279432,0.8326269046404343,0.41460630239726476,1.0,0.1805870264003794,0.05030588490065508,ciciot2023,D_clean,Recon-PortScan,Reconnaissance,near,4,13,rf:maxprob,attacks_only,92355,18977,SAFE_FINAL_01
0.7406986791242267,0.7364414896990364,0.744955868549417,0.33611510060477345,0.6034509640871056,0.1969752858723718,0.05167091107530793,ciciot2023,D_clean,Recon-PortScan,Reconnaissance,near,4,13,mlp:maxprob,with_normal,96205,18977,SAFE_FINAL_01
0.7492831602678055,0.745057551442527,0.753508769093084,0.3533899132021219,0.5869200368144659,0.20440533277124942,0.051388663310053595,ciciot2023,D_clean,Recon-PortScan,Reconnaissance,near,4,13,mlp:maxprob,attacks_only,92355,18977,SAFE_FINAL_01
0.771013750073168,0.7669060475690224,0.7751214525773136,0.3747060737143003,0.6052284184813679,0.216894135005533,0.0507561977028221,ciciot2023,D_clean,Recon-PortScan,Reconnaissance,near,4,13,mlp:entropy,with_normal,96205,18977,SAFE_FINAL_01
0.7807772789029979,0.7767186697044591,0.7848358881015366,0.39527052575584004,0.5887715878945374,0.22348105601517626,0.051020518650858104,ciciot2023,D_clean,Recon-PortScan,Reconnaissance,near,4,13,mlp:entropy,attacks_only,92355,18977,SAFE_FINAL_01
0.8377278081547469,0.8340805500995462,0.8413750662099476,0.4212320317115159,0.5301283717062523,0.2200558570901618,0.04938412764409334,ciciot2023,D_clean,Recon-PortScan,Reconnaissance,near,4,13,mlp:energy,with_normal,96205,18977,SAFE_FINAL_01
0.8478713777244352,0.8443091737387352,0.8514335817101353,0.4453432905826358,0.5107140923609983,0.23112188438636244,0.0494180066049483,ciciot2023,D_clean,Recon-PortScan,Reconnaissance,near,4,13,mlp:energy,attacks_only,92355,18977,SAFE_FINAL_01
0.7834516031358655,0.7794151425042875,0.7874880637674435,0.3166003988415512,0.4811080505171249,0.0980133846234916,0.04959201704693103,ciciot2023,D_clean,Recon-PortScan,Reconnaissance,near,4,13,mlp:mahalanobis,with_normal,96205,18977,SAFE_FINAL_01
0.7881150391550605,0.7841008166362152,0.7921292616739058,0.3269845446896824,0.4619782361539711,0.09374505980924276,0.049353039900384386,ciciot2023,D_clean,Recon-PortScan,Reconnaissance,near,4,13,mlp:mahalanobis,attacks_only,92355,18977,SAFE_FINAL_01
0.7671710907793575,0.7630425850563796,0.7712995965023355,0.36099118717458345,0.538620653812172,0.21805343310323022,0.051618938724598516,ciciot2023,D_clean,Recon-PortScan,Reconnaissance,near,4,13,edl:vacuity,with_normal,96205,18977,SAFE_FINAL_01
0.7767327968573421,0.7726506414465564,0.7808149522681278,0.3805906475837781,0.5193979752043745,0.22933024187173948,0.05120459098045585,ciciot2023,D_clean,Recon-PortScan,Reconnaissance,near,4,13,edl:vacuity,attacks_only,92355,18977,SAFE_FINAL_01
0.8445114868384671,0.8409231280180078,0.8480998456589264,0.39185622912706425,0.3290993191622057,0.17705643673921062,0.052429707395665506,ciciot2023,D_clean,Recon-PortScan,Reconnaissance,near,4,13,fusion_rank,with_normal,96205,18977,SAFE_FINAL_01
0.8529026248281477,0.8493869607401893,0.8564182889161062,0.41295021364042905,0.3092631692924043,0.18227327817884809,0.05222240268529046,ciciot2023,D_clean,Recon-PortScan,Reconnaissance,near,4,13,fusion_rank,attacks_only,92355,18977,SAFE_FINAL_01
0.8269195940628848,0.8231836224218536,0.8306555657039161,0.36488397526070393,0.3971727041214074,0.1391157717236655,0.050537913829842525,ciciot2023,D_clean,Recon-PortScan,Reconnaissance,near,4,13,fusion_z,with_normal,96205,18977,SAFE_FINAL_01
0.8356757974978656,0.8320068217955574,0.8393447732001738,0.3823124068836106,0.3724974284012777,0.13806186436212256,0.05024091819609117,ciciot2023,D_clean,Recon-PortScan,Reconnaissance,near,4,13,fusion_z,attacks_only,92355,18977,SAFE_FINAL_01
0.9542687916588437,0.9485365923024439,0.9600009910152435,0.23841599894922785,0.12599873368106854,0.6219463356027233,0.0486929779600205,ciciot2023,D_clean,SqlInjection,WebApplication,near,4,42,rf:maxprob,with_normal,99501,2497,SAFE_FINAL_01
0.9567265079994981,0.9511397089301019,0.9623133070688943,0.25354935952940416,0.11695643537443413,0.6219463356027233,0.04660693563057365,ciciot2023,D_clean,SqlInjection,WebApplication,near,4,42,rf:maxprob,attacks_only,95651,2497,SAFE_FINAL_01
0.8967744398976202,0.8885483476421497,0.9050005321530906,0.13006624788490673,0.3548808554687893,0.32559070885062075,0.04928593682475553,ciciot2023,D_clean,SqlInjection,WebApplication,near,4,42,mlp:maxprob,with_normal,99501,2497,SAFE_FINAL_01
0.901000653796024,0.8929157706662206,0.9090855369258274,0.13989899534437142,0.3462378856467784,0.33720464557468965,0.0492937867873833,ciciot2023,D_clean,SqlInjection,WebApplication,near,4,42,mlp:maxprob,attacks_only,95651,2497,SAFE_FINAL_01
0.9277480752302003,0.920690750116474,0.9348054003439266,0.14518610150352468,0.14309403925588687,0.3315979175010012,0.04951709028049969,ciciot2023,D_clean,SqlInjection,WebApplication,near,4,42,mlp:entropy,with_normal,99501,2497,SAFE_FINAL_01
0.9320158377463439,0.9251464585449868,0.938885216947701,0.15687688909998004,0.12888521813676804,0.3456147376852223,0.04927287743985949,ciciot2023,D_clean,SqlInjection,WebApplication,near,4,42,mlp:entropy,attacks_only,95651,2497,SAFE_FINAL_01
0.9394670495077606,0.9329473692083887,0.9459867298071325,0.18102547331047178,0.13730515271203306,0.45294353223868644,0.05068290770947026,ciciot2023,D_clean,SqlInjection,WebApplication,near,4,42,mlp:energy,with_normal,99501,2497,SAFE_FINAL_01
0.9416083233137127,0.9351938969998506,0.9480227496275748,0.19010765973741514,0.13052660191738716,0.47016419703644374,0.05110244534819291,ciciot2023,D_clean,SqlInjection,WebApplication,near,4,42,mlp:energy,attacks_only,95651,2497,SAFE_FINAL_01
0.7145773710374239,0.7030654534944039,0.726089288580444,0.039267431884506196,0.5423262077768063,0.02883460152182619,0.04699450256781339,ciciot2023,D_clean,SqlInjection,WebApplication,near,4,42,mlp:mahalanobis,with_normal,99501,2497,SAFE_FINAL_01
0.7197071107026062,0.7082327453188155,0.7311814760863968,0.041268659347948274,0.5261314570678822,0.02803364036844213,0.047098305297383194,ciciot2023,D_clean,SqlInjection,WebApplication,near,4,42,mlp:mahalanobis,attacks_only,95651,2497,SAFE_FINAL_01
0.9353813494898212,0.9286668056619181,0.9420958933177244,0.1678248286388912,0.1368428458005447,0.42851421706047255,0.04942663892825198,ciciot2023,D_clean,SqlInjection,WebApplication,near,4,42,edl:vacuity,with_normal,99501,2497,SAFE_FINAL_01
0.9387431544443748,0.9321879293619676,0.9452983795267821,0.17980410717153963,0.1266165539304346,0.4421305566680016,0.04925196809233568,ciciot2023,D_clean,SqlInjection,WebApplication,near,4,42,edl:vacuity,attacks_only,95651,2497,SAFE_FINAL_01
0.8817257566598939,0.8730306329190358,0.8904208804007521,0.12634596894208794,0.31550436679028354,0.33720464557468965,0.04879347946251796,ciciot2023,D_clean,SqlInjection,WebApplication,near,4,42,fusion_rank,with_normal,99501,2497,SAFE_FINAL_01
0.8861163573704259,0.877551578066755,0.8946811366740969,0.13335888577360755,0.30106324032158577,0.34321185422507006,0.04873968907800232,ciciot2023,D_clean,SqlInjection,WebApplication,near,4,42,fusion_rank,attacks_only,95651,2497,SAFE_FINAL_01
0.8182221878281957,0.8080310751916402,0.8284133004647511,0.06087987413042816,0.3501572848514085,0.07649179014817781,0.04727590677480628,ciciot2023,D_clean,SqlInjection,WebApplication,near,4,42,fusion_z,with_normal,99501,2497,SAFE_FINAL_01
0.82549365874631,0.8154398048596783,0.8355475126329417,0.06499417587459509,0.3277226584144442,0.07649179014817781,0.0473073987726213,ciciot2023,D_clean,SqlInjection,WebApplication,near,4,42,fusion_z,attacks_only,95651,2497,SAFE_FINAL_01
0.9533440510518332,0.947558298848432,0.9591298032552343,0.22844574670294976,0.12157666757118019,0.5995194233079696,0.04789901609029055,ciciot2023,D_clean,SqlInjection,WebApplication,near,4,7,rf:maxprob,with_normal,99501,2497,SAFE_FINAL_01
0.9561780730639509,0.9505583407737802,0.9617978053541215,0.2447059547264317,0.11223092283405296,0.6355626752102523,0.048614232992859455,ciciot2023,D_clean,SqlInjection,WebApplication,near,4,7,rf:maxprob,attacks_only,95651,2497,SAFE_FINAL_01
0.8987260728190256,0.890564949211373,0.9068871964266783,0.13425019373836358,0.34514225987678515,0.36643972767320787,0.05040150350247736,ciciot2023,D_clean,SqlInjection,WebApplication,near,4,7,mlp:maxprob,with_normal,99501,2497,SAFE_FINAL_01
0.9026302179755099,0.8946014057563334,0.9106590301946864,0.14388276590137208,0.33603412405515887,0.3788546255506608,0.05050652894376431,ciciot2023,D_clean,SqlInjection,WebApplication,near,4,7,mlp:maxprob,attacks_only,95651,2497,SAFE_FINAL_01
0.92841374171976,0.9213852852775201,0.9354421981619999,0.14750484624685367,0.14094330710244118,0.35482579094913896,0.05015024974623371,ciciot2023,D_clean,SqlInjection,WebApplication,near,4,7,mlp:entropy,with_normal,99501,2497,SAFE_FINAL_01
0.9324800491266669,0.9256316540852962,0.9393284441680376,0.15890032108875704,0.12711837827100606,0.36243492190628757,0.04927287743985949,ciciot2023,D_clean,SqlInjection,WebApplication,near,4,7,mlp:entropy,attacks_only,95651,2497,SAFE_FINAL_01
0.9421181338451157,0.9357295964612036,0.9485066712290278,0.20089649670566112,0.1331443905086381,0.4809771726071286,0.04954724073124893,ciciot2023,D_clean,SqlInjection,WebApplication,near,4,7,mlp:energy,with_normal,99501,2497,SAFE_FINAL_01
0.9448581023388797,0.9386089463342066,0.9511072583435528,0.2123211287101741,0.12470334863200594,0.4929915899078895,0.04921014939728806,ciciot2023,D_clean,SqlInjection,WebApplication,near,4,7,mlp:energy,attacks_only,95651,2497,SAFE_FINAL_01
0.7089792280540369,0.6974256425933824,0.7205328135146915,0.03830625294974113,0.5448387453392428,0.025630756908289948,0.05178842423694234,ciciot2023,D_clean,SqlInjection,WebApplication,near,4,7,mlp:mahalanobis,with_normal,99501,2497,SAFE_FINAL_01
0.713868646432132,0.7023482384206651,0.7253890544435989,0.04023294085933255,0.5283478479054061,0.024829795754905886,0.05169836175262151,ciciot2023,D_clean,SqlInjection,WebApplication,near,4,7,mlp:mahalanobis,attacks_only,95651,2497,SAFE_FINAL_01
0.9317344570632929,0.9248528662872506,0.9386160478393353,0.1589878828940371,0.1491844303072331,0.408089707649179,0.04966784253424589,ciciot2023,D_clean,SqlInjection,WebApplication,near,4,7,edl:vacuity,with_normal,99501,2497,SAFE_FINAL_01
0.9354149863004626,0.9287015871057177,0.9421283854952075,0.17096985590509467,0.13960125874272095,0.4237084501401682,0.04956560830519283,ciciot2023,D_clean,SqlInjection,WebApplication,near,4,7,edl:vacuity,attacks_only,95651,2497,SAFE_FINAL_01
0.8759414544657135,0.8670798619555148,0.8848030469759122,0.11803843291225774,0.3204590908634084,0.31718061674008813,0.051436668978201226,ciciot2023,D_clean,SqlInjection,WebApplication,near,4,7,fusion_rank,with_normal,99501,2497,SAFE_FINAL_01
0.8806609394509551,0.8719336282859029,0.8893882506160073,0.12490613883524038,0.30658330806787176,0.3183820584701642,0.050433346227430974,ciciot2023,D_clean,SqlInjection,WebApplication,near,4,7,fusion_rank,attacks_only,95651,2497,SAFE_FINAL_01
0.8136295871303691,0.8033544059869899,0.8239047682737484,0.059207757420419185,0.3507803941668928,0.10772927513015619,0.053275846473904785,ciciot2023,D_clean,SqlInjection,WebApplication,near,4,7,fusion_z,with_normal,99501,2497,SAFE_FINAL_01
0.8207668985115831,0.8106218641556383,0.830911932867528,0.06317406765239666,0.32855903231539657,0.10372446936323589,0.05301565064662157,ciciot2023,D_clean,SqlInjection,WebApplication,near,4,7,fusion_z,attacks_only,95651,2497,SAFE_FINAL_01
0.9535055356746787,0.9477290877568837,0.9592819835924736,0.2273069864151357,0.1271243505090401,0.6211453744493393,0.04891408126551492,ciciot2023,D_clean,SqlInjection,WebApplication,near,4,13,rf:maxprob,with_normal,99501,2497,SAFE_FINAL_01
0.9561040592492027,0.9504799017315871,0.9617282167668183,0.24240347715528737,0.1178764466654818,0.6211453744493393,0.04661739030433555,ciciot2023,D_clean,SqlInjection,WebApplication,near,4,13,rf:maxprob,attacks_only,95651,2497,SAFE_FINAL_01
0.8930813417342608,0.8847350262848825,0.901427657183639,0.12750886338859826,0.3601270338991568,0.3191830196235483,0.0499090461402398,ciciot2023,D_clean,SqlInjection,WebApplication,near,4,13,mlp:maxprob,with_normal,99501,2497,SAFE_FINAL_01
0.8977031776769462,0.8895070668318633,0.9058992885220291,0.13702345559352141,0.34890382745606424,0.33440128153784543,0.050056977972002384,ciciot2023,D_clean,SqlInjection,WebApplication,near,4,13,mlp:maxprob,attacks_only,95651,2497,SAFE_FINAL_01
0.9232689864916924,0.9160221247066076,0.9305158482767772,0.1426699394503952,0.15164671711842093,0.3303964757709251,0.04959749148249766,ciciot2023,D_clean,SqlInjection,WebApplication,near,4,13,mlp:entropy,with_normal,99501,2497,SAFE_FINAL_01
0.9277144680128371,0.9206551914133742,0.9347737446123,0.1538036358327119,0.13550302662805408,0.3408089707649179,0.04953424428390712,ciciot2023,D_clean,SqlInjection,WebApplication,near,4,13,mlp:entropy,attacks_only,95651,2497,SAFE_FINAL_01
0.9390496281691938,0.9325096454672442,0.9455896108711433,0.19693026567626348,0.15167686756917015,0.46135362434921906,0.049024632918262125,ciciot2023,D_clean,SqlInjection,WebApplication,near,4,13,mlp:energy,with_normal,99501,2497,SAFE_FINAL_01
0.9411596788044537,0.9347229102373239,0.9475964473715836,0.20558257885385306,0.14263311413367347,0.47336804164998,0.04957606297895474,ciciot2023,D_clean,SqlInjection,WebApplication,near,4,13,mlp:energy,attacks_only,95651,2497,SAFE_FINAL_01
0.723797138188121,0.7123597373560756,0.7352345390201663,0.040860681301519486,0.5340448839710153,0.04725670804965959,0.04874322871126923,ciciot2023,D_clean,SqlInjection,WebApplication,near,4,13,mlp:mahalanobis,with_normal,99501,2497,SAFE_FINAL_01
0.7284698230070625,0.7170701631009871,0.7398694829131379,0.0428271455809819,0.5170254362212627,0.04485382458950741,0.048781507773049945,ciciot2023,D_clean,SqlInjection,WebApplication,near,4,13,mlp:mahalanobis,attacks_only,95651,2497,SAFE_FINAL_01
0.9404619620589159,0.9339910472468288,0.9469328768710029,0.18440240273406128,0.13737550376378127,0.5038045654785743,0.05198942724193727,ciciot2023,D_clean,SqlInjection,WebApplication,near,4,13,edl:vacuity,with_normal,99501,2497,SAFE_FINAL_01
0.9441147486569775,0.9378272438313335,0.9504022534826215,0.19771710751128813,0.1256129052492917,0.52663195835002,0.05160426968876436,ciciot2023,D_clean,SqlInjection,WebApplication,near,4,13,edl:vacuity,attacks_only,95651,2497,SAFE_FINAL_01
0.8849886423843686,0.8763906627614387,0.8935866220072984,0.1355324558779014,0.3117355604466287,0.3460152182619143,0.05015024974623371,ciciot2023,D_clean,SqlInjection,WebApplication,near,4,13,fusion_rank,with_normal,99501,2497,SAFE_FINAL_01
0.8892335981796257,0.8807647646429426,0.8977024317163087,0.1429308314620315,0.297613197980157,0.3500200240288346,0.04986879384428809,ciciot2023,D_clean,SqlInjection,WebApplication,near,4,13,fusion_rank,attacks_only,95651,2497,SAFE_FINAL_01
0.8210036846378446,0.8108648564165618,0.8311425128591273,0.06260332198520333,0.35046883950915064,0.1145374449339207,0.04863267705852203,ciciot2023,D_clean,SqlInjection,WebApplication,near,4,13,fusion_z,with_normal,99501,2497,SAFE_FINAL_01
0.8276774839240341,0.8176668079058331,0.837688159942235,0.06652434364970763,0.3278272051520632,0.11373648378053665,0.04888605451066899,ciciot2023,D_clean,SqlInjection,WebApplication,near,4,13,fusion_z,attacks_only,95651,2497,SAFE_FINAL_01
0.8857408436845214,0.8682250917468513,0.9032565956221916,0.052072424709106405,0.26313312842282316,0.3976510067114094,0.04951892752375327,ciciot2023,D_clean,Uploading_Attack,WebApplication,near,4,42,rf:maxprob,with_normal,99881,596,SAFE_FINAL_01
0.8944195278384308,0.8774565371023626,0.911382518574499,0.05590825143212966,0.24127625454280388,0.3976510067114094,0.047620039362289264,ciciot2023,D_clean,Uploading_Attack,WebApplication,near,4,42,rf:maxprob,attacks_only,96031,596,SAFE_FINAL_01
0.941044095829742,0.9278724613064067,0.9542157303530774,0.05081641546030852,0.13306835133809233,0.5033557046979866,0.049458856038686036,ciciot2023,D_clean,Uploading_Attack,WebApplication,near,4,42,mlp:maxprob,with_normal,99881,596,SAFE_FINAL_01
0.9434400604978022,0.9305139799719654,0.9563661410236389,0.05459013387303691,0.124272370380398,0.5268456375838926,0.04977559329799752,ciciot2023,D_clean,Uploading_Attack,WebApplication,near,4,42,mlp:maxprob,attacks_only,96031,596,SAFE_FINAL_01
0.9445778563739171,0.9317710221133745,0.9573846906344597,0.0507817764570123,0.11473653647840931,0.4848993288590604,0.050059570889358335,ciciot2023,D_clean,Uploading_Attack,WebApplication,near,4,42,mlp:entropy,with_normal,99881,596,SAFE_FINAL_01
0.9468877289974664,0.9343274215800973,0.9594480364148356,0.05433020716243667,0.10745488436025867,0.5050335570469798,0.0506190709250138,ciciot2023,D_clean,Uploading_Attack,WebApplication,near,4,42,mlp:entropy,attacks_only,96031,596,SAFE_FINAL_01
0.912058739161347,0.8963470471568494,0.9277704311658447,0.030201896304845953,0.15561518206665934,0.21140939597315436,0.05006958280353621,ciciot2023,D_clean,Uploading_Attack,WebApplication,near,4,42,mlp:energy,with_normal,99881,596,SAFE_FINAL_01
0.917373367758272,0.9020764926010102,0.9326702429155339,0.0331172802077094,0.14323499703220835,0.22818791946308725,0.0501817121554498,ciciot2023,D_clean,Uploading_Attack,WebApplication,near,4,42,mlp:energy,attacks_only,96031,596,SAFE_FINAL_01
0.599716968561716,0.5755774262994864,0.6238565108239456,0.006628343220574513,0.5853866100659785,0.018456375838926176,0.0501797138594928,ciciot2023,D_clean,Uploading_Attack,WebApplication,near,4,42,mlp:mahalanobis,with_normal,99881,596,SAFE_FINAL_01
0.6087670655008705,0.5846093162615454,0.6329248147401955,0.007046584066592181,0.5694723578844332,0.018456375838926176,0.05045245806041799,ciciot2023,D_clean,Uploading_Attack,WebApplication,near,4,42,mlp:mahalanobis,attacks_only,96031,596,SAFE_FINAL_01
0.9287524301569874,0.9144153530112304,0.9430895073027443,0.038243085248602614,0.13386930447232206,0.2953020134228188,0.04859783141938907,ciciot2023,D_clean,Uploading_Attack,WebApplication,near,4,42,edl:vacuity,with_normal,99881,596,SAFE_FINAL_01
0.93142703009983,0.9173308807461852,0.9455231794534747,0.041134970400360266,0.12617800501921256,0.3288590604026846,0.04898418219116744,ciciot2023,D_clean,Uploading_Attack,WebApplication,near,4,42,edl:vacuity,attacks_only,96031,596,SAFE_FINAL_01
0.7477165024365573,0.7248768226806318,0.7705561821924828,0.011275280094089297,0.4512269600824982,0.09563758389261745,0.04830748590823079,ciciot2023,D_clean,Uploading_Attack,WebApplication,near,4,42,fusion_rank,with_normal,99881,596,SAFE_FINAL_01
0.7576135841621053,0.7349940209511957,0.780233147373015,0.012136111772676633,0.43067342837208816,0.09563758389261745,0.04888004915079506,ciciot2023,D_clean,Uploading_Attack,WebApplication,near,4,42,fusion_rank,attacks_only,96031,596,SAFE_FINAL_01
0.7351117292665521,0.7120179322154697,0.7582055263176345,0.009990415453887678,0.37905107077422134,0.04194630872483222,0.049328701154373704,ciciot2023,D_clean,Uploading_Attack,WebApplication,near,4,42,fusion_z,with_normal,99881,596,SAFE_FINAL_01
0.7482623585127258,0.7254330950384017,0.77109162198705,0.010911858554055718,0.35514573419000117,0.04194630872483222,0.04956732721725276,ciciot2023,D_clean,Uploading_Attack,WebApplication,near,4,42,fusion_z,attacks_only,96031,596,SAFE_FINAL_01
0.8801495339857115,0.8622965393668396,0.8980025286045834,0.049325564749264916,0.2616814008670318,0.39093959731543626,0.04943883221033029,ciciot2023,D_clean,Uploading_Attack,WebApplication,near,4,7,rf:maxprob,with_normal,99881,596,SAFE_FINAL_01
0.8896791332552778,0.8724093281703739,0.9069489383401818,0.05332694020256746,0.239662192417032,0.3959731543624161,0.05059824431693932,ciciot2023,D_clean,Uploading_Attack,WebApplication,near,4,7,rf:maxprob,attacks_only,96031,596,SAFE_FINAL_01
0.940342421911605,0.9271000701014678,0.9535847737217422,0.05514554803067313,0.14041709634465013,0.5067114093959731,0.04793704508364954,ciciot2023,D_clean,Uploading_Attack,WebApplication,near,4,7,mlp:maxprob,with_normal,99881,596,SAFE_FINAL_01
0.9425103062007592,0.9294880728256734,0.9555325395758449,0.05906457389154833,0.13134300382168257,0.5285234899328859,0.047734585706698876,ciciot2023,D_clean,Uploading_Attack,WebApplication,near,4,7,mlp:maxprob,attacks_only,96031,596,SAFE_FINAL_01
0.9475300775708326,0.9350397487078049,0.9600204064338603,0.055307820614504566,0.122796127391596,0.535234899328859,0.048798069702946506,ciciot2023,D_clean,Uploading_Attack,WebApplication,near,4,7,mlp:entropy,with_normal,99881,596,SAFE_FINAL_01
0.9497515972715466,0.937506874718922,0.9619963198241711,0.059237341724919665,0.1134946007018567,0.5553691275167785,0.04865095646197582,ciciot2023,D_clean,Uploading_Attack,WebApplication,near,4,7,mlp:entropy,attacks_only,96031,596,SAFE_FINAL_01
0.9219255729754651,0.9070006366878771,0.936850509263053,0.03372326857741657,0.13514081757291177,0.25838926174496646,0.04825742633734144,ciciot2023,D_clean,Uploading_Attack,WebApplication,near,4,7,mlp:energy,with_normal,99881,596,SAFE_FINAL_01
0.9260671050784146,0.9114939514350355,0.9406402587217937,0.036803093809688894,0.12685486978163302,0.27181208053691275,0.048255250908560775,ciciot2023,D_clean,Uploading_Attack,WebApplication,near,4,7,mlp:energy,attacks_only,96031,596,SAFE_FINAL_01
0.5954454256941599,0.5713173800253396,0.6195734713629802,0.006573352447196367,0.5912335679458556,0.026845637583892617,0.04995945174757962,ciciot2023,D_clean,Uploading_Attack,WebApplication,near,4,7,mlp:mahalanobis,with_normal,99881,596,SAFE_FINAL_01
0.6052987014330313,0.5811457500590125,0.6294516528070502,0.007001513447952916,0.5751059553685789,0.026845637583892617,0.04975476668992305,ciciot2023,D_clean,Uploading_Attack,WebApplication,near,4,7,mlp:mahalanobis,attacks_only,96031,596,SAFE_FINAL_01
0.9238376637997875,0.9090735482885447,0.9386017793110303,0.035725656200156664,0.1382645347964077,0.3036912751677852,0.050640261911674894,ciciot2023,D_clean,Uploading_Attack,WebApplication,near,4,7,edl:vacuity,with_normal,99881,596,SAFE_FINAL_01
0.9287339504951526,0.9143949898230329,0.9430729111672723,0.03959787156588762,0.12725057533504805,0.33557046979865773,0.05010881902718914,ciciot2023,D_clean,Uploading_Attack,WebApplication,near,4,7,edl:vacuity,attacks_only,96031,596,SAFE_FINAL_01
0.740068256728863,0.717070751130548,0.763065762327178,0.010786660126407078,0.45343959311580784,0.06879194630872483,0.051451226960082495,ciciot2023,D_clean,Uploading_Attack,WebApplication,near,4,7,fusion_rank,with_normal,99881,596,SAFE_FINAL_01
0.7510997305190669,0.7283322473194732,0.7738672137186605,0.011667106682059347,0.432985181868355,0.07214765100671142,0.051306348991471504,ciciot2023,D_clean,Uploading_Attack,WebApplication,near,4,7,fusion_rank,attacks_only,96031,596,SAFE_FINAL_01
0.7287076486791093,0.7054962603756516,0.751919036982567,0.009770886534644451,0.37997216687858554,0.03523489932885906,0.050720357225097865,ciciot2023,D_clean,Uploading_Attack,WebApplication,near,4,7,fusion_z,with_normal,99881,596,SAFE_FINAL_01
0.7427317409178341,0.7197865956479217,0.7656768861877465,0.010702639508693242,0.355926731992794,0.03523489932885906,0.05055659110079037,ciciot2023,D_clean,Uploading_Attack,WebApplication,near,4,7,fusion_z,attacks_only,96031,596,SAFE_FINAL_01
0.8812813842432227,0.8634955034980946,0.8990672649883508,0.04548121646595641,0.282025610476467,0.4077181208053691,0.04923859392677286,ciciot2023,D_clean,Uploading_Attack,WebApplication,near,4,13,rf:maxprob,with_normal,99881,596,SAFE_FINAL_01
0.8905856934900567,0.8733736844894174,0.9077977024906959,0.049295137165756946,0.25881225854151263,0.4161073825503356,0.05046287136445523,ciciot2023,D_clean,Uploading_Attack,WebApplication,near,4,13,rf:maxprob,attacks_only,96031,596,SAFE_FINAL_01
0.9503863876536568,0.9382132936346081,0.9625594816727054,0.06498748709968255,0.11312461829577197,0.6862416107382551,0.051681500986173544,ciciot2023,D_clean,Uploading_Attack,WebApplication,near,4,13,mlp:maxprob,with_normal,99881,596,SAFE_FINAL_01
0.9520829456008298,0.9401036267304163,0.9640622644712434,0.06927177416394359,0.10601784840311983,0.7030201342281879,0.05176453436910997,ciciot2023,D_clean,Uploading_Attack,WebApplication,near,4,13,mlp:maxprob,attacks_only,96031,596,SAFE_FINAL_01
0.9541233094227768,0.9423830967855336,0.96586352206002,0.06265894770924453,0.1115927954265576,0.6577181208053692,0.051140857620568476,ciciot2023,D_clean,Uploading_Attack,WebApplication,near,4,13,mlp:entropy,with_normal,99881,596,SAFE_FINAL_01
0.9556057086990714,0.9440431496547239,0.9671682677434188,0.06651652995755042,0.10499734460747051,0.6795302013422819,0.0512230425591736,ciciot2023,D_clean,Uploading_Attack,WebApplication,near,4,13,mlp:entropy,attacks_only,96031,596,SAFE_FINAL_01
0.9325673810223427,0.9185762616539288,0.9465585003907566,0.03906182232808006,0.12860303761476158,0.32046979865771813,0.0492586177551286,ciciot2023,D_clean,Uploading_Attack,WebApplication,near,4,13,mlp:energy,with_normal,99881,596,SAFE_FINAL_01
0.9348331502152654,0.921053716683853,0.9486125837466777,0.04174582214249231,0.1228769876394081,0.3288590604026846,0.048848809238683344,ciciot2023,D_clean,Uploading_Attack,WebApplication,near,4,13,mlp:energy,attacks_only,96031,596,SAFE_FINAL_01
0.6269026920558955,0.6027493602659819,0.6510560238458092,0.0071876990105141595,0.5367387190757,0.040268456375838924,0.0502497972587379,ciciot2023,D_clean,Uploading_Attack,WebApplication,near,4,13,mlp:mahalanobis,with_normal,99881,596,SAFE_FINAL_01
0.6373528430661267,0.6132201760185082,0.6614855101137452,0.007675242040481539,0.518665847486749,0.040268456375838924,0.05071279066134894,ciciot2023,D_clean,Uploading_Attack,WebApplication,near,4,13,mlp:mahalanobis,attacks_only,96031,596,SAFE_FINAL_01
0.9274386183988477,0.9129853938685323,0.9418918429291631,0.03704031024093413,0.125839749301669,0.2835570469798658,0.0509906789079004,ciciot2023,D_clean,Uploading_Attack,WebApplication,near,4,13,edl:vacuity,with_normal,99881,596,SAFE_FINAL_01
0.930383480753803,0.9161924700122693,0.9445744914953366,0.03997896593023968,0.11948225052326852,0.313758389261745,0.050837750309795794,ciciot2023,D_clean,Uploading_Attack,WebApplication,near,4,13,edl:vacuity,attacks_only,96031,596,SAFE_FINAL_01
0.7604128947003982,0.7378607546198108,0.7829650347809856,0.012056779352460896,0.42818954555921546,0.09731543624161074,0.05157136993021696,ciciot2023,D_clean,Uploading_Attack,WebApplication,near,4,13,fusion_rank,with_normal,99881,596,SAFE_FINAL_01
0.7712595027514535,0.7489781643688567,0.7935408411340503,0.013053791135970962,0.4068477887348877,0.09899328859060402,0.051618748112588646,ciciot2023,D_clean,Uploading_Attack,WebApplication,near,4,13,fusion_rank,attacks_only,96031,596,SAFE_FINAL_01
0.7402620191853809,0.7172683726726053,0.7632556656981565,0.01031814036995203,0.3695898118761326,0.04530201342281879,0.049679118150599215,ciciot2023,D_clean,Uploading_Attack,WebApplication,near,4,13,fusion_z,with_normal,99881,596,SAFE_FINAL_01
0.7540435418680167,0.731341849959167,0.7767452337768664,0.011293154533592201,0.345336401786923,0.04530201342281879,0.049921379554518856,ciciot2023,D_clean,Uploading_Attack,WebApplication,near,4,13,fusion_z,attacks_only,96031,596,SAFE_FINAL_01
0.9726290124107851,0.9709374150532704,0.9743206097682999,0.8049834735294954,0.08014226314534274,0.8155972581188897,0.04688877137317116,ciciot2023,D_clean,VulnerabilityScan,Reconnaissance,near,4,42,rf:maxprob,with_normal,96441,17798,SAFE_FINAL_01
0.973671317098334,0.9720108816470772,0.9753317525495908,0.8161808985512794,0.07619531055934162,0.8414990448364985,0.04878443909235239,ciciot2023,D_clean,VulnerabilityScan,Reconnaissance,near,4,42,rf:maxprob,attacks_only,92591,17798,SAFE_FINAL_01
0.7586381914655198,0.7543408148600628,0.7629355680709768,0.2881191721027221,0.6209703341939632,0.04905045510731543,0.05130597982186,ciciot2023,D_clean,VulnerabilityScan,Reconnaissance,near,4,42,mlp:maxprob,with_normal,96441,17798,SAFE_FINAL_01
0.7659669769131581,0.7617016349688869,0.7702323188574293,0.3038366335489422,0.6052208097979285,0.05141027081694573,0.051257681632124075,ciciot2023,D_clean,VulnerabilityScan,Reconnaissance,near,4,42,mlp:maxprob,attacks_only,92591,17798,SAFE_FINAL_01
0.806546443713305,0.8025410195905393,0.8105518678360707,0.3422379849361892,0.6135461059093125,0.09585346668164962,0.051233396584440226,ciciot2023,D_clean,VulnerabilityScan,Reconnaissance,near,4,42,mlp:entropy,with_normal,96441,17798,SAFE_FINAL_01
0.8160406252233972,0.8121000835027377,0.8199811669440566,0.3638712587523608,0.5974878767914809,0.09866277109787616,0.05150608590467756,ciciot2023,D_clean,VulnerabilityScan,Reconnaissance,near,4,42,mlp:entropy,attacks_only,92591,17798,SAFE_FINAL_01
0.9638853146560594,0.9619524149449389,0.96581821436718,0.7887921045005611,0.13919391130328387,0.7713226205191595,0.05076679005817028,ciciot2023,D_clean,VulnerabilityScan,Reconnaissance,near,4,42,mlp:energy,with_normal,96441,17798,SAFE_FINAL_01
0.965155739874141,0.9632551860365945,0.9670562937116876,0.7961525060155391,0.13225907485608754,0.7762108102033937,0.0507500729012539,ciciot2023,D_clean,VulnerabilityScan,Reconnaissance,near,4,42,mlp:energy,attacks_only,92591,17798,SAFE_FINAL_01
0.9236191076949594,0.9208785340738886,0.9263596813160301,0.5595302403080767,0.154954842857291,0.3291942914934262,0.04958472019161975,ciciot2023,D_clean,VulnerabilityScan,Reconnaissance,near,4,42,mlp:mahalanobis,with_normal,96441,17798,SAFE_FINAL_01
0.9230087755823818,0.9202568429161877,0.9257607082485759,0.5659365264834836,0.15484226328692854,0.3221710304528599,0.04944325042390729,ciciot2023,D_clean,VulnerabilityScan,Reconnaissance,near,4,42,mlp:mahalanobis,attacks_only,92591,17798,SAFE_FINAL_01
0.7795106081421614,0.7753287796762869,0.783692436608036,0.5330524725703643,0.6323140572992815,0.39358354871333856,0.04926328014018934,ciciot2023,D_clean,VulnerabilityScan,Reconnaissance,near,4,42,edl:vacuity,with_normal,96441,17798,SAFE_FINAL_01
0.7867700874404473,0.7826266381479539,0.7909135367329407,0.5445387351922529,0.6170254128371008,0.39532531745139904,0.04957285265306563,ciciot2023,D_clean,VulnerabilityScan,Reconnaissance,near,4,42,edl:vacuity,attacks_only,92591,17798,SAFE_FINAL_01
0.9910506212891735,0.9900728511325477,0.9920283914457994,0.9294731090961802,0.024750883960141433,0.9828632430610181,0.0494291846828631,ciciot2023,D_clean,VulnerabilityScan,Reconnaissance,near,4,42,fusion_rank,with_normal,96441,17798,SAFE_FINAL_01
0.9911310965615021,0.9901576214897249,0.9921045716332794,0.9320284258897742,0.024354418896005012,0.9836498482975615,0.049724055253750364,ciciot2023,D_clean,VulnerabilityScan,Reconnaissance,near,4,42,fusion_rank,attacks_only,92591,17798,SAFE_FINAL_01
0.9551022847169416,0.9529586718689732,0.95724589756491,0.6848385588280904,0.09422341120477805,0.5974266771547365,0.05000985058222125,ciciot2023,D_clean,VulnerabilityScan,Reconnaissance,near,4,42,fusion_z,with_normal,96441,17798,SAFE_FINAL_01
0.9552019660284848,0.9530598925799908,0.9573440394769789,0.692144624719139,0.09304360034992602,0.5963591414765704,0.050026460455119826,ciciot2023,D_clean,VulnerabilityScan,Reconnaissance,near,4,42,fusion_z,attacks_only,92591,17798,SAFE_FINAL_01
0.9714192593559753,0.9696919317321323,0.9731465869798183,0.7934311788008176,0.07724930268246907,0.8063265535453422,0.04717910432285024,ciciot2023,D_clean,VulnerabilityScan,Reconnaissance,near,4,7,rf:maxprob,with_normal,96441,17798,SAFE_FINAL_01
0.9726989651114909,0.9710091140190643,0.9743888162039175,0.8057963746267846,0.07299845557343586,0.8063265535453422,0.04493957296065492,ciciot2023,D_clean,VulnerabilityScan,Reconnaissance,near,4,7,rf:maxprob,attacks_only,92591,17798,SAFE_FINAL_01
0.7454568166446692,0.7410949703732542,0.7498186629160842,0.28147782993764237,0.6015387646332991,0.06360265198336892,0.047552389543866196,ciciot2023,D_clean,VulnerabilityScan,Reconnaissance,near,4,7,mlp:maxprob,with_normal,96441,17798,SAFE_FINAL_01
0.7543584735835678,0.7500324646733834,0.7586844824937522,0.29820482702882567,0.5850028620492272,0.06686144510619171,0.04776922163061205,ciciot2023,D_clean,VulnerabilityScan,Reconnaissance,near,4,7,mlp:maxprob,attacks_only,92591,17798,SAFE_FINAL_01
0.8005502279667469,0.7965029032225686,0.8045975527109253,0.33227885502203974,0.5835070146514449,0.08843690302281156,0.04885888781742205,ciciot2023,D_clean,VulnerabilityScan,Reconnaissance,near,4,7,mlp:entropy,with_normal,96441,17798,SAFE_FINAL_01
0.8110211533283052,0.8070430098543286,0.8149992968022817,0.3545899230266022,0.5662537395643205,0.09203281267558153,0.04860083593437807,ciciot2023,D_clean,VulnerabilityScan,Reconnaissance,near,4,7,mlp:entropy,attacks_only,92591,17798,SAFE_FINAL_01
0.9709314017865726,0.9691899025954679,0.9726729009776772,0.8238912553911217,0.11528291909042834,0.8025620856275986,0.04909737559751558,ciciot2023,D_clean,VulnerabilityScan,Reconnaissance,near,4,7,mlp:energy,with_normal,96441,17798,SAFE_FINAL_01
0.9719676120669978,0.9702560144594191,0.9736792096745764,0.8300606593481987,0.11080990593038201,0.8082930666367008,0.04916244559406422,ciciot2023,D_clean,VulnerabilityScan,Reconnaissance,near,4,7,mlp:energy,attacks_only,92591,17798,SAFE_FINAL_01
0.929585788182305,0.9269442047967853,0.9322273715678246,0.6002357450327387,0.1753092564365778,0.46179345993931903,0.049729886666459285,ciciot2023,D_clean,VulnerabilityScan,Reconnaissance,near,4,7,mlp:mahalanobis,with_normal,96441,17798,SAFE_FINAL_01
0.9286130731674453,0.9259536045363688,0.9312725417985219,0.6050834565357649,0.1761942305407653,0.45179233621755255,0.04983205711138232,ciciot2023,D_clean,VulnerabilityScan,Reconnaissance,near,4,7,mlp:mahalanobis,attacks_only,92591,17798,SAFE_FINAL_01
0.7605330106514214,0.7562454293513337,0.7648205919515092,0.5117694304403164,0.5943322860609077,0.3766715361276548,0.04918032786885246,ciciot2023,D_clean,VulnerabilityScan,Reconnaissance,near,4,7,edl:vacuity,with_normal,96441,17798,SAFE_FINAL_01
0.7698109628521683,0.765566843627895,0.7740550820764417,0.524425559002306,0.5774643323865171,0.3783571187773907,0.049205646337117,ciciot2023,D_clean,VulnerabilityScan,Reconnaissance,near,4,7,edl:vacuity,attacks_only,92591,17798,SAFE_FINAL_01
0.9913543883074611,0.9903931875450191,0.9923155890699031,0.9400696713991933,0.03350234858618222,0.9771884481402405,0.049418815648945985,ciciot2023,D_clean,VulnerabilityScan,Reconnaissance,near,4,7,fusion_rank,with_normal,96441,17798,SAFE_FINAL_01
0.9914401051801922,0.990483571474776,0.9923966388856085,0.9420181059394164,0.032854165091639576,0.9779188672884593,0.049054443736432266,ciciot2023,D_clean,VulnerabilityScan,Reconnaissance,near,4,7,fusion_rank,attacks_only,92591,17798,SAFE_FINAL_01
0.9582690551397806,0.9561983939343233,0.9603397163452378,0.715927641664753,0.10738171524559056,0.6809753904933139,0.049688410530790844,ciciot2023,D_clean,VulnerabilityScan,Reconnaissance,near,4,7,fusion_z,with_normal,96441,17798,SAFE_FINAL_01
0.9580820548063759,0.9560063521645552,0.9601577574481965,0.7215771613635771,0.10673823589765744,0.67485110686594,0.0494216500523809,ciciot2023,D_clean,VulnerabilityScan,Reconnaissance,near,4,7,fusion_z,attacks_only,92591,17798,SAFE_FINAL_01
0.9700733953987886,0.9683072894398858,0.9718395013576914,0.7874508578528217,0.08716209910722618,0.8131250702326104,0.049812838937796165,ciciot2023,D_clean,VulnerabilityScan,Reconnaissance,near,4,13,rf:maxprob,with_normal,96441,17798,SAFE_FINAL_01
0.9712674286450362,0.9695353032027298,0.9729995540873426,0.7993996558789862,0.08258902053115313,0.8131250702326104,0.048039226274691926,ciciot2023,D_clean,VulnerabilityScan,Reconnaissance,near,4,13,rf:maxprob,attacks_only,92591,17798,SAFE_FINAL_01
0.7375995859396222,0.7332022816957224,0.7419968901835219,0.2630977987721964,0.5934923943136218,0.02449713450949545,0.051285241754025775,ciciot2023,D_clean,VulnerabilityScan,Reconnaissance,near,4,13,mlp:maxprob,with_normal,96441,17798,SAFE_FINAL_01
0.745776442873415,0.7414087917616259,0.7501440939852042,0.2779293568758705,0.5766003175254615,0.026744578042476683,0.051808491106047024,ciciot2023,D_clean,VulnerabilityScan,Reconnaissance,near,4,13,mlp:maxprob,attacks_only,92591,17798,SAFE_FINAL_01
0.7919056838803803,0.7878007938285032,0.7960105739322574,0.30998140851232725,0.587188021692019,0.033149792111473196,0.050434980972822764,ciciot2023,D_clean,VulnerabilityScan,Reconnaissance,near,4,13,mlp:entropy,with_normal,96441,17798,SAFE_FINAL_01
0.8032903997165742,0.7992566817694929,0.8073241176636555,0.3326199281051764,0.5700338045814388,0.03562197999775256,0.05114967977449212,ciciot2023,D_clean,VulnerabilityScan,Reconnaissance,near,4,13,mlp:entropy,attacks_only,92591,17798,SAFE_FINAL_01
0.9326768660557783,0.9300887601488973,0.9352649719626592,0.6923378231915605,0.18995033232753705,0.534498258231262,0.05069420682075051,ciciot2023,D_clean,VulnerabilityScan,Reconnaissance,near,4,13,mlp:energy,with_normal,96441,17798,SAFE_FINAL_01
0.9363301420736341,0.9338061655628968,0.9388541185843714,0.7062540041254634,0.17361298614336165,0.5399483087987414,0.050588070114805976,ciciot2023,D_clean,VulnerabilityScan,Reconnaissance,near,4,13,mlp:energy,attacks_only,92591,17798,SAFE_FINAL_01
0.9146902526568395,0.9118109173182785,0.9175695879954004,0.517229044228792,0.16586306653809066,0.28323407124396,0.04997874348046993,ciciot2023,D_clean,VulnerabilityScan,Reconnaissance,near,4,13,mlp:mahalanobis,with_normal,96441,17798,SAFE_FINAL_01
0.9139160744300839,0.9110234061494176,0.9168087427107503,0.5236157744301438,0.16635526131049455,0.2795819755028655,0.05022086379885734,ciciot2023,D_clean,VulnerabilityScan,Reconnaissance,near,4,13,mlp:mahalanobis,attacks_only,92591,17798,SAFE_FINAL_01
0.8136892227550799,0.8097358996819867,0.8176425458281732,0.6185523967515659,0.6251697929303927,0.5051691201258568,0.04892110202092471,ciciot2023,D_clean,VulnerabilityScan,Reconnaissance,near,4,13,edl:vacuity,with_normal,96441,17798,SAFE_FINAL_01
0.8198226287276161,0.8159112329310808,0.8237340245241515,0.627641570705103,0.6095840848462594,0.5062366558040229,0.04936764912356493,ciciot2023,D_clean,VulnerabilityScan,Reconnaissance,near,4,13,edl:vacuity,attacks_only,92591,17798,SAFE_FINAL_01
0.9882492567751124,0.9871306670645429,0.989367846485682,0.9118305933429863,0.03319127756866893,0.9745477019889875,0.052301407077902554,ciciot2023,D_clean,VulnerabilityScan,Reconnaissance,near,4,13,fusion_rank,with_normal,96441,17798,SAFE_FINAL_01
0.9884228674538349,0.9873123623115161,0.9895333725961537,0.9151607115613749,0.03249775896145414,0.9748286324306101,0.05148448553315117,ciciot2023,D_clean,VulnerabilityScan,Reconnaissance,near,4,13,fusion_rank,attacks_only,92591,17798,SAFE_FINAL_01
0.9476750980125679,0.945371614522558,0.9499785815025777,0.6382344668177029,0.10351406559450856,0.48421170918080686,0.05103638494001514,ciciot2023,D_clean,VulnerabilityScan,Reconnaissance,near,4,13,fusion_z,with_normal,96441,17798,SAFE_FINAL_01
0.9477219841982834,0.9454185798460741,0.9500253885504926,0.6459826911931236,0.10272056679374886,0.4766827733453197,0.05066367141514834,ciciot2023,D_clean,VulnerabilityScan,Reconnaissance,near,4,13,fusion_z,attacks_only,92591,17798,SAFE_FINAL_01
0.9071525705436347,0.8979692854013084,0.9163358556859611,0.12473239081284294,0.2192926109560993,0.4041507373020208,0.04987253347250938,ciciot2023,D_clean,XSS,WebApplication,near,4,42,rf:maxprob,with_normal,99634,1831,SAFE_FINAL_01
0.913956125932903,0.905065733283943,0.922846518581863,0.1349255554970231,0.20013781007266349,0.4183506280720918,0.050791363902113085,ciciot2023,D_clean,XSS,WebApplication,near,4,42,rf:maxprob,attacks_only,95784,1831,SAFE_FINAL_01
0.9219020013029227,0.9133777777294433,0.930426224876402,0.1339494785944692,0.2953911315414417,0.4882577826324413,0.05009334163036715,ciciot2023,D_clean,XSS,WebApplication,near,4,42,mlp:maxprob,with_normal,99634,1831,SAFE_FINAL_01
0.9251514210496281,0.9167840921596958,0.9335187499395604,0.1434464823369666,0.2867389125532448,0.505188421627526,0.050499039505554164,ciciot2023,D_clean,XSS,WebApplication,near,4,42,mlp:maxprob,attacks_only,95784,1831,SAFE_FINAL_01
0.9439823922678796,0.9366350635904933,0.9513297209452659,0.1516155814608398,0.13730252724973402,0.5472419442927362,0.04949113756348235,ciciot2023,D_clean,XSS,WebApplication,near,4,42,mlp:entropy,with_normal,99634,1831,SAFE_FINAL_01
0.9466682796167583,0.9394838805196456,0.9538526787138709,0.1612986620939098,0.12506264094211977,0.5614418350628072,0.04970558757203709,ciciot2023,D_clean,XSS,WebApplication,near,4,42,mlp:entropy,attacks_only,95784,1831,SAFE_FINAL_01
0.9257185778375945,0.9173796570073371,0.9340574986678518,0.10382316485790959,0.1467872413031696,0.3249590387766248,0.050183672240399865,ciciot2023,D_clean,XSS,WebApplication,near,4,42,mlp:energy,with_normal,99634,1831,SAFE_FINAL_01
0.9292416447839605,0.9210794492901012,0.9374038402778199,0.11178639830441751,0.13819635847323145,0.3413435281267067,0.050300676522174896,ciciot2023,D_clean,XSS,WebApplication,near,4,42,mlp:energy,attacks_only,95784,1831,SAFE_FINAL_01
0.6319160897864886,0.6180819262672791,0.6457502533056981,0.02206149154741597,0.5704378023566252,0.038776624795193886,0.049782202862476664,ciciot2023,D_clean,XSS,WebApplication,near,4,42,mlp:mahalanobis,with_normal,99634,1831,SAFE_FINAL_01
0.6401621071860986,0.6263388593554249,0.6539853550167722,0.02338877783455219,0.5544036582310198,0.03823047515019115,0.05022759542303516,ciciot2023,D_clean,XSS,WebApplication,near,4,42,mlp:mahalanobis,attacks_only,95784,1831,SAFE_FINAL_01
0.9344076134600207,0.9265169964548666,0.9422982304651747,0.12056862884611111,0.12922295601902964,0.4216275259421081,0.05019370897484794,ciciot2023,D_clean,XSS,WebApplication,near,4,42,edl:vacuity,with_normal,99634,1831,SAFE_FINAL_01
0.9369807946269786,0.9292303494071659,0.9447312398467913,0.1286109613118031,0.12082393719201537,0.4385581649371928,0.050300676522174896,ciciot2023,D_clean,XSS,WebApplication,near,4,42,edl:vacuity,attacks_only,95784,1831,SAFE_FINAL_01
0.7840015428615099,0.7714595820454719,0.7965435036775479,0.04243333607532648,0.411646626653552,0.12015292190060077,0.05143826404640986,ciciot2023,D_clean,XSS,WebApplication,near,4,42,fusion_rank,with_normal,99634,1831,SAFE_FINAL_01
0.7926760006345973,0.7802826263052489,0.8050693749639457,0.0454197240789829,0.3919234945293577,0.12288367012561442,0.051908460703248976,ciciot2023,D_clean,XSS,WebApplication,near,4,42,fusion_rank,attacks_only,95784,1831,SAFE_FINAL_01
0.7557250141744892,0.7427591545555369,0.7686908737934416,0.03294265649652106,0.36820763996226186,0.05734571272528673,0.05009334163036715,ciciot2023,D_clean,XSS,WebApplication,near,4,42,fusion_z,with_normal,99634,1831,SAFE_FINAL_01
0.7672006633074792,0.7543930304646473,0.780008296150311,0.03571303444038417,0.34486970684039087,0.05734571272528673,0.050634761546813664,ciciot2023,D_clean,XSS,WebApplication,near,4,42,fusion_z,attacks_only,95784,1831,SAFE_FINAL_01
0.90897099002228,0.899864473161097,0.918077506883463,0.1285962187729533,0.2193126844249955,0.4183506280720918,0.04983238653471706,ciciot2023,D_clean,XSS,WebApplication,near,4,7,rf:maxprob,with_normal,99634,1831,SAFE_FINAL_01
0.9158615914343593,0.9070565423566278,0.9246666405120908,0.13886156561325846,0.20038837384114258,0.4183506280720918,0.04735655224254573,ciciot2023,D_clean,XSS,WebApplication,near,4,7,rf:maxprob,attacks_only,95784,1831,SAFE_FINAL_01
0.9256046518570366,0.9172601025429218,0.9339492011711513,0.13655005778008714,0.26933576891422606,0.505188421627526,0.0510167211995905,ciciot2023,D_clean,XSS,WebApplication,near,4,7,mlp:maxprob,with_normal,99634,1831,SAFE_FINAL_01
0.9284875757912066,0.9202869481865655,0.9366882033958476,0.14601205486655425,0.2607116011024806,0.5128345166575642,0.04987263008435647,ciciot2023,D_clean,XSS,WebApplication,near,4,7,mlp:maxprob,attacks_only,95784,1831,SAFE_FINAL_01
0.9421467332863184,0.9346907512633512,0.9496027153092855,0.14331318951609437,0.14036373125639842,0.511196067722556,0.0502137824437441,ciciot2023,D_clean,XSS,WebApplication,near,4,7,mlp:entropy,with_normal,99634,1831,SAFE_FINAL_01
0.9449782457005597,0.9376905401554716,0.9522659512456477,0.15308765263653978,0.12795456443664913,0.5139268159475696,0.04928798129123862,ciciot2023,D_clean,XSS,WebApplication,near,4,7,mlp:entropy,attacks_only,95784,1831,SAFE_FINAL_01
0.9298280806605261,0.9216963803525133,0.9379597809685389,0.10891462310015075,0.1385270088523998,0.3446204259967231,0.04899933757552643,ciciot2023,D_clean,XSS,WebApplication,near,4,7,mlp:energy,with_normal,99634,1831,SAFE_FINAL_01
0.9327716551664147,0.9247932434607284,0.9407500668721009,0.11659726452187444,0.1312223335838971,0.354997269251775,0.04852584982878143,ciciot2023,D_clean,XSS,WebApplication,near,4,7,mlp:energy,attacks_only,95784,1831,SAFE_FINAL_01
0.6158619246606425,0.6020158951774167,0.6297079541438683,0.02105324261212218,0.5776241042214505,0.03604587657018023,0.051147198747415544,ciciot2023,D_clean,XSS,WebApplication,near,4,7,mlp:mahalanobis,with_normal,99634,1831,SAFE_FINAL_01
0.6241407710859355,0.6102946486813279,0.637986893490543,0.022315539853084616,0.561409003591414,0.03604587657018023,0.0509792867284724,ciciot2023,D_clean,XSS,WebApplication,near,4,7,mlp:mahalanobis,attacks_only,95784,1831,SAFE_FINAL_01
0.9238096276720147,0.9153771935413232,0.9322420618027062,0.10380494092563483,0.14195957203364312,0.3386127799016931,0.05208061505108698,ciciot2023,D_clean,XSS,WebApplication,near,4,7,edl:vacuity,with_normal,99634,1831,SAFE_FINAL_01
0.9283162426081293,0.9201069222385125,0.936525562977746,0.11338580737586745,0.13141025641025642,0.3784817039868924,0.05187714023218909,ciciot2023,D_clean,XSS,WebApplication,near,4,7,edl:vacuity,attacks_only,95784,1831,SAFE_FINAL_01
0.7731946110092266,0.7604790230683602,0.785910198950093,0.04003229916477394,0.41192765521809827,0.10540688148552703,0.05177951301764458,ciciot2023,D_clean,XSS,WebApplication,near,4,7,fusion_rank,with_normal,99634,1831,SAFE_FINAL_01
0.7820515443381323,0.7694752683097942,0.7946278203664704,0.042861056822535014,0.39321807399983294,0.10868377935554342,0.05171009771986971,ciciot2023,D_clean,XSS,WebApplication,near,4,7,fusion_rank,attacks_only,95784,1831,SAFE_FINAL_01
0.7454696477474569,0.7323734605165539,0.7585658349783599,0.03148723361886341,0.37324608065519804,0.05133806663025669,0.05134793343637714,ciciot2023,D_clean,XSS,WebApplication,near,4,7,fusion_z,with_normal,99634,1831,SAFE_FINAL_01
0.7572036342192288,0.7442554045157801,0.7701518639226774,0.03414921174861887,0.3498496617389126,0.05133806663025669,0.05160569614967009,ciciot2023,D_clean,XSS,WebApplication,near,4,7,fusion_z,attacks_only,95784,1831,SAFE_FINAL_01
0.9082789377225506,0.8991430655687614,0.9174148098763398,0.12846375058075368,0.21271854989260694,0.389404696886947,0.045928096834413956,ciciot2023,D_clean,XSS,WebApplication,near,4,13,rf:maxprob,with_normal,99634,1831,SAFE_FINAL_01
0.9150411781231966,0.9061992083149175,0.9238831479314757,0.13863164318429996,0.1941033993151257,0.4052430365920262,0.04745051365572538,ciciot2023,D_clean,XSS,WebApplication,near,4,13,rf:maxprob,attacks_only,95784,1831,SAFE_FINAL_01
0.9044450038314453,0.8951495583769798,0.9137404492859108,0.13182468656820992,0.3769697091354357,0.4959038776624795,0.05049481100829034,ciciot2023,D_clean,XSS,WebApplication,near,4,13,mlp:maxprob,with_normal,99634,1831,SAFE_FINAL_01
0.9075719185982041,0.8984056311800873,0.9167382060163208,0.14080567453692044,0.3675874885158273,0.5057345712725286,0.04984130961329659,ciciot2023,D_clean,XSS,WebApplication,near,4,13,mlp:maxprob,attacks_only,95784,1831,SAFE_FINAL_01
0.9379514111763746,0.9302553238918038,0.9456474984609454,0.14609163030062353,0.1571551879880362,0.5357728017476788,0.049932753879197864,ciciot2023,D_clean,XSS,WebApplication,near,4,13,mlp:entropy,with_normal,99634,1831,SAFE_FINAL_01
0.9409976293602168,0.9334744516324609,0.9485208070879727,0.15608529491408576,0.14228890002505637,0.5450573457127252,0.050039672596675855,ciciot2023,D_clean,XSS,WebApplication,near,4,13,mlp:entropy,attacks_only,95784,1831,SAFE_FINAL_01
0.9390407696100004,0.9314059705414611,0.9466755686785396,0.12666403494144254,0.12304032759901239,0.4396504642271983,0.05019370897484794,ciciot2023,D_clean,XSS,WebApplication,near,4,13,mlp:energy,with_normal,99634,1831,SAFE_FINAL_01
0.9407115371272967,0.9331718401916267,0.9482512340629667,0.13342644640812068,0.11822433809404494,0.4478427089022392,0.05012319385283555,ciciot2023,D_clean,XSS,WebApplication,near,4,13,mlp:energy,attacks_only,95784,1831,SAFE_FINAL_01
0.6241446205400132,0.6103020904949316,0.6379871505850948,0.021504145557107463,0.57328823493988,0.033315128345166575,0.052622598711283296,ciciot2023,D_clean,XSS,WebApplication,near,4,13,mlp:mahalanobis,with_normal,99634,1831,SAFE_FINAL_01
0.6347956212966521,0.6209623442653363,0.648628898327968,0.022945621364471452,0.5563872880648125,0.03222282905516111,0.05196066148834878,ciciot2023,D_clean,XSS,WebApplication,near,4,13,mlp:mahalanobis,attacks_only,95784,1831,SAFE_FINAL_01
0.9237082955731576,0.9152709444160613,0.9321456467302539,0.10183682243340673,0.13414095589858885,0.2894593118514473,0.05098661099624626,ciciot2023,D_clean,XSS,WebApplication,near,4,13,edl:vacuity,with_normal,99634,1831,SAFE_FINAL_01
0.9272159293144693,0.9189511272342412,0.9354807313946973,0.10971373020212394,0.12537584565271861,0.3052976515565265,0.05071828280297336,ciciot2023,D_clean,XSS,WebApplication,near,4,13,edl:vacuity,attacks_only,95784,1831,SAFE_FINAL_01
0.7774024529998254,0.7647527063686361,0.7900521996310146,0.040478054315318805,0.4107332838187767,0.1174221736755871,0.052923700744725695,ciciot2023,D_clean,XSS,WebApplication,near,4,13,fusion_rank,with_normal,99634,1831,SAFE_FINAL_01
0.7880961130092317,0.7756220586280387,0.8005701673904246,0.04375025437647894,0.3895744591998664,0.12015292190060077,0.0527436732648459,ciciot2023,D_clean,XSS,WebApplication,near,4,13,fusion_rank,attacks_only,95784,1831,SAFE_FINAL_01
0.7481259125493792,0.7350623418320242,0.7611894832667342,0.03177583726775803,0.37328622759299035,0.05243036592026215,0.05285344360358914,ciciot2023,D_clean,XSS,WebApplication,near,4,13,fusion_z,with_normal,99634,1831,SAFE_FINAL_01
0.7619002965118632,0.749016644923296,0.7747839481004304,0.03474619103716326,0.3489413680781759,0.05243036592026215,0.05272279295080598,ciciot2023,D_clean,XSS,WebApplication,near,4,13,fusion_z,attacks_only,95784,1831,SAFE_FINAL_01
