dataset,rung,model,seed,class,F1,support,run_id
ciciot2023,A_raw,rf,42,Backdoor_Malware,0.573170731707317,306,SAFE_FINAL_01
ciciot2023,A_raw,rf,42,BenignTraffic,0.8056365403304179,3850,SAFE_FINAL_01
ciciot2023,A_raw,rf,42,BrowserHijacking,0.6092089728453365,558,SAFE_FINAL_01
ciciot2023,A_raw,rf,42,CommandInjection,0.7100456621004566,515,SAFE_FINAL_01
ciciot2023,A_raw,rf,42,DDoS-ACK_Fragmentation,0.9951462678735405,3814,SAFE_FINAL_01
ciciot2023,A_raw,rf,42,DDoS-HTTP_Flood,0.993065693430657,2741,SAFE_FINAL_01
ciciot2023,A_raw,rf,42,DDoS-ICMP_Flood,0.9989401165871754,3775,SAFE_FINAL_01
ciciot2023,A_raw,rf,42,DDoS-ICMP_Fragmentation,0.9943398710017112,3813,SAFE_FINAL_01
ciciot2023,A_raw,rf,42,DDoS-PSHACK_Flood,0.9990785836514413,3802,SAFE_FINAL_01
ciciot2023,A_raw,rf,42,DDoS-RSTFINFlood,0.9994760282944721,3819,SAFE_FINAL_01
ciciot2023,A_raw,rf,42,DDoS-SYN_Flood,0.9977640405103249,3809,SAFE_FINAL_01
ciciot2023,A_raw,rf,42,DDoS-SlowLoris,0.9871111111111112,2231,SAFE_FINAL_01
ciciot2023,A_raw,rf,42,DDoS-SynonymousIP_Flood,0.9986917844060701,3825,SAFE_FINAL_01
ciciot2023,A_raw,rf,42,DDoS-TCP_Flood,0.9997385620915032,3825,SAFE_FINAL_01
ciciot2023,A_raw,rf,42,DDoS-UDP_Flood,0.9982896987238521,3806,SAFE_FINAL_01
ciciot2023,A_raw,rf,42,DDoS-UDP_Fragmentation,0.9950856687475096,3767,SAFE_FINAL_01
ciciot2023,A_raw,rf,42,DNS_Spoofing,0.7627398652941924,3816,SAFE_FINAL_01
ciciot2023,A_raw,rf,42,DictionaryBruteForce,0.6900638103919782,1244,SAFE_FINAL_01
ciciot2023,A_raw,rf,42,DoS-HTTP_Flood,0.99501573976915,3800,SAFE_FINAL_01
ciciot2023,A_raw,rf,42,DoS-SYN_Flood,0.9964580873671782,3817,SAFE_FINAL_01
ciciot2023,A_raw,rf,42,DoS-TCP_Flood,0.9986897274633124,3820,SAFE_FINAL_01
ciciot2023,A_raw,rf,42,DoS-UDP_Flood,0.9979057591623036,3822,SAFE_FINAL_01
ciciot2023,A_raw,rf,42,MITM-ArpSpoofing,0.8248253627082214,3838,SAFE_FINAL_01
ciciot2023,A_raw,rf,42,Mirai-greeth_flood,0.9973600844772967,3796,SAFE_FINAL_01
ciciot2023,A_raw,rf,42,Mirai-greip_flood,0.9963446475195823,3835,SAFE_FINAL_01
ciciot2023,A_raw,rf,42,Mirai-udpplain,0.9985532026831514,3802,SAFE_FINAL_01
ciciot2023,A_raw,rf,42,Recon-HostDiscovery,0.8111124590561689,3799,SAFE_FINAL_01
ciciot2023,A_raw,rf,42,Recon-OSScan,0.7066980638409209,3801,SAFE_FINAL_01
ciciot2023,A_raw,rf,42,Recon-PingSweep,0.375886524822695,215,SAFE_FINAL_01
ciciot2023,A_raw,rf,42,Recon-PortScan,0.7227621483375959,3795,SAFE_FINAL_01
ciciot2023,A_raw,rf,42,SqlInjection,0.5761316872427984,499,SAFE_FINAL_01
ciciot2023,A_raw,rf,42,Uploading_Attack,0.694300518134715,119,SAFE_FINAL_01
ciciot2023,A_raw,rf,42,VulnerabilityScan,0.9885857461024499,3560,SAFE_FINAL_01
ciciot2023,A_raw,rf,42,XSS,0.6507666098807495,366,SAFE_FINAL_01
ciciot2023,A_raw,lgbm,42,Backdoor_Malware,0.381651376146789,306,SAFE_FINAL_01
ciciot2023,A_raw,lgbm,42,BenignTraffic,0.8304766670836983,3850,SAFE_FINAL_01
ciciot2023,A_raw,lgbm,42,BrowserHijacking,0.7054545454545454,558,SAFE_FINAL_01
ciciot2023,A_raw,lgbm,42,CommandInjection,0.6047846889952153,515,SAFE_FINAL_01
ciciot2023,A_raw,lgbm,42,DDoS-ACK_Fragmentation,0.9998688868493509,3814,SAFE_FINAL_01
ciciot2023,A_raw,lgbm,42,DDoS-HTTP_Flood,0.9978110178766874,2741,SAFE_FINAL_01
ciciot2023,A_raw,lgbm,42,DDoS-ICMP_Flood,0.9994701986754967,3775,SAFE_FINAL_01
ciciot2023,A_raw,lgbm,42,DDoS-ICMP_Fragmentation,0.9993440902531812,3813,SAFE_FINAL_01
ciciot2023,A_raw,lgbm,42,DDoS-PSHACK_Flood,0.9997369113391212,3802,SAFE_FINAL_01
ciciot2023,A_raw,lgbm,42,DDoS-RSTFINFlood,1.0,3819,SAFE_FINAL_01
ciciot2023,A_raw,lgbm,42,DDoS-SYN_Flood,0.9988196721311475,3809,SAFE_FINAL_01
ciciot2023,A_raw,lgbm,42,DDoS-SlowLoris,0.9975341851602779,2231,SAFE_FINAL_01
ciciot2023,A_raw,lgbm,42,DDoS-SynonymousIP_Flood,0.9990846083431411,3825,SAFE_FINAL_01
ciciot2023,A_raw,lgbm,42,DDoS-TCP_Flood,0.9993461488165294,3825,SAFE_FINAL_01
ciciot2023,A_raw,lgbm,42,DDoS-UDP_Flood,0.9997371879106439,3806,SAFE_FINAL_01
ciciot2023,A_raw,lgbm,42,DDoS-UDP_Fragmentation,1.0,3767,SAFE_FINAL_01
ciciot2023,A_raw,lgbm,42,DNS_Spoofing,0.795123244102836,3816,SAFE_FINAL_01
ciciot2023,A_raw,lgbm,42,DictionaryBruteForce,0.7408844065166796,1244,SAFE_FINAL_01
ciciot2023,A_raw,lgbm,42,DoS-HTTP_Flood,0.9981574098446959,3800,SAFE_FINAL_01
ciciot2023,A_raw,lgbm,42,DoS-SYN_Flood,0.9992138364779874,3817,SAFE_FINAL_01
ciciot2023,A_raw,lgbm,42,DoS-TCP_Flood,0.9988224519167866,3820,SAFE_FINAL_01
ciciot2023,A_raw,lgbm,42,DoS-UDP_Flood,0.999345806620437,3822,SAFE_FINAL_01
ciciot2023,A_raw,lgbm,42,MITM-ArpSpoofing,0.8646616541353384,3838,SAFE_FINAL_01
ciciot2023,A_raw,lgbm,42,Mirai-greeth_flood,0.9985505336671499,3796,SAFE_FINAL_01
ciciot2023,A_raw,lgbm,42,Mirai-greip_flood,0.998696558915537,3835,SAFE_FINAL_01
ciciot2023,A_raw,lgbm,42,Mirai-udpplain,0.9998685075608152,3802,SAFE_FINAL_01
ciciot2023,A_raw,lgbm,42,Recon-HostDiscovery,0.8654864969634319,3799,SAFE_FINAL_01
ciciot2023,A_raw,lgbm,42,Recon-OSScan,0.7285830840358988,3801,SAFE_FINAL_01
ciciot2023,A_raw,lgbm,42,Recon-PingSweep,0.4708860759493671,215,SAFE_FINAL_01
ciciot2023,A_raw,lgbm,42,Recon-PortScan,0.7498718605843158,3795,SAFE_FINAL_01
ciciot2023,A_raw,lgbm,42,SqlInjection,0.6273726273726273,499,SAFE_FINAL_01
ciciot2023,A_raw,lgbm,42,Uploading_Attack,0.20618556701030927,119,SAFE_FINAL_01
ciciot2023,A_raw,lgbm,42,VulnerabilityScan,0.9990167158308751,3560,SAFE_FINAL_01
ciciot2023,A_raw,lgbm,42,XSS,0.49226441631504925,366,SAFE_FINAL_01
ciciot2023,A_raw,mlp_softmax_en,42,Backdoor_Malware,0.26022304832713755,306,SAFE_FINAL_01
ciciot2023,A_raw,mlp_softmax_en,42,BenignTraffic,0.6818345108370255,3850,SAFE_FINAL_01
ciciot2023,A_raw,mlp_softmax_en,42,BrowserHijacking,0.33868092691622104,558,SAFE_FINAL_01
ciciot2023,A_raw,mlp_softmax_en,42,CommandInjection,0.296368989205103,515,SAFE_FINAL_01
ciciot2023,A_raw,mlp_softmax_en,42,DDoS-ACK_Fragmentation,0.988950276243094,3814,SAFE_FINAL_01
ciciot2023,A_raw,mlp_softmax_en,42,DDoS-HTTP_Flood,0.9039066839474171,2741,SAFE_FINAL_01
ciciot2023,A_raw,mlp_softmax_en,42,DDoS-ICMP_Flood,0.9992048767558972,3775,SAFE_FINAL_01
ciciot2023,A_raw,mlp_softmax_en,42,DDoS-ICMP_Fragmentation,0.9862688143649326,3813,SAFE_FINAL_01
ciciot2023,A_raw,mlp_softmax_en,42,DDoS-PSHACK_Flood,0.9982905982905983,3802,SAFE_FINAL_01
ciciot2023,A_raw,mlp_softmax_en,42,DDoS-RSTFINFlood,0.9994760282944721,3819,SAFE_FINAL_01
ciciot2023,A_raw,mlp_softmax_en,42,DDoS-SYN_Flood,0.6899887514060742,3809,SAFE_FINAL_01
ciciot2023,A_raw,mlp_softmax_en,42,DDoS-SlowLoris,0.9266074907988742,2231,SAFE_FINAL_01
ciciot2023,A_raw,mlp_softmax_en,42,DDoS-SynonymousIP_Flood,0.8004956629491945,3825,SAFE_FINAL_01
ciciot2023,A_raw,mlp_softmax_en,42,DDoS-TCP_Flood,0.7954273271638541,3825,SAFE_FINAL_01
ciciot2023,A_raw,mlp_softmax_en,42,DDoS-UDP_Flood,0.7852810351799434,3806,SAFE_FINAL_01
ciciot2023,A_raw,mlp_softmax_en,42,DDoS-UDP_Fragmentation,0.9917399413802291,3767,SAFE_FINAL_01
ciciot2023,A_raw,mlp_softmax_en,42,DNS_Spoofing,0.5534804753820034,3816,SAFE_FINAL_01
ciciot2023,A_raw,mlp_softmax_en,42,DictionaryBruteForce,0.442098317387001,1244,SAFE_FINAL_01
ciciot2023,A_raw,mlp_softmax_en,42,DoS-HTTP_Flood,0.9277566539923955,3800,SAFE_FINAL_01
ciciot2023,A_raw,mlp_softmax_en,42,DoS-SYN_Flood,0.6698679471788715,3817,SAFE_FINAL_01
ciciot2023,A_raw,mlp_softmax_en,42,DoS-TCP_Flood,0.690062315513283,3820,SAFE_FINAL_01
ciciot2023,A_raw,mlp_softmax_en,42,DoS-UDP_Flood,0.7953440777692504,3822,SAFE_FINAL_01
ciciot2023,A_raw,mlp_softmax_en,42,MITM-ArpSpoofing,0.6984079750037196,3838,SAFE_FINAL_01
ciciot2023,A_raw,mlp_softmax_en,42,Mirai-greeth_flood,0.623932782219813,3796,SAFE_FINAL_01
ciciot2023,A_raw,mlp_softmax_en,42,Mirai-greip_flood,0.6439683754144351,3835,SAFE_FINAL_01
ciciot2023,A_raw,mlp_softmax_en,42,Mirai-udpplain,0.9976334472784644,3802,SAFE_FINAL_01
ciciot2023,A_raw,mlp_softmax_en,42,Recon-HostDiscovery,0.7244665145618038,3799,SAFE_FINAL_01
ciciot2023,A_raw,mlp_softmax_en,42,Recon-OSScan,0.41825095057034223,3801,SAFE_FINAL_01
ciciot2023,A_raw,mlp_softmax_en,42,Recon-PingSweep,0.16090104585679807,215,SAFE_FINAL_01
ciciot2023,A_raw,mlp_softmax_en,42,Recon-PortScan,0.5003714158371713,3795,SAFE_FINAL_01
ciciot2023,A_raw,mlp_softmax_en,42,SqlInjection,0.2946020128087832,499,SAFE_FINAL_01
ciciot2023,A_raw,mlp_softmax_en,42,Uploading_Attack,0.08534850640113797,119,SAFE_FINAL_01
ciciot2023,A_raw,mlp_softmax_en,42,VulnerabilityScan,0.9556935817805383,3560,SAFE_FINAL_01
ciciot2023,A_raw,mlp_softmax_en,42,XSS,0.13416815742397137,366,SAFE_FINAL_01
ciciot2023,A_raw,mlp_edl_both,42,Backdoor_Malware,0.2153846153846154,306,SAFE_FINAL_01
ciciot2023,A_raw,mlp_edl_both,42,BenignTraffic,0.6706706706706707,3850,SAFE_FINAL_01
ciciot2023,A_raw,mlp_edl_both,42,BrowserHijacking,0.32669322709163345,558,SAFE_FINAL_01
ciciot2023,A_raw,mlp_edl_both,42,CommandInjection,0.3316582914572864,515,SAFE_FINAL_01
ciciot2023,A_raw,mlp_edl_both,42,DDoS-ACK_Fragmentation,0.9899550621200106,3814,SAFE_FINAL_01
ciciot2023,A_raw,mlp_edl_both,42,DDoS-HTTP_Flood,0.8958899149013217,2741,SAFE_FINAL_01
ciciot2023,A_raw,mlp_edl_both,42,DDoS-ICMP_Flood,0.9990724791307805,3775,SAFE_FINAL_01
ciciot2023,A_raw,mlp_edl_both,42,DDoS-ICMP_Fragmentation,0.9872679045092838,3813,SAFE_FINAL_01
ciciot2023,A_raw,mlp_edl_both,42,DDoS-PSHACK_Flood,0.9984218832193582,3802,SAFE_FINAL_01
ciciot2023,A_raw,mlp_edl_both,42,DDoS-RSTFINFlood,0.9994760282944721,3819,SAFE_FINAL_01
ciciot2023,A_raw,mlp_edl_both,42,DDoS-SYN_Flood,0.7122345803842265,3809,SAFE_FINAL_01
ciciot2023,A_raw,mlp_edl_both,42,DDoS-SlowLoris,0.9201291711517761,2231,SAFE_FINAL_01
ciciot2023,A_raw,mlp_edl_both,42,DDoS-SynonymousIP_Flood,0.8092538685460395,3825,SAFE_FINAL_01
ciciot2023,A_raw,mlp_edl_both,42,DDoS-TCP_Flood,0.8006175562417291,3825,SAFE_FINAL_01
ciciot2023,A_raw,mlp_edl_both,42,DDoS-UDP_Flood,0.7954907161803714,3806,SAFE_FINAL_01
ciciot2023,A_raw,mlp_edl_both,42,DDoS-UDP_Fragmentation,0.9921154617132166,3767,SAFE_FINAL_01
ciciot2023,A_raw,mlp_edl_both,42,DNS_Spoofing,0.5527940478075035,3816,SAFE_FINAL_01
ciciot2023,A_raw,mlp_edl_both,42,DictionaryBruteForce,0.4256212810640532,1244,SAFE_FINAL_01
ciciot2023,A_raw,mlp_edl_both,42,DoS-HTTP_Flood,0.9169000933706816,3800,SAFE_FINAL_01
ciciot2023,A_raw,mlp_edl_both,42,DoS-SYN_Flood,0.6708113148896487,3817,SAFE_FINAL_01
ciciot2023,A_raw,mlp_edl_both,42,DoS-TCP_Flood,0.7073013830813767,3820,SAFE_FINAL_01
ciciot2023,A_raw,mlp_edl_both,42,DoS-UDP_Flood,0.7976592977893368,3822,SAFE_FINAL_01
ciciot2023,A_raw,mlp_edl_both,42,MITM-ArpSpoofing,0.6851050679851669,3838,SAFE_FINAL_01
ciciot2023,A_raw,mlp_edl_both,42,Mirai-greeth_flood,0.7538617371486452,3796,SAFE_FINAL_01
ciciot2023,A_raw,mlp_edl_both,42,Mirai-greip_flood,0.7262388302193339,3835,SAFE_FINAL_01
ciciot2023,A_raw,mlp_edl_both,42,Mirai-udpplain,0.9961816984858459,3802,SAFE_FINAL_01
ciciot2023,A_raw,mlp_edl_both,42,Recon-HostDiscovery,0.7225585680442221,3799,SAFE_FINAL_01
ciciot2023,A_raw,mlp_edl_both,42,Recon-OSScan,0.3732912723449001,3801,SAFE_FINAL_01
ciciot2023,A_raw,mlp_edl_both,42,Recon-PingSweep,0.16493416493416493,215,SAFE_FINAL_01
ciciot2023,A_raw,mlp_edl_both,42,Recon-PortScan,0.4632272228320527,3795,SAFE_FINAL_01
ciciot2023,A_raw,mlp_edl_both,42,SqlInjection,0.2848297213622291,499,SAFE_FINAL_01
ciciot2023,A_raw,mlp_edl_both,42,Uploading_Attack,0.06850084222346996,119,SAFE_FINAL_01
ciciot2023,A_raw,mlp_edl_both,42,VulnerabilityScan,0.9547290709012397,3560,SAFE_FINAL_01
ciciot2023,A_raw,mlp_edl_both,42,XSS,0.09422850412249706,366,SAFE_FINAL_01
ciciot2023,A_raw,rf,7,Backdoor_Malware,0.5658747300215983,306,SAFE_FINAL_01
ciciot2023,A_raw,rf,7,BenignTraffic,0.8114593535749265,3850,SAFE_FINAL_01
ciciot2023,A_raw,rf,7,BrowserHijacking,0.5898942420681551,558,SAFE_FINAL_01
ciciot2023,A_raw,rf,7,CommandInjection,0.7058823529411765,515,SAFE_FINAL_01
ciciot2023,A_raw,rf,7,DDoS-ACK_Fragmentation,0.9928928665438274,3814,SAFE_FINAL_01
ciciot2023,A_raw,rf,7,DDoS-HTTP_Flood,0.9917987971569163,2741,SAFE_FINAL_01
ciciot2023,A_raw,rf,7,DDoS-ICMP_Flood,0.9990719872729683,3775,SAFE_FINAL_01
ciciot2023,A_raw,rf,7,DDoS-ICMP_Fragmentation,0.9961907263890714,3813,SAFE_FINAL_01
ciciot2023,A_raw,rf,7,DDoS-PSHACK_Flood,0.9996053150901197,3802,SAFE_FINAL_01
ciciot2023,A_raw,rf,7,DDoS-RSTFINFlood,0.9990826890315817,3819,SAFE_FINAL_01
ciciot2023,A_raw,rf,7,DDoS-SYN_Flood,0.9988175009854159,3809,SAFE_FINAL_01
ciciot2023,A_raw,rf,7,DDoS-SlowLoris,0.9873530064344354,2231,SAFE_FINAL_01
ciciot2023,A_raw,rf,7,DDoS-SynonymousIP_Flood,0.9986921266021449,3825,SAFE_FINAL_01
ciciot2023,A_raw,rf,7,DDoS-TCP_Flood,0.9988224519167866,3825,SAFE_FINAL_01
ciciot2023,A_raw,rf,7,DDoS-UDP_Flood,0.9976315789473684,3806,SAFE_FINAL_01
ciciot2023,A_raw,rf,7,DDoS-UDP_Fragmentation,0.9929717544092296,3767,SAFE_FINAL_01
ciciot2023,A_raw,rf,7,DNS_Spoofing,0.7509752107713603,3816,SAFE_FINAL_01
ciciot2023,A_raw,rf,7,DictionaryBruteForce,0.6911231884057971,1244,SAFE_FINAL_01
ciciot2023,A_raw,rf,7,DoS-HTTP_Flood,0.9943487974766724,3800,SAFE_FINAL_01
ciciot2023,A_raw,rf,7,DoS-SYN_Flood,0.9985581334381963,3817,SAFE_FINAL_01
ciciot2023,A_raw,rf,7,DoS-TCP_Flood,0.999083409715857,3820,SAFE_FINAL_01
ciciot2023,A_raw,rf,7,DoS-UDP_Flood,0.9979052107881644,3822,SAFE_FINAL_01
ciciot2023,A_raw,rf,7,MITM-ArpSpoofing,0.8291694800810263,3838,SAFE_FINAL_01
ciciot2023,A_raw,rf,7,Mirai-greeth_flood,0.9963011889035667,3796,SAFE_FINAL_01
ciciot2023,A_raw,rf,7,Mirai-greip_flood,0.9964774951076321,3835,SAFE_FINAL_01
ciciot2023,A_raw,rf,7,Mirai-udpplain,0.9982883475971034,3802,SAFE_FINAL_01
ciciot2023,A_raw,rf,7,Recon-HostDiscovery,0.8111939386533056,3799,SAFE_FINAL_01
ciciot2023,A_raw,rf,7,Recon-OSScan,0.7053419083869275,3801,SAFE_FINAL_01
ciciot2023,A_raw,rf,7,Recon-PingSweep,0.4329896907216495,215,SAFE_FINAL_01
ciciot2023,A_raw,rf,7,Recon-PortScan,0.7249240121580547,3795,SAFE_FINAL_01
ciciot2023,A_raw,rf,7,SqlInjection,0.5737265415549598,499,SAFE_FINAL_01
ciciot2023,A_raw,rf,7,Uploading_Attack,0.6666666666666666,119,SAFE_FINAL_01
ciciot2023,A_raw,rf,7,VulnerabilityScan,0.9874581939799331,3560,SAFE_FINAL_01
ciciot2023,A_raw,rf,7,XSS,0.6590909090909091,366,SAFE_FINAL_01
ciciot2023,A_raw,lgbm,7,Backdoor_Malware,0.48312611012433393,306,SAFE_FINAL_01
ciciot2023,A_raw,lgbm,7,BenignTraffic,0.8382316001004773,3850,SAFE_FINAL_01
ciciot2023,A_raw,lgbm,7,BrowserHijacking,0.7149489322191273,558,SAFE_FINAL_01
ciciot2023,A_raw,lgbm,7,CommandInjection,0.6404715127701375,515,SAFE_FINAL_01
ciciot2023,A_raw,lgbm,7,DDoS-ACK_Fragmentation,0.999475478625754,3814,SAFE_FINAL_01
ciciot2023,A_raw,lgbm,7,DDoS-HTTP_Flood,0.997080291970803,2741,SAFE_FINAL_01
ciciot2023,A_raw,lgbm,7,DDoS-ICMP_Flood,0.99986753212346,3775,SAFE_FINAL_01
ciciot2023,A_raw,lgbm,7,DDoS-ICMP_Fragmentation,0.9998688868493509,3813,SAFE_FINAL_01
ciciot2023,A_raw,lgbm,7,DDoS-PSHACK_Flood,1.0,3802,SAFE_FINAL_01
ciciot2023,A_raw,lgbm,7,DDoS-RSTFINFlood,0.9997381513485205,3819,SAFE_FINAL_01
ciciot2023,A_raw,lgbm,7,DDoS-SYN_Flood,0.9993434011818779,3809,SAFE_FINAL_01
ciciot2023,A_raw,lgbm,7,DDoS-SlowLoris,0.9970884658454647,2231,SAFE_FINAL_01
ciciot2023,A_raw,lgbm,7,DDoS-SynonymousIP_Flood,0.9990850869167429,3825,SAFE_FINAL_01
ciciot2023,A_raw,lgbm,7,DDoS-TCP_Flood,0.9988236831786694,3825,SAFE_FINAL_01
ciciot2023,A_raw,lgbm,7,DDoS-UDP_Flood,0.9996059372126626,3806,SAFE_FINAL_01
ciciot2023,A_raw,lgbm,7,DDoS-UDP_Fragmentation,0.9996017522899243,3767,SAFE_FINAL_01
ciciot2023,A_raw,lgbm,7,DNS_Spoofing,0.7834378265412748,3816,SAFE_FINAL_01
ciciot2023,A_raw,lgbm,7,DictionaryBruteForce,0.7300710339384373,1244,SAFE_FINAL_01
ciciot2023,A_raw,lgbm,7,DoS-HTTP_Flood,0.9990790685436127,3800,SAFE_FINAL_01
ciciot2023,A_raw,lgbm,7,DoS-SYN_Flood,0.999475890985325,3817,SAFE_FINAL_01
ciciot2023,A_raw,lgbm,7,DoS-TCP_Flood,0.9993451211525868,3820,SAFE_FINAL_01
ciciot2023,A_raw,lgbm,7,DoS-UDP_Flood,0.999345977763244,3822,SAFE_FINAL_01
ciciot2023,A_raw,lgbm,7,MITM-ArpSpoofing,0.8603336921420882,3838,SAFE_FINAL_01
ciciot2023,A_raw,lgbm,7,Mirai-greeth_flood,0.9982865427705285,3796,SAFE_FINAL_01
ciciot2023,A_raw,lgbm,7,Mirai-greip_flood,0.9985671486257652,3835,SAFE_FINAL_01
ciciot2023,A_raw,lgbm,7,Mirai-udpplain,0.9998684729711956,3802,SAFE_FINAL_01
ciciot2023,A_raw,lgbm,7,Recon-HostDiscovery,0.867210778598264,3799,SAFE_FINAL_01
ciciot2023,A_raw,lgbm,7,Recon-OSScan,0.7511470985155195,3801,SAFE_FINAL_01
ciciot2023,A_raw,lgbm,7,Recon-PingSweep,0.5078534031413613,215,SAFE_FINAL_01
ciciot2023,A_raw,lgbm,7,Recon-PortScan,0.7627357885281663,3795,SAFE_FINAL_01
ciciot2023,A_raw,lgbm,7,SqlInjection,0.6237623762376238,499,SAFE_FINAL_01
ciciot2023,A_raw,lgbm,7,Uploading_Attack,0.2727272727272727,119,SAFE_FINAL_01
ciciot2023,A_raw,lgbm,7,VulnerabilityScan,0.9988757729061271,3560,SAFE_FINAL_01
ciciot2023,A_raw,lgbm,7,XSS,0.5157593123209169,366,SAFE_FINAL_01
ciciot2023,A_raw,mlp_softmax_en,7,Backdoor_Malware,0.2955665024630542,306,SAFE_FINAL_01
ciciot2023,A_raw,mlp_softmax_en,7,BenignTraffic,0.6708624708624709,3850,SAFE_FINAL_01
ciciot2023,A_raw,mlp_softmax_en,7,BrowserHijacking,0.35263835263835264,558,SAFE_FINAL_01
ciciot2023,A_raw,mlp_softmax_en,7,CommandInjection,0.2781456953642384,515,SAFE_FINAL_01
ciciot2023,A_raw,mlp_softmax_en,7,DDoS-ACK_Fragmentation,0.9869685402132421,3814,SAFE_FINAL_01
ciciot2023,A_raw,mlp_softmax_en,7,DDoS-HTTP_Flood,0.8914431673052363,2741,SAFE_FINAL_01
ciciot2023,A_raw,mlp_softmax_en,7,DDoS-ICMP_Flood,0.9990719872729683,3775,SAFE_FINAL_01
ciciot2023,A_raw,mlp_softmax_en,7,DDoS-ICMP_Fragmentation,0.9891763463569165,3813,SAFE_FINAL_01
ciciot2023,A_raw,mlp_softmax_en,7,DDoS-PSHACK_Flood,0.9992105263157894,3802,SAFE_FINAL_01
ciciot2023,A_raw,mlp_softmax_en,7,DDoS-RSTFINFlood,0.9990826890315817,3819,SAFE_FINAL_01
ciciot2023,A_raw,mlp_softmax_en,7,DDoS-SYN_Flood,0.7095273342497621,3809,SAFE_FINAL_01
ciciot2023,A_raw,mlp_softmax_en,7,DDoS-SlowLoris,0.9288684613701028,2231,SAFE_FINAL_01
ciciot2023,A_raw,mlp_softmax_en,7,DDoS-SynonymousIP_Flood,0.813707729468599,3825,SAFE_FINAL_01
ciciot2023,A_raw,mlp_softmax_en,7,DDoS-TCP_Flood,0.7914263953867914,3825,SAFE_FINAL_01
ciciot2023,A_raw,mlp_softmax_en,7,DDoS-UDP_Flood,0.8051333167206579,3806,SAFE_FINAL_01
ciciot2023,A_raw,mlp_softmax_en,7,DDoS-UDP_Fragmentation,0.9872442200372044,3767,SAFE_FINAL_01
ciciot2023,A_raw,mlp_softmax_en,7,DNS_Spoofing,0.5503778337531486,3816,SAFE_FINAL_01
ciciot2023,A_raw,mlp_softmax_en,7,DictionaryBruteForce,0.4102141680395387,1244,SAFE_FINAL_01
ciciot2023,A_raw,mlp_softmax_en,7,DoS-HTTP_Flood,0.9133483264982141,3800,SAFE_FINAL_01
ciciot2023,A_raw,mlp_softmax_en,7,DoS-SYN_Flood,0.6729689807976367,3817,SAFE_FINAL_01
ciciot2023,A_raw,mlp_softmax_en,7,DoS-TCP_Flood,0.684184595171621,3820,SAFE_FINAL_01
ciciot2023,A_raw,mlp_softmax_en,7,DoS-UDP_Flood,0.7828500069376995,3822,SAFE_FINAL_01
ciciot2023,A_raw,mlp_softmax_en,7,MITM-ArpSpoofing,0.6895648377237665,3838,SAFE_FINAL_01
ciciot2023,A_raw,mlp_softmax_en,7,Mirai-greeth_flood,0.6784570037165193,3796,SAFE_FINAL_01
ciciot2023,A_raw,mlp_softmax_en,7,Mirai-greip_flood,0.6606420285945509,3835,SAFE_FINAL_01
ciciot2023,A_raw,mlp_softmax_en,7,Mirai-udpplain,0.9974970359636411,3802,SAFE_FINAL_01
ciciot2023,A_raw,mlp_softmax_en,7,Recon-HostDiscovery,0.7106478427233144,3799,SAFE_FINAL_01
ciciot2023,A_raw,mlp_softmax_en,7,Recon-OSScan,0.3679630616231575,3801,SAFE_FINAL_01
ciciot2023,A_raw,mlp_softmax_en,7,Recon-PingSweep,0.16466346153846154,215,SAFE_FINAL_01
ciciot2023,A_raw,mlp_softmax_en,7,Recon-PortScan,0.5044599972553863,3795,SAFE_FINAL_01
ciciot2023,A_raw,mlp_softmax_en,7,SqlInjection,0.2800718132854578,499,SAFE_FINAL_01
ciciot2023,A_raw,mlp_softmax_en,7,Uploading_Attack,0.06456456456456457,119,SAFE_FINAL_01
ciciot2023,A_raw,mlp_softmax_en,7,VulnerabilityScan,0.9497804610318331,3560,SAFE_FINAL_01
ciciot2023,A_raw,mlp_softmax_en,7,XSS,0.10502793296089385,366,SAFE_FINAL_01
ciciot2023,A_raw,mlp_edl_both,7,Backdoor_Malware,0.27497062279670975,306,SAFE_FINAL_01
ciciot2023,A_raw,mlp_edl_both,7,BenignTraffic,0.6594682456751422,3850,SAFE_FINAL_01
ciciot2023,A_raw,mlp_edl_both,7,BrowserHijacking,0.3372164316370325,558,SAFE_FINAL_01
ciciot2023,A_raw,mlp_edl_both,7,CommandInjection,0.26147077309868005,515,SAFE_FINAL_01
ciciot2023,A_raw,mlp_edl_both,7,DDoS-ACK_Fragmentation,0.9879518072289156,3814,SAFE_FINAL_01
ciciot2023,A_raw,mlp_edl_both,7,DDoS-HTTP_Flood,0.8821685413977504,2741,SAFE_FINAL_01
ciciot2023,A_raw,mlp_edl_both,7,DDoS-ICMP_Flood,0.9990719872729683,3775,SAFE_FINAL_01
ciciot2023,A_raw,mlp_edl_both,7,DDoS-ICMP_Fragmentation,0.9896743447180302,3813,SAFE_FINAL_01
ciciot2023,A_raw,mlp_edl_both,7,DDoS-PSHACK_Flood,0.9984193888303478,3802,SAFE_FINAL_01
ciciot2023,A_raw,mlp_edl_both,7,DDoS-RSTFINFlood,0.998951507208388,3819,SAFE_FINAL_01
ciciot2023,A_raw,mlp_edl_both,7,DDoS-SYN_Flood,0.7154177951650116,3809,SAFE_FINAL_01
ciciot2023,A_raw,mlp_edl_both,7,DDoS-SlowLoris,0.9162841530054645,2231,SAFE_FINAL_01
ciciot2023,A_raw,mlp_edl_both,7,DDoS-SynonymousIP_Flood,0.8080593849416755,3825,SAFE_FINAL_01
ciciot2023,A_raw,mlp_edl_both,7,DDoS-TCP_Flood,0.792814635221512,3825,SAFE_FINAL_01
ciciot2023,A_raw,mlp_edl_both,7,DDoS-UDP_Flood,0.8087580405739733,3806,SAFE_FINAL_01
ciciot2023,A_raw,mlp_edl_both,7,DDoS-UDP_Fragmentation,0.9894399144499398,3767,SAFE_FINAL_01
ciciot2023,A_raw,mlp_edl_both,7,DNS_Spoofing,0.563328760859625,3816,SAFE_FINAL_01
ciciot2023,A_raw,mlp_edl_both,7,DictionaryBruteForce,0.3781547372776169,1244,SAFE_FINAL_01
ciciot2023,A_raw,mlp_edl_both,7,DoS-HTTP_Flood,0.9066843150231635,3800,SAFE_FINAL_01
ciciot2023,A_raw,mlp_edl_both,7,DoS-SYN_Flood,0.6679328901551124,3817,SAFE_FINAL_01
ciciot2023,A_raw,mlp_edl_both,7,DoS-TCP_Flood,0.6952319587628866,3820,SAFE_FINAL_01
ciciot2023,A_raw,mlp_edl_both,7,DoS-UDP_Flood,0.7836175566116858,3822,SAFE_FINAL_01
ciciot2023,A_raw,mlp_edl_both,7,MITM-ArpSpoofing,0.6790182106096595,3838,SAFE_FINAL_01
ciciot2023,A_raw,mlp_edl_both,7,Mirai-greeth_flood,0.5052337752965806,3796,SAFE_FINAL_01
ciciot2023,A_raw,mlp_edl_both,7,Mirai-greip_flood,0.6963087248322147,3835,SAFE_FINAL_01
ciciot2023,A_raw,mlp_edl_both,7,Mirai-udpplain,0.9968379446640316,3802,SAFE_FINAL_01
ciciot2023,A_raw,mlp_edl_both,7,Recon-HostDiscovery,0.7067072364069321,3799,SAFE_FINAL_01
ciciot2023,A_raw,mlp_edl_both,7,Recon-OSScan,0.34463176574977816,3801,SAFE_FINAL_01
ciciot2023,A_raw,mlp_edl_both,7,Recon-PingSweep,0.14285714285714285,215,SAFE_FINAL_01
ciciot2023,A_raw,mlp_edl_both,7,Recon-PortScan,0.48408564814814814,3795,SAFE_FINAL_01
ciciot2023,A_raw,mlp_edl_both,7,SqlInjection,0.2700617283950617,499,SAFE_FINAL_01
ciciot2023,A_raw,mlp_edl_both,7,Uploading_Attack,0.06577344701583435,119,SAFE_FINAL_01
ciciot2023,A_raw,mlp_edl_both,7,VulnerabilityScan,0.9488690884167238,3560,SAFE_FINAL_01
ciciot2023,A_raw,mlp_edl_both,7,XSS,0.05818181818181818,366,SAFE_FINAL_01
ciciot2023,A_raw,rf,13,Backdoor_Malware,0.596,306,SAFE_FINAL_01
ciciot2023,A_raw,rf,13,BenignTraffic,0.8092570036540804,3850,SAFE_FINAL_01
ciciot2023,A_raw,rf,13,BrowserHijacking,0.6071842410196987,558,SAFE_FINAL_01
ciciot2023,A_raw,rf,13,CommandInjection,0.7194570135746606,515,SAFE_FINAL_01
ciciot2023,A_raw,rf,13,DDoS-ACK_Fragmentation,0.9939505523408733,3814,SAFE_FINAL_01
ciciot2023,A_raw,rf,13,DDoS-HTTP_Flood,0.9914374202951357,2741,SAFE_FINAL_01
ciciot2023,A_raw,rf,13,DDoS-ICMP_Flood,0.9993374850934146,3775,SAFE_FINAL_01
ciciot2023,A_raw,rf,13,DDoS-ICMP_Fragmentation,0.9948704458766277,3813,SAFE_FINAL_01
ciciot2023,A_raw,rf,13,DDoS-PSHACK_Flood,0.9989473684210526,3802,SAFE_FINAL_01
ciciot2023,A_raw,rf,13,DDoS-RSTFINFlood,0.9994760282944721,3819,SAFE_FINAL_01
ciciot2023,A_raw,rf,13,DDoS-SYN_Flood,0.9988178116379877,3809,SAFE_FINAL_01
ciciot2023,A_raw,rf,13,DDoS-SlowLoris,0.9842746400885936,2231,SAFE_FINAL_01
ciciot2023,A_raw,rf,13,DDoS-SynonymousIP_Flood,0.9984297304370584,3825,SAFE_FINAL_01
ciciot2023,A_raw,rf,13,DDoS-TCP_Flood,0.9992150706436421,3825,SAFE_FINAL_01
ciciot2023,A_raw,rf,13,DDoS-UDP_Flood,0.9980260560600079,3806,SAFE_FINAL_01
ciciot2023,A_raw,rf,13,DDoS-UDP_Fragmentation,0.9932135728542915,3767,SAFE_FINAL_01
ciciot2023,A_raw,rf,13,DNS_Spoofing,0.768841679312089,3816,SAFE_FINAL_01
ciciot2023,A_raw,rf,13,DictionaryBruteForce,0.714751046998604,1244,SAFE_FINAL_01
ciciot2023,A_raw,rf,13,DoS-HTTP_Flood,0.9929208180388044,3800,SAFE_FINAL_01
ciciot2023,A_raw,rf,13,DoS-SYN_Flood,0.9971128608923885,3817,SAFE_FINAL_01
ciciot2023,A_raw,rf,13,DoS-TCP_Flood,0.9990829293855626,3820,SAFE_FINAL_01
ciciot2023,A_raw,rf,13,DoS-UDP_Flood,0.9973821989528796,3822,SAFE_FINAL_01
ciciot2023,A_raw,rf,13,MITM-ArpSpoofing,0.8332663720369626,3838,SAFE_FINAL_01
ciciot2023,A_raw,rf,13,Mirai-greeth_flood,0.9978891820580474,3796,SAFE_FINAL_01
ciciot2023,A_raw,rf,13,Mirai-greip_flood,0.9959482420598614,3835,SAFE_FINAL_01
ciciot2023,A_raw,rf,13,Mirai-udpplain,0.9981559536354057,3802,SAFE_FINAL_01
ciciot2023,A_raw,rf,13,Recon-HostDiscovery,0.8175146771037182,3799,SAFE_FINAL_01
ciciot2023,A_raw,rf,13,Recon-OSScan,0.7161594963273872,3801,SAFE_FINAL_01
ciciot2023,A_raw,rf,13,Recon-PingSweep,0.4318936877076412,215,SAFE_FINAL_01
ciciot2023,A_raw,rf,13,Recon-PortScan,0.73006993006993,3795,SAFE_FINAL_01
ciciot2023,A_raw,rf,13,SqlInjection,0.5868102288021534,499,SAFE_FINAL_01
ciciot2023,A_raw,rf,13,Uploading_Attack,0.6702702702702703,119,SAFE_FINAL_01
ciciot2023,A_raw,rf,13,VulnerabilityScan,0.9866555462885738,3560,SAFE_FINAL_01
ciciot2023,A_raw,rf,13,XSS,0.6494845360824743,366,SAFE_FINAL_01
ciciot2023,A_raw,lgbm,13,Backdoor_Malware,0.42657342657342656,306,SAFE_FINAL_01
ciciot2023,A_raw,lgbm,13,BenignTraffic,0.8329177057356608,3850,SAFE_FINAL_01
ciciot2023,A_raw,lgbm,13,BrowserHijacking,0.6961325966850829,558,SAFE_FINAL_01
ciciot2023,A_raw,lgbm,13,CommandInjection,0.6395348837209303,515,SAFE_FINAL_01
ciciot2023,A_raw,lgbm,13,DDoS-ACK_Fragmentation,0.9996065573770492,3814,SAFE_FINAL_01
ciciot2023,A_raw,lgbm,13,DDoS-HTTP_Flood,0.9972632731253421,2741,SAFE_FINAL_01
ciciot2023,A_raw,lgbm,13,DDoS-ICMP_Flood,0.9997351694915254,3775,SAFE_FINAL_01
ciciot2023,A_raw,lgbm,13,DDoS-ICMP_Fragmentation,0.9997376705141658,3813,SAFE_FINAL_01
ciciot2023,A_raw,lgbm,13,DDoS-PSHACK_Flood,0.9997369113391212,3802,SAFE_FINAL_01
ciciot2023,A_raw,lgbm,13,DDoS-RSTFINFlood,0.9998690928131955,3819,SAFE_FINAL_01
ciciot2023,A_raw,lgbm,13,DDoS-SYN_Flood,0.9996061441512406,3809,SAFE_FINAL_01
ciciot2023,A_raw,lgbm,13,DDoS-SlowLoris,0.9975341851602779,2231,SAFE_FINAL_01
ciciot2023,A_raw,lgbm,13,DDoS-SynonymousIP_Flood,0.9996078943928898,3825,SAFE_FINAL_01
ciciot2023,A_raw,lgbm,13,DDoS-TCP_Flood,0.9998692981309633,3825,SAFE_FINAL_01
ciciot2023,A_raw,lgbm,13,DDoS-UDP_Flood,0.9997372569626904,3806,SAFE_FINAL_01
ciciot2023,A_raw,lgbm,13,DDoS-UDP_Fragmentation,0.9997344662772172,3767,SAFE_FINAL_01
ciciot2023,A_raw,lgbm,13,DNS_Spoofing,0.7886402303363435,3816,SAFE_FINAL_01
ciciot2023,A_raw,lgbm,13,DictionaryBruteForce,0.7230889235569423,1244,SAFE_FINAL_01
ciciot2023,A_raw,lgbm,13,DoS-HTTP_Flood,0.9984206370097394,3800,SAFE_FINAL_01
ciciot2023,A_raw,lgbm,13,DoS-SYN_Flood,0.9998690242305174,3817,SAFE_FINAL_01
ciciot2023,A_raw,lgbm,13,DoS-TCP_Flood,0.9996071755925101,3820,SAFE_FINAL_01
ciciot2023,A_raw,lgbm,13,DoS-UDP_Flood,0.999738356881214,3822,SAFE_FINAL_01
ciciot2023,A_raw,lgbm,13,MITM-ArpSpoofing,0.86085442614169,3838,SAFE_FINAL_01
ciciot2023,A_raw,lgbm,13,Mirai-greeth_flood,0.9990780982483867,3796,SAFE_FINAL_01
ciciot2023,A_raw,lgbm,13,Mirai-greip_flood,0.9993480245142783,3835,SAFE_FINAL_01
ciciot2023,A_raw,lgbm,13,Mirai-udpplain,0.9997369805365597,3802,SAFE_FINAL_01
ciciot2023,A_raw,lgbm,13,Recon-HostDiscovery,0.8659847209633562,3799,SAFE_FINAL_01
ciciot2023,A_raw,lgbm,13,Recon-OSScan,0.7315057170409147,3801,SAFE_FINAL_01
ciciot2023,A_raw,lgbm,13,Recon-PingSweep,0.5508684863523573,215,SAFE_FINAL_01
ciciot2023,A_raw,lgbm,13,Recon-PortScan,0.7433673469387755,3795,SAFE_FINAL_01
ciciot2023,A_raw,lgbm,13,SqlInjection,0.5728952772073922,499,SAFE_FINAL_01
ciciot2023,A_raw,lgbm,13,Uploading_Attack,0.27225130890052357,119,SAFE_FINAL_01
ciciot2023,A_raw,lgbm,13,VulnerabilityScan,0.9988760887889857,3560,SAFE_FINAL_01
ciciot2023,A_raw,lgbm,13,XSS,0.4978038067349927,366,SAFE_FINAL_01
ciciot2023,A_raw,mlp_softmax_en,13,Backdoor_Malware,0.21044885945548197,306,SAFE_FINAL_01
ciciot2023,A_raw,mlp_softmax_en,13,BenignTraffic,0.6686025408348457,3850,SAFE_FINAL_01
ciciot2023,A_raw,mlp_softmax_en,13,BrowserHijacking,0.3589076723016905,558,SAFE_FINAL_01
ciciot2023,A_raw,mlp_softmax_en,13,CommandInjection,0.31085043988269795,515,SAFE_FINAL_01
ciciot2023,A_raw,mlp_softmax_en,13,DDoS-ACK_Fragmentation,0.9869890918648968,3814,SAFE_FINAL_01
ciciot2023,A_raw,mlp_softmax_en,13,DDoS-HTTP_Flood,0.8982482295937384,2741,SAFE_FINAL_01
ciciot2023,A_raw,mlp_softmax_en,13,DDoS-ICMP_Flood,0.9993374850934146,3775,SAFE_FINAL_01
ciciot2023,A_raw,mlp_softmax_en,13,DDoS-ICMP_Fragmentation,0.9882415114281939,3813,SAFE_FINAL_01
ciciot2023,A_raw,mlp_softmax_en,13,DDoS-PSHACK_Flood,0.9988159452703592,3802,SAFE_FINAL_01
ciciot2023,A_raw,mlp_softmax_en,13,DDoS-RSTFINFlood,0.9990831696136214,3819,SAFE_FINAL_01
ciciot2023,A_raw,mlp_softmax_en,13,DDoS-SYN_Flood,0.7114107466291004,3809,SAFE_FINAL_01
ciciot2023,A_raw,mlp_softmax_en,13,DDoS-SlowLoris,0.9296807592752373,2231,SAFE_FINAL_01
ciciot2023,A_raw,mlp_softmax_en,13,DDoS-SynonymousIP_Flood,0.8128993002738059,3825,SAFE_FINAL_01
ciciot2023,A_raw,mlp_softmax_en,13,DDoS-TCP_Flood,0.7939904885430177,3825,SAFE_FINAL_01
ciciot2023,A_raw,mlp_softmax_en,13,DDoS-UDP_Flood,0.81109141554824,3806,SAFE_FINAL_01
ciciot2023,A_raw,mlp_softmax_en,13,DDoS-UDP_Fragmentation,0.9865530555185728,3767,SAFE_FINAL_01
ciciot2023,A_raw,mlp_softmax_en,13,DNS_Spoofing,0.5652036627723398,3816,SAFE_FINAL_01
ciciot2023,A_raw,mlp_softmax_en,13,DictionaryBruteForce,0.3888677087304613,1244,SAFE_FINAL_01
ciciot2023,A_raw,mlp_softmax_en,13,DoS-HTTP_Flood,0.9182554191694959,3800,SAFE_FINAL_01
ciciot2023,A_raw,mlp_softmax_en,13,DoS-SYN_Flood,0.6710712600283153,3817,SAFE_FINAL_01
ciciot2023,A_raw,mlp_softmax_en,13,DoS-TCP_Flood,0.683477106834771,3820,SAFE_FINAL_01
ciciot2023,A_raw,mlp_softmax_en,13,DoS-UDP_Flood,0.7958628198149156,3822,SAFE_FINAL_01
ciciot2023,A_raw,mlp_softmax_en,13,MITM-ArpSpoofing,0.7002302379125096,3838,SAFE_FINAL_01
ciciot2023,A_raw,mlp_softmax_en,13,Mirai-greeth_flood,0.6647683714817654,3796,SAFE_FINAL_01
ciciot2023,A_raw,mlp_softmax_en,13,Mirai-greip_flood,0.49383932971907346,3835,SAFE_FINAL_01
ciciot2023,A_raw,mlp_softmax_en,13,Mirai-udpplain,0.9965762444034765,3802,SAFE_FINAL_01
ciciot2023,A_raw,mlp_softmax_en,13,Recon-HostDiscovery,0.7217355027117229,3799,SAFE_FINAL_01
ciciot2023,A_raw,mlp_softmax_en,13,Recon-OSScan,0.3852360515021459,3801,SAFE_FINAL_01
ciciot2023,A_raw,mlp_softmax_en,13,Recon-PingSweep,0.13716591023701463,215,SAFE_FINAL_01
ciciot2023,A_raw,mlp_softmax_en,13,Recon-PortScan,0.494128009395185,3795,SAFE_FINAL_01
ciciot2023,A_raw,mlp_softmax_en,13,SqlInjection,0.29261744966442954,499,SAFE_FINAL_01
ciciot2023,A_raw,mlp_softmax_en,13,Uploading_Attack,0.08846153846153847,119,SAFE_FINAL_01
ciciot2023,A_raw,mlp_softmax_en,13,VulnerabilityScan,0.9569444444444445,3560,SAFE_FINAL_01
ciciot2023,A_raw,mlp_softmax_en,13,XSS,0.1419068736141907,366,SAFE_FINAL_01
ciciot2023,A_raw,mlp_edl_both,13,Backdoor_Malware,0.21212121212121213,306,SAFE_FINAL_01
ciciot2023,A_raw,mlp_edl_both,13,BenignTraffic,0.6693915683755693,3850,SAFE_FINAL_01
ciciot2023,A_raw,mlp_edl_both,13,BrowserHijacking,0.33408071748878926,558,SAFE_FINAL_01
ciciot2023,A_raw,mlp_edl_both,13,CommandInjection,0.32106038291605304,515,SAFE_FINAL_01
ciciot2023,A_raw,mlp_edl_both,13,DDoS-ACK_Fragmentation,0.9887729494122309,3814,SAFE_FINAL_01
ciciot2023,A_raw,mlp_edl_both,13,DDoS-HTTP_Flood,0.8891743119266055,2741,SAFE_FINAL_01
ciciot2023,A_raw,mlp_edl_both,13,DDoS-ICMP_Flood,0.9993374850934146,3775,SAFE_FINAL_01
ciciot2023,A_raw,mlp_edl_both,13,DDoS-ICMP_Fragmentation,0.9879358345485881,3813,SAFE_FINAL_01
ciciot2023,A_raw,mlp_edl_both,13,DDoS-PSHACK_Flood,0.999078826161337,3802,SAFE_FINAL_01
ciciot2023,A_raw,mlp_edl_both,13,DDoS-RSTFINFlood,0.9993449495611162,3819,SAFE_FINAL_01
ciciot2023,A_raw,mlp_edl_both,13,DDoS-SYN_Flood,0.7085004009623096,3809,SAFE_FINAL_01
ciciot2023,A_raw,mlp_edl_both,13,DDoS-SlowLoris,0.9252638380357527,2231,SAFE_FINAL_01
ciciot2023,A_raw,mlp_edl_both,13,DDoS-SynonymousIP_Flood,0.8082631981637337,3825,SAFE_FINAL_01
ciciot2023,A_raw,mlp_edl_both,13,DDoS-TCP_Flood,0.802543580747725,3825,SAFE_FINAL_01
ciciot2023,A_raw,mlp_edl_both,13,DDoS-UDP_Flood,0.8110156644770086,3806,SAFE_FINAL_01
ciciot2023,A_raw,mlp_edl_both,13,DDoS-UDP_Fragmentation,0.9886196277948855,3767,SAFE_FINAL_01
ciciot2023,A_raw,mlp_edl_both,13,DNS_Spoofing,0.5588418430884184,3816,SAFE_FINAL_01
ciciot2023,A_raw,mlp_edl_both,13,DictionaryBruteForce,0.3916083916083916,1244,SAFE_FINAL_01
ciciot2023,A_raw,mlp_edl_both,13,DoS-HTTP_Flood,0.9118977907905244,3800,SAFE_FINAL_01
ciciot2023,A_raw,mlp_edl_both,13,DoS-SYN_Flood,0.6645689112649465,3817,SAFE_FINAL_01
ciciot2023,A_raw,mlp_edl_both,13,DoS-TCP_Flood,0.7058823529411765,3820,SAFE_FINAL_01
ciciot2023,A_raw,mlp_edl_both,13,DoS-UDP_Flood,0.7942139737991266,3822,SAFE_FINAL_01
ciciot2023,A_raw,mlp_edl_both,13,MITM-ArpSpoofing,0.6899860702677604,3838,SAFE_FINAL_01
ciciot2023,A_raw,mlp_edl_both,13,Mirai-greeth_flood,0.735727571898698,3796,SAFE_FINAL_01
ciciot2023,A_raw,mlp_edl_both,13,Mirai-greip_flood,0.7692864030858245,3835,SAFE_FINAL_01
ciciot2023,A_raw,mlp_edl_both,13,Mirai-udpplain,0.9955145118733509,3802,SAFE_FINAL_01
ciciot2023,A_raw,mlp_edl_both,13,Recon-HostDiscovery,0.7275711159737418,3799,SAFE_FINAL_01
ciciot2023,A_raw,mlp_edl_both,13,Recon-OSScan,0.3557382910260994,3801,SAFE_FINAL_01
ciciot2023,A_raw,mlp_edl_both,13,Recon-PingSweep,0.13151714419915453,215,SAFE_FINAL_01
ciciot2023,A_raw,mlp_edl_both,13,Recon-PortScan,0.45681925436526666,3795,SAFE_FINAL_01
ciciot2023,A_raw,mlp_edl_both,13,SqlInjection,0.2703619909502262,499,SAFE_FINAL_01
ciciot2023,A_raw,mlp_edl_both,13,Uploading_Attack,0.0803921568627451,119,SAFE_FINAL_01
ciciot2023,A_raw,mlp_edl_both,13,VulnerabilityScan,0.9575556477257017,3560,SAFE_FINAL_01
ciciot2023,A_raw,mlp_edl_both,13,XSS,0.09501466275659824,366,SAFE_FINAL_01
ciciot2023,A_raw,rf,21,Backdoor_Malware,0.5396145610278372,306,SAFE_FINAL_01
ciciot2023,A_raw,rf,21,BenignTraffic,0.8070942662779398,3850,SAFE_FINAL_01
ciciot2023,A_raw,rf,21,BrowserHijacking,0.6073546856465006,558,SAFE_FINAL_01
ciciot2023,A_raw,rf,21,CommandInjection,0.7012687427912342,515,SAFE_FINAL_01
ciciot2023,A_raw,rf,21,DDoS-ACK_Fragmentation,0.9940952630888334,3814,SAFE_FINAL_01
ciciot2023,A_raw,rf,21,DDoS-HTTP_Flood,0.9925059404130872,2741,SAFE_FINAL_01
ciciot2023,A_raw,rf,21,DDoS-ICMP_Flood,0.9994699178372648,3775,SAFE_FINAL_01
ciciot2023,A_raw,rf,21,DDoS-ICMP_Fragmentation,0.9946073918190188,3813,SAFE_FINAL_01
ciciot2023,A_raw,rf,21,DDoS-PSHACK_Flood,0.9994736842105263,3802,SAFE_FINAL_01
ciciot2023,A_raw,rf,21,DDoS-RSTFINFlood,0.998951507208388,3819,SAFE_FINAL_01
ciciot2023,A_raw,rf,21,DDoS-SYN_Flood,0.9988178116379877,3809,SAFE_FINAL_01
ciciot2023,A_raw,rf,21,DDoS-SlowLoris,0.9866903283052352,2231,SAFE_FINAL_01
ciciot2023,A_raw,rf,21,DDoS-SynonymousIP_Flood,0.9984309623430963,3825,SAFE_FINAL_01
ciciot2023,A_raw,rf,21,DDoS-TCP_Flood,0.9992152759612869,3825,SAFE_FINAL_01
ciciot2023,A_raw,rf,21,DDoS-UDP_Flood,0.9980260560600079,3806,SAFE_FINAL_01
ciciot2023,A_raw,rf,21,DDoS-UDP_Fragmentation,0.9944208289054197,3767,SAFE_FINAL_01
ciciot2023,A_raw,rf,21,DNS_Spoofing,0.7621827411167512,3816,SAFE_FINAL_01
ciciot2023,A_raw,rf,21,DictionaryBruteForce,0.7124153498871332,1244,SAFE_FINAL_01
ciciot2023,A_raw,rf,21,DoS-HTTP_Flood,0.9957994224205828,3800,SAFE_FINAL_01
ciciot2023,A_raw,rf,21,DoS-SYN_Flood,0.9967161434388546,3817,SAFE_FINAL_01
ciciot2023,A_raw,rf,21,DoS-TCP_Flood,0.9989517819706499,3820,SAFE_FINAL_01
ciciot2023,A_raw,rf,21,DoS-UDP_Flood,0.9977780682263756,3822,SAFE_FINAL_01
ciciot2023,A_raw,rf,21,MITM-ArpSpoofing,0.829683698296837,3838,SAFE_FINAL_01
ciciot2023,A_raw,rf,21,Mirai-greeth_flood,0.9973593873778717,3796,SAFE_FINAL_01
ciciot2023,A_raw,rf,21,Mirai-greip_flood,0.9963436928702011,3835,SAFE_FINAL_01
ciciot2023,A_raw,rf,21,Mirai-udpplain,0.9981569246972091,3802,SAFE_FINAL_01
ciciot2023,A_raw,rf,21,Recon-HostDiscovery,0.8160863168219715,3799,SAFE_FINAL_01
ciciot2023,A_raw,rf,21,Recon-OSScan,0.7063564279214871,3801,SAFE_FINAL_01
ciciot2023,A_raw,rf,21,Recon-PingSweep,0.4305555555555556,215,SAFE_FINAL_01
ciciot2023,A_raw,rf,21,Recon-PortScan,0.7251685107465344,3795,SAFE_FINAL_01
ciciot2023,A_raw,rf,21,SqlInjection,0.5902964959568733,499,SAFE_FINAL_01
ciciot2023,A_raw,rf,21,Uploading_Attack,0.7253886010362695,119,SAFE_FINAL_01
ciciot2023,A_raw,rf,21,VulnerabilityScan,0.9877675840978594,3560,SAFE_FINAL_01
ciciot2023,A_raw,rf,21,XSS,0.6514657980456026,366,SAFE_FINAL_01
ciciot2023,A_raw,lgbm,21,Backdoor_Malware,0.44876325088339225,306,SAFE_FINAL_01
ciciot2023,A_raw,lgbm,21,BenignTraffic,0.8359433258762118,3850,SAFE_FINAL_01
ciciot2023,A_raw,lgbm,21,BrowserHijacking,0.707981220657277,558,SAFE_FINAL_01
ciciot2023,A_raw,lgbm,21,CommandInjection,0.6170854271356784,515,SAFE_FINAL_01
ciciot2023,A_raw,lgbm,21,DDoS-ACK_Fragmentation,0.9994756161510225,3814,SAFE_FINAL_01
ciciot2023,A_raw,lgbm,21,DDoS-HTTP_Flood,0.9974443227455275,2741,SAFE_FINAL_01
ciciot2023,A_raw,lgbm,21,DDoS-ICMP_Flood,0.9996025963703802,3775,SAFE_FINAL_01
ciciot2023,A_raw,lgbm,21,DDoS-ICMP_Fragmentation,0.9992130115424974,3813,SAFE_FINAL_01
ciciot2023,A_raw,lgbm,21,DDoS-PSHACK_Flood,0.9998684729711956,3802,SAFE_FINAL_01
ciciot2023,A_raw,lgbm,21,DDoS-RSTFINFlood,0.9996071755925101,3819,SAFE_FINAL_01
ciciot2023,A_raw,lgbm,21,DDoS-SYN_Flood,0.999343573585401,3809,SAFE_FINAL_01
ciciot2023,A_raw,lgbm,21,DDoS-SlowLoris,0.9964109466128309,2231,SAFE_FINAL_01
ciciot2023,A_raw,lgbm,21,DDoS-SynonymousIP_Flood,0.9992156862745099,3825,SAFE_FINAL_01
ciciot2023,A_raw,lgbm,21,DDoS-TCP_Flood,0.9998692639560727,3825,SAFE_FINAL_01
ciciot2023,A_raw,lgbm,21,DDoS-UDP_Flood,0.9993428834275201,3806,SAFE_FINAL_01
ciciot2023,A_raw,lgbm,21,DDoS-UDP_Fragmentation,0.9998672507633081,3767,SAFE_FINAL_01
ciciot2023,A_raw,lgbm,21,DNS_Spoofing,0.7934711070159274,3816,SAFE_FINAL_01
ciciot2023,A_raw,lgbm,21,DictionaryBruteForce,0.7298355520751761,1244,SAFE_FINAL_01
ciciot2023,A_raw,lgbm,21,DoS-HTTP_Flood,0.9985520600236936,3800,SAFE_FINAL_01
ciciot2023,A_raw,lgbm,21,DoS-SYN_Flood,0.9993449495611162,3817,SAFE_FINAL_01
ciciot2023,A_raw,lgbm,21,DoS-TCP_Flood,1.0,3820,SAFE_FINAL_01
ciciot2023,A_raw,lgbm,21,DoS-UDP_Flood,0.9994769874476988,3822,SAFE_FINAL_01
ciciot2023,A_raw,lgbm,21,MITM-ArpSpoofing,0.8582149557759314,3838,SAFE_FINAL_01
ciciot2023,A_raw,lgbm,21,Mirai-greeth_flood,0.9994729907773386,3796,SAFE_FINAL_01
ciciot2023,A_raw,lgbm,21,Mirai-greip_flood,0.9994784876140809,3835,SAFE_FINAL_01
ciciot2023,A_raw,lgbm,21,Mirai-udpplain,1.0,3802,SAFE_FINAL_01
ciciot2023,A_raw,lgbm,21,Recon-HostDiscovery,0.8636422385937702,3799,SAFE_FINAL_01
ciciot2023,A_raw,lgbm,21,Recon-OSScan,0.7347772782999591,3801,SAFE_FINAL_01
ciciot2023,A_raw,lgbm,21,Recon-PingSweep,0.5501285347043702,215,SAFE_FINAL_01
ciciot2023,A_raw,lgbm,21,Recon-PortScan,0.7580272283585924,3795,SAFE_FINAL_01
ciciot2023,A_raw,lgbm,21,SqlInjection,0.6032388663967612,499,SAFE_FINAL_01
ciciot2023,A_raw,lgbm,21,Uploading_Attack,0.2711864406779661,119,SAFE_FINAL_01
ciciot2023,A_raw,lgbm,21,VulnerabilityScan,0.9977559607293127,3560,SAFE_FINAL_01
ciciot2023,A_raw,lgbm,21,XSS,0.512,366,SAFE_FINAL_01
ciciot2023,A_raw,mlp_softmax_en,21,Backdoor_Malware,0.2708757637474542,306,SAFE_FINAL_01
ciciot2023,A_raw,mlp_softmax_en,21,BenignTraffic,0.6770128354725787,3850,SAFE_FINAL_01
ciciot2023,A_raw,mlp_softmax_en,21,BrowserHijacking,0.3820853743876837,558,SAFE_FINAL_01
ciciot2023,A_raw,mlp_softmax_en,21,CommandInjection,0.31396786155747836,515,SAFE_FINAL_01
ciciot2023,A_raw,mlp_softmax_en,21,DDoS-ACK_Fragmentation,0.9896311851949074,3814,SAFE_FINAL_01
ciciot2023,A_raw,mlp_softmax_en,21,DDoS-HTTP_Flood,0.900187617260788,2741,SAFE_FINAL_01
ciciot2023,A_raw,mlp_softmax_en,21,DDoS-ICMP_Flood,0.9996024910560488,3775,SAFE_FINAL_01
ciciot2023,A_raw,mlp_softmax_en,21,DDoS-ICMP_Fragmentation,0.9863918615404941,3813,SAFE_FINAL_01
ciciot2023,A_raw,mlp_softmax_en,21,DDoS-PSHACK_Flood,0.9993421918168662,3802,SAFE_FINAL_01
ciciot2023,A_raw,mlp_softmax_en,21,DDoS-RSTFINFlood,0.9985588890344557,3819,SAFE_FINAL_01
ciciot2023,A_raw,mlp_softmax_en,21,DDoS-SYN_Flood,0.7124281826428788,3809,SAFE_FINAL_01
ciciot2023,A_raw,mlp_softmax_en,21,DDoS-SlowLoris,0.9350873409532025,2231,SAFE_FINAL_01
ciciot2023,A_raw,mlp_softmax_en,21,DDoS-SynonymousIP_Flood,0.8063975628332064,3825,SAFE_FINAL_01
ciciot2023,A_raw,mlp_softmax_en,21,DDoS-TCP_Flood,0.7988674725035392,3825,SAFE_FINAL_01
ciciot2023,A_raw,mlp_softmax_en,21,DDoS-UDP_Flood,0.7970544183724413,3806,SAFE_FINAL_01
ciciot2023,A_raw,mlp_softmax_en,21,DDoS-UDP_Fragmentation,0.9898963041744216,3767,SAFE_FINAL_01
ciciot2023,A_raw,mlp_softmax_en,21,DNS_Spoofing,0.5785958141606056,3816,SAFE_FINAL_01
ciciot2023,A_raw,mlp_softmax_en,21,DictionaryBruteForce,0.43338008415147267,1244,SAFE_FINAL_01
ciciot2023,A_raw,mlp_softmax_en,21,DoS-HTTP_Flood,0.9241001564945227,3800,SAFE_FINAL_01
ciciot2023,A_raw,mlp_softmax_en,21,DoS-SYN_Flood,0.6681318681318681,3817,SAFE_FINAL_01
ciciot2023,A_raw,mlp_softmax_en,21,DoS-TCP_Flood,0.6964227108631441,3820,SAFE_FINAL_01
ciciot2023,A_raw,mlp_softmax_en,21,DoS-UDP_Flood,0.7739082365948038,3822,SAFE_FINAL_01
ciciot2023,A_raw,mlp_softmax_en,21,MITM-ArpSpoofing,0.6991029344686027,3838,SAFE_FINAL_01
ciciot2023,A_raw,mlp_softmax_en,21,Mirai-greeth_flood,0.7351376905803096,3796,SAFE_FINAL_01
ciciot2023,A_raw,mlp_softmax_en,21,Mirai-greip_flood,0.6669624371487726,3835,SAFE_FINAL_01
ciciot2023,A_raw,mlp_softmax_en,21,Mirai-udpplain,0.9967100934333465,3802,SAFE_FINAL_01
ciciot2023,A_raw,mlp_softmax_en,21,Recon-HostDiscovery,0.7296426068675543,3799,SAFE_FINAL_01
ciciot2023,A_raw,mlp_softmax_en,21,Recon-OSScan,0.4345965770171149,3801,SAFE_FINAL_01
ciciot2023,A_raw,mlp_softmax_en,21,Recon-PingSweep,0.16899618805590852,215,SAFE_FINAL_01
ciciot2023,A_raw,mlp_softmax_en,21,Recon-PortScan,0.43347782594198064,3795,SAFE_FINAL_01
ciciot2023,A_raw,mlp_softmax_en,21,SqlInjection,0.28115770821027763,499,SAFE_FINAL_01
ciciot2023,A_raw,mlp_softmax_en,21,Uploading_Attack,0.07633587786259542,119,SAFE_FINAL_01
ciciot2023,A_raw,mlp_softmax_en,21,VulnerabilityScan,0.9606648199445983,3560,SAFE_FINAL_01
ciciot2023,A_raw,mlp_softmax_en,21,XSS,0.09198113207547169,366,SAFE_FINAL_01
ciciot2023,A_raw,mlp_edl_both,21,Backdoor_Malware,0.2402287893231649,306,SAFE_FINAL_01
ciciot2023,A_raw,mlp_edl_both,21,BenignTraffic,0.6668909825033648,3850,SAFE_FINAL_01
ciciot2023,A_raw,mlp_edl_both,21,BrowserHijacking,0.3518631643249847,558,SAFE_FINAL_01
ciciot2023,A_raw,mlp_edl_both,21,CommandInjection,0.30039525691699603,515,SAFE_FINAL_01
ciciot2023,A_raw,mlp_edl_both,21,DDoS-ACK_Fragmentation,0.9893153937475268,3814,SAFE_FINAL_01
ciciot2023,A_raw,mlp_edl_both,21,DDoS-HTTP_Flood,0.8973607038123167,2741,SAFE_FINAL_01
ciciot2023,A_raw,mlp_edl_both,21,DDoS-ICMP_Flood,0.9994699178372648,3775,SAFE_FINAL_01
ciciot2023,A_raw,mlp_edl_both,21,DDoS-ICMP_Fragmentation,0.9872645263995755,3813,SAFE_FINAL_01
ciciot2023,A_raw,mlp_edl_both,21,DDoS-PSHACK_Flood,0.9985524411106724,3802,SAFE_FINAL_01
ciciot2023,A_raw,mlp_edl_both,21,DDoS-RSTFINFlood,0.998951507208388,3819,SAFE_FINAL_01
ciciot2023,A_raw,mlp_edl_both,21,DDoS-SYN_Flood,0.7082025117739403,3809,SAFE_FINAL_01
ciciot2023,A_raw,mlp_edl_both,21,DDoS-SlowLoris,0.9187339606501284,2231,SAFE_FINAL_01
ciciot2023,A_raw,mlp_edl_both,21,DDoS-SynonymousIP_Flood,0.8014660965180208,3825,SAFE_FINAL_01
ciciot2023,A_raw,mlp_edl_both,21,DDoS-TCP_Flood,0.8033126293995859,3825,SAFE_FINAL_01
ciciot2023,A_raw,mlp_edl_both,21,DDoS-UDP_Flood,0.8031476075644117,3806,SAFE_FINAL_01
ciciot2023,A_raw,mlp_edl_both,21,DDoS-UDP_Fragmentation,0.9905092902018446,3767,SAFE_FINAL_01
ciciot2023,A_raw,mlp_edl_both,21,DNS_Spoofing,0.5564998426188228,3816,SAFE_FINAL_01
ciciot2023,A_raw,mlp_edl_both,21,DictionaryBruteForce,0.4094435075885329,1244,SAFE_FINAL_01
ciciot2023,A_raw,mlp_edl_both,21,DoS-HTTP_Flood,0.9171226478046176,3800,SAFE_FINAL_01
ciciot2023,A_raw,mlp_edl_both,21,DoS-SYN_Flood,0.6436144185287881,3817,SAFE_FINAL_01
ciciot2023,A_raw,mlp_edl_both,21,DoS-TCP_Flood,0.7024725724578352,3820,SAFE_FINAL_01
ciciot2023,A_raw,mlp_edl_both,21,DoS-UDP_Flood,0.7890953478909535,3822,SAFE_FINAL_01
ciciot2023,A_raw,mlp_edl_both,21,MITM-ArpSpoofing,0.6960725075528701,3838,SAFE_FINAL_01
ciciot2023,A_raw,mlp_edl_both,21,Mirai-greeth_flood,0.7517829674171445,3796,SAFE_FINAL_01
ciciot2023,A_raw,mlp_edl_both,21,Mirai-greip_flood,0.7728169708929452,3835,SAFE_FINAL_01
ciciot2023,A_raw,mlp_edl_both,21,Mirai-udpplain,0.9972321075523922,3802,SAFE_FINAL_01
ciciot2023,A_raw,mlp_edl_both,21,Recon-HostDiscovery,0.7253132156809915,3799,SAFE_FINAL_01
ciciot2023,A_raw,mlp_edl_both,21,Recon-OSScan,0.3341350601295097,3801,SAFE_FINAL_01
ciciot2023,A_raw,mlp_edl_both,21,Recon-PingSweep,0.15782828282828282,215,SAFE_FINAL_01
ciciot2023,A_raw,mlp_edl_both,21,Recon-PortScan,0.46653607574273587,3795,SAFE_FINAL_01
ciciot2023,A_raw,mlp_edl_both,21,SqlInjection,0.25432445067788684,499,SAFE_FINAL_01
ciciot2023,A_raw,mlp_edl_both,21,Uploading_Attack,0.07877892663712457,119,SAFE_FINAL_01
ciciot2023,A_raw,mlp_edl_both,21,VulnerabilityScan,0.9560240122853553,3560,SAFE_FINAL_01
ciciot2023,A_raw,mlp_edl_both,21,XSS,0.034722222222222224,366,SAFE_FINAL_01
ciciot2023,A_raw,rf,99,Backdoor_Malware,0.5548387096774193,306,SAFE_FINAL_01
ciciot2023,A_raw,rf,99,BenignTraffic,0.8047280183331323,3850,SAFE_FINAL_01
ciciot2023,A_raw,rf,99,BrowserHijacking,0.5952941176470589,558,SAFE_FINAL_01
ciciot2023,A_raw,rf,99,CommandInjection,0.6993006993006993,515,SAFE_FINAL_01
ciciot2023,A_raw,rf,99,DDoS-ACK_Fragmentation,0.9932991722506898,3814,SAFE_FINAL_01
ciciot2023,A_raw,rf,99,DDoS-HTTP_Flood,0.9945275446917183,2741,SAFE_FINAL_01
ciciot2023,A_raw,rf,99,DDoS-ICMP_Flood,0.9994699178372648,3775,SAFE_FINAL_01
ciciot2023,A_raw,rf,99,DDoS-ICMP_Fragmentation,0.9938198553583169,3813,SAFE_FINAL_01
ciciot2023,A_raw,rf,99,DDoS-PSHACK_Flood,0.9994738226782426,3802,SAFE_FINAL_01
ciciot2023,A_raw,rf,99,DDoS-RSTFINFlood,0.999607072691552,3819,SAFE_FINAL_01
ciciot2023,A_raw,rf,99,DDoS-SYN_Flood,0.9978986078276858,3809,SAFE_FINAL_01
ciciot2023,A_raw,rf,99,DDoS-SlowLoris,0.9851671463360637,2231,SAFE_FINAL_01
ciciot2023,A_raw,rf,99,DDoS-SynonymousIP_Flood,0.998037419861311,3825,SAFE_FINAL_01
ciciot2023,A_raw,rf,99,DDoS-TCP_Flood,0.9990846083431411,3825,SAFE_FINAL_01
ciciot2023,A_raw,rf,99,DDoS-UDP_Flood,0.9986852484880357,3806,SAFE_FINAL_01
ciciot2023,A_raw,rf,99,DDoS-UDP_Fragmentation,0.99414737962224,3767,SAFE_FINAL_01
ciciot2023,A_raw,rf,99,DNS_Spoofing,0.7597977243994943,3816,SAFE_FINAL_01
ciciot2023,A_raw,rf,99,DictionaryBruteForce,0.6853020739404869,1244,SAFE_FINAL_01
ciciot2023,A_raw,rf,99,DoS-HTTP_Flood,0.9947534102833159,3800,SAFE_FINAL_01
ciciot2023,A_raw,rf,99,DoS-SYN_Flood,0.9963235294117647,3817,SAFE_FINAL_01
ciciot2023,A_raw,rf,99,DoS-TCP_Flood,0.9975095032114301,3820,SAFE_FINAL_01
ciciot2023,A_raw,rf,99,DoS-UDP_Flood,0.9984301412872841,3822,SAFE_FINAL_01
ciciot2023,A_raw,rf,99,MITM-ArpSpoofing,0.8260986066452305,3838,SAFE_FINAL_01
ciciot2023,A_raw,rf,99,Mirai-greeth_flood,0.9976234486400845,3796,SAFE_FINAL_01
ciciot2023,A_raw,rf,99,Mirai-greip_flood,0.9962106363517574,3835,SAFE_FINAL_01
ciciot2023,A_raw,rf,99,Mirai-udpplain,0.9981574098446959,3802,SAFE_FINAL_01
ciciot2023,A_raw,rf,99,Recon-HostDiscovery,0.8041813540780357,3799,SAFE_FINAL_01
ciciot2023,A_raw,rf,99,Recon-OSScan,0.7026096171678368,3801,SAFE_FINAL_01
ciciot2023,A_raw,rf,99,Recon-PingSweep,0.2889733840304182,215,SAFE_FINAL_01
ciciot2023,A_raw,rf,99,Recon-PortScan,0.7221445813746665,3795,SAFE_FINAL_01
ciciot2023,A_raw,rf,99,SqlInjection,0.5454545454545454,499,SAFE_FINAL_01
ciciot2023,A_raw,rf,99,Uploading_Attack,0.6298342541436464,119,SAFE_FINAL_01
ciciot2023,A_raw,rf,99,VulnerabilityScan,0.988435279364637,3560,SAFE_FINAL_01
ciciot2023,A_raw,rf,99,XSS,0.6700167504187605,366,SAFE_FINAL_01
ciciot2023,A_raw,lgbm,99,Backdoor_Malware,0.4712041884816754,306,SAFE_FINAL_01
ciciot2023,A_raw,lgbm,99,BenignTraffic,0.8399652906904673,3850,SAFE_FINAL_01
ciciot2023,A_raw,lgbm,99,BrowserHijacking,0.7036688617121355,558,SAFE_FINAL_01
ciciot2023,A_raw,lgbm,99,CommandInjection,0.6135458167330677,515,SAFE_FINAL_01
ciciot2023,A_raw,lgbm,99,DDoS-ACK_Fragmentation,0.999737739312877,3814,SAFE_FINAL_01
ciciot2023,A_raw,lgbm,99,DDoS-HTTP_Flood,0.9974424552429667,2741,SAFE_FINAL_01
ciciot2023,A_raw,lgbm,99,DDoS-ICMP_Flood,0.9996024910560488,3775,SAFE_FINAL_01
ciciot2023,A_raw,lgbm,99,DDoS-ICMP_Fragmentation,0.9996066605480529,3813,SAFE_FINAL_01
ciciot2023,A_raw,lgbm,99,DDoS-PSHACK_Flood,1.0,3802,SAFE_FINAL_01
ciciot2023,A_raw,lgbm,99,DDoS-RSTFINFlood,0.9998690585308367,3819,SAFE_FINAL_01
ciciot2023,A_raw,lgbm,99,DDoS-SYN_Flood,0.9994747899159664,3809,SAFE_FINAL_01
ciciot2023,A_raw,lgbm,99,DDoS-SlowLoris,0.9973130317957905,2231,SAFE_FINAL_01
ciciot2023,A_raw,lgbm,99,DDoS-SynonymousIP_Flood,0.9998692639560727,3825,SAFE_FINAL_01
ciciot2023,A_raw,lgbm,99,DDoS-TCP_Flood,0.9992160961588712,3825,SAFE_FINAL_01
ciciot2023,A_raw,lgbm,99,DDoS-UDP_Flood,0.9997372569626904,3806,SAFE_FINAL_01
ciciot2023,A_raw,lgbm,99,DDoS-UDP_Fragmentation,0.9998672507633081,3767,SAFE_FINAL_01
ciciot2023,A_raw,lgbm,99,DNS_Spoofing,0.7996316274174451,3816,SAFE_FINAL_01
ciciot2023,A_raw,lgbm,99,DictionaryBruteForce,0.7306501547987616,1244,SAFE_FINAL_01
ciciot2023,A_raw,lgbm,99,DoS-HTTP_Flood,0.9986838641747828,3800,SAFE_FINAL_01
ciciot2023,A_raw,lgbm,99,DoS-SYN_Flood,0.9990836496923681,3817,SAFE_FINAL_01
ciciot2023,A_raw,lgbm,99,DoS-TCP_Flood,0.9990831696136214,3820,SAFE_FINAL_01
ciciot2023,A_raw,lgbm,99,DoS-UDP_Flood,0.999738356881214,3822,SAFE_FINAL_01
ciciot2023,A_raw,lgbm,99,MITM-ArpSpoofing,0.8637277234356157,3838,SAFE_FINAL_01
ciciot2023,A_raw,lgbm,99,Mirai-greeth_flood,0.9982874456593335,3796,SAFE_FINAL_01
ciciot2023,A_raw,lgbm,99,Mirai-greip_flood,0.9985664016681871,3835,SAFE_FINAL_01
ciciot2023,A_raw,lgbm,99,Mirai-udpplain,0.9997369113391212,3802,SAFE_FINAL_01
ciciot2023,A_raw,lgbm,99,Recon-HostDiscovery,0.8669339195654985,3799,SAFE_FINAL_01
ciciot2023,A_raw,lgbm,99,Recon-OSScan,0.7443487621097955,3801,SAFE_FINAL_01
ciciot2023,A_raw,lgbm,99,Recon-PingSweep,0.585,215,SAFE_FINAL_01
ciciot2023,A_raw,lgbm,99,Recon-PortScan,0.7502933889685748,3795,SAFE_FINAL_01
ciciot2023,A_raw,lgbm,99,SqlInjection,0.628632938643703,499,SAFE_FINAL_01
ciciot2023,A_raw,lgbm,99,Uploading_Attack,0.2871287128712871,119,SAFE_FINAL_01
ciciot2023,A_raw,lgbm,99,VulnerabilityScan,0.9990172680050541,3560,SAFE_FINAL_01
ciciot2023,A_raw,lgbm,99,XSS,0.4958904109589041,366,SAFE_FINAL_01
ciciot2023,A_raw,mlp_softmax_en,99,Backdoor_Malware,0.2534031413612565,306,SAFE_FINAL_01
ciciot2023,A_raw,mlp_softmax_en,99,BenignTraffic,0.6723763846066004,3850,SAFE_FINAL_01
ciciot2023,A_raw,mlp_softmax_en,99,BrowserHijacking,0.33716012084592145,558,SAFE_FINAL_01
ciciot2023,A_raw,mlp_softmax_en,99,CommandInjection,0.33615477629987905,515,SAFE_FINAL_01
ciciot2023,A_raw,mlp_softmax_en,99,DDoS-ACK_Fragmentation,0.9878851725046089,3814,SAFE_FINAL_01
ciciot2023,A_raw,mlp_softmax_en,99,DDoS-HTTP_Flood,0.9022013713460845,2741,SAFE_FINAL_01
ciciot2023,A_raw,mlp_softmax_en,99,DDoS-ICMP_Flood,0.9996024910560488,3775,SAFE_FINAL_01
ciciot2023,A_raw,mlp_softmax_en,99,DDoS-ICMP_Fragmentation,0.9875463698993111,3813,SAFE_FINAL_01
ciciot2023,A_raw,mlp_softmax_en,99,DDoS-PSHACK_Flood,0.9992109416096792,3802,SAFE_FINAL_01
ciciot2023,A_raw,mlp_softmax_en,99,DDoS-RSTFINFlood,0.999607072691552,3819,SAFE_FINAL_01
ciciot2023,A_raw,mlp_softmax_en,99,DDoS-SYN_Flood,0.7122513089005236,3809,SAFE_FINAL_01
ciciot2023,A_raw,mlp_softmax_en,99,DDoS-SlowLoris,0.9256410256410257,2231,SAFE_FINAL_01
ciciot2023,A_raw,mlp_softmax_en,99,DDoS-SynonymousIP_Flood,0.7994433276635226,3825,SAFE_FINAL_01
ciciot2023,A_raw,mlp_softmax_en,99,DDoS-TCP_Flood,0.7224855186940495,3825,SAFE_FINAL_01
ciciot2023,A_raw,mlp_softmax_en,99,DDoS-UDP_Flood,0.7925897136934836,3806,SAFE_FINAL_01
ciciot2023,A_raw,mlp_softmax_en,99,DDoS-UDP_Fragmentation,0.986971550119649,3767,SAFE_FINAL_01
ciciot2023,A_raw,mlp_softmax_en,99,DNS_Spoofing,0.5835069961298005,3816,SAFE_FINAL_01
ciciot2023,A_raw,mlp_softmax_en,99,DictionaryBruteForce,0.448689138576779,1244,SAFE_FINAL_01
ciciot2023,A_raw,mlp_softmax_en,99,DoS-HTTP_Flood,0.9209512421947655,3800,SAFE_FINAL_01
ciciot2023,A_raw,mlp_softmax_en,99,DoS-SYN_Flood,0.6712569586873718,3817,SAFE_FINAL_01
ciciot2023,A_raw,mlp_softmax_en,99,DoS-TCP_Flood,0.7240526110170595,3820,SAFE_FINAL_01
ciciot2023,A_raw,mlp_softmax_en,99,DoS-UDP_Flood,0.7870419543281997,3822,SAFE_FINAL_01
ciciot2023,A_raw,mlp_softmax_en,99,MITM-ArpSpoofing,0.7024743512371756,3838,SAFE_FINAL_01
ciciot2023,A_raw,mlp_softmax_en,99,Mirai-greeth_flood,0.6549786468869409,3796,SAFE_FINAL_01
ciciot2023,A_raw,mlp_softmax_en,99,Mirai-greip_flood,0.5106180665610143,3835,SAFE_FINAL_01
ciciot2023,A_raw,mlp_softmax_en,99,Mirai-udpplain,0.9964469009080142,3802,SAFE_FINAL_01
ciciot2023,A_raw,mlp_softmax_en,99,Recon-HostDiscovery,0.7342647669110527,3799,SAFE_FINAL_01
ciciot2023,A_raw,mlp_softmax_en,99,Recon-OSScan,0.3869078380706288,3801,SAFE_FINAL_01
ciciot2023,A_raw,mlp_softmax_en,99,Recon-PingSweep,0.17986164488854728,215,SAFE_FINAL_01
ciciot2023,A_raw,mlp_softmax_en,99,Recon-PortScan,0.475180574765637,3795,SAFE_FINAL_01
ciciot2023,A_raw,mlp_softmax_en,99,SqlInjection,0.2964071856287425,499,SAFE_FINAL_01
ciciot2023,A_raw,mlp_softmax_en,99,Uploading_Attack,0.07061163600198907,119,SAFE_FINAL_01
ciciot2023,A_raw,mlp_softmax_en,99,VulnerabilityScan,0.958984375,3560,SAFE_FINAL_01
ciciot2023,A_raw,mlp_softmax_en,99,XSS,0.11342155009451796,366,SAFE_FINAL_01
ciciot2023,A_raw,mlp_edl_both,99,Backdoor_Malware,0.2323943661971831,306,SAFE_FINAL_01
ciciot2023,A_raw,mlp_edl_both,99,BenignTraffic,0.6699375557537912,3850,SAFE_FINAL_01
ciciot2023,A_raw,mlp_edl_both,99,BrowserHijacking,0.34282178217821785,558,SAFE_FINAL_01
ciciot2023,A_raw,mlp_edl_both,99,CommandInjection,0.32531500572737687,515,SAFE_FINAL_01
ciciot2023,A_raw,mlp_edl_both,99,DDoS-ACK_Fragmentation,0.9883720930232558,3814,SAFE_FINAL_01
ciciot2023,A_raw,mlp_edl_both,99,DDoS-HTTP_Flood,0.8967017035157666,2741,SAFE_FINAL_01
ciciot2023,A_raw,mlp_edl_both,99,DDoS-ICMP_Flood,0.9993373094764745,3775,SAFE_FINAL_01
ciciot2023,A_raw,mlp_edl_both,99,DDoS-ICMP_Fragmentation,0.9871506159756259,3813,SAFE_FINAL_01
ciciot2023,A_raw,mlp_edl_both,99,DDoS-PSHACK_Flood,0.998421052631579,3802,SAFE_FINAL_01
ciciot2023,A_raw,mlp_edl_both,99,DDoS-RSTFINFlood,0.999607072691552,3819,SAFE_FINAL_01
ciciot2023,A_raw,mlp_edl_both,99,DDoS-SYN_Flood,0.7142999900069951,3809,SAFE_FINAL_01
ciciot2023,A_raw,mlp_edl_both,99,DDoS-SlowLoris,0.92573402417962,2231,SAFE_FINAL_01
ciciot2023,A_raw,mlp_edl_both,99,DDoS-SynonymousIP_Flood,0.8052187260168842,3825,SAFE_FINAL_01
ciciot2023,A_raw,mlp_edl_both,99,DDoS-TCP_Flood,0.774390243902439,3825,SAFE_FINAL_01
ciciot2023,A_raw,mlp_edl_both,99,DDoS-UDP_Flood,0.7898579583167397,3806,SAFE_FINAL_01
ciciot2023,A_raw,mlp_edl_both,99,DDoS-UDP_Fragmentation,0.9900910551687199,3767,SAFE_FINAL_01
ciciot2023,A_raw,mlp_edl_both,99,DNS_Spoofing,0.5711659261529033,3816,SAFE_FINAL_01
ciciot2023,A_raw,mlp_edl_both,99,DictionaryBruteForce,0.41781874039938555,1244,SAFE_FINAL_01
ciciot2023,A_raw,mlp_edl_both,99,DoS-HTTP_Flood,0.9172432144757849,3800,SAFE_FINAL_01
ciciot2023,A_raw,mlp_edl_both,99,DoS-SYN_Flood,0.6652944901836605,3817,SAFE_FINAL_01
ciciot2023,A_raw,mlp_edl_both,99,DoS-TCP_Flood,0.7127218934911242,3820,SAFE_FINAL_01
ciciot2023,A_raw,mlp_edl_both,99,DoS-UDP_Flood,0.7933755983956527,3822,SAFE_FINAL_01
ciciot2023,A_raw,mlp_edl_both,99,MITM-ArpSpoofing,0.6907060953530477,3838,SAFE_FINAL_01
ciciot2023,A_raw,mlp_edl_both,99,Mirai-greeth_flood,0.7220851326341764,3796,SAFE_FINAL_01
ciciot2023,A_raw,mlp_edl_both,99,Mirai-greip_flood,0.7882661796598561,3835,SAFE_FINAL_01
ciciot2023,A_raw,mlp_edl_both,99,Mirai-udpplain,0.9968379446640316,3802,SAFE_FINAL_01
ciciot2023,A_raw,mlp_edl_both,99,Recon-HostDiscovery,0.7251210328133405,3799,SAFE_FINAL_01
ciciot2023,A_raw,mlp_edl_both,99,Recon-OSScan,0.3407678244972578,3801,SAFE_FINAL_01
ciciot2023,A_raw,mlp_edl_both,99,Recon-PingSweep,0.16,215,SAFE_FINAL_01
ciciot2023,A_raw,mlp_edl_both,99,Recon-PortScan,0.463673214842532,3795,SAFE_FINAL_01
ciciot2023,A_raw,mlp_edl_both,99,SqlInjection,0.26666666666666666,499,SAFE_FINAL_01
ciciot2023,A_raw,mlp_edl_both,99,Uploading_Attack,0.06561461794019934,119,SAFE_FINAL_01
ciciot2023,A_raw,mlp_edl_both,99,VulnerabilityScan,0.9577425632471505,3560,SAFE_FINAL_01
ciciot2023,A_raw,mlp_edl_both,99,XSS,0.0482897384305835,366,SAFE_FINAL_01
ciciot2023,D_strict,rf,42,Backdoor_Malware,0.5245202558635395,306,SAFE_FINAL_01
ciciot2023,D_strict,rf,42,BenignTraffic,0.8034001214329083,3850,SAFE_FINAL_01
ciciot2023,D_strict,rf,42,BrowserHijacking,0.6007067137809188,558,SAFE_FINAL_01
ciciot2023,D_strict,rf,42,CommandInjection,0.7170675830469645,515,SAFE_FINAL_01
ciciot2023,D_strict,rf,42,DDoS-ACK_Fragmentation,0.9954026008143965,3814,SAFE_FINAL_01
ciciot2023,D_strict,rf,42,DDoS-HTTP_Flood,0.9943461608608426,2741,SAFE_FINAL_01
ciciot2023,D_strict,rf,42,DDoS-ICMP_Flood,0.9993373094764745,3775,SAFE_FINAL_01
ciciot2023,D_strict,rf,42,DDoS-ICMP_Fragmentation,0.9943398710017112,3813,SAFE_FINAL_01
ciciot2023,D_strict,rf,42,DDoS-PSHACK_Flood,0.9992103185048697,3802,SAFE_FINAL_01
ciciot2023,D_strict,rf,42,DDoS-RSTFINFlood,0.9994760282944721,3819,SAFE_FINAL_01
ciciot2023,D_strict,rf,42,DDoS-SYN_Flood,0.9985543435405441,3809,SAFE_FINAL_01
ciciot2023,D_strict,rf,42,DDoS-SlowLoris,0.988005330964016,2231,SAFE_FINAL_01
ciciot2023,D_strict,rf,42,DDoS-SynonymousIP_Flood,0.9986917844060701,3825,SAFE_FINAL_01
ciciot2023,D_strict,rf,42,DDoS-TCP_Flood,0.9998692981309633,3825,SAFE_FINAL_01
ciciot2023,D_strict,rf,42,DDoS-UDP_Flood,0.998421052631579,3806,SAFE_FINAL_01
ciciot2023,D_strict,rf,42,DDoS-UDP_Fragmentation,0.9946879150066401,3767,SAFE_FINAL_01
ciciot2023,D_strict,rf,42,DNS_Spoofing,0.7580893682588598,3816,SAFE_FINAL_01
ciciot2023,D_strict,rf,42,DictionaryBruteForce,0.7024567788898999,1244,SAFE_FINAL_01
ciciot2023,D_strict,rf,42,DoS-HTTP_Flood,0.9951475409836066,3800,SAFE_FINAL_01
ciciot2023,D_strict,rf,42,DoS-SYN_Flood,0.997900813434794,3817,SAFE_FINAL_01
ciciot2023,D_strict,rf,42,DoS-TCP_Flood,0.9986893840104849,3820,SAFE_FINAL_01
ciciot2023,D_strict,rf,42,DoS-UDP_Flood,0.9973828840617639,3822,SAFE_FINAL_01
ciciot2023,D_strict,rf,42,MITM-ArpSpoofing,0.8264065214486168,3838,SAFE_FINAL_01
ciciot2023,D_strict,rf,42,Mirai-greeth_flood,0.9972277227722772,3796,SAFE_FINAL_01
ciciot2023,D_strict,rf,42,Mirai-greip_flood,0.9962126159070132,3835,SAFE_FINAL_01
ciciot2023,D_strict,rf,42,Mirai-udpplain,0.9985532026831514,3802,SAFE_FINAL_01
ciciot2023,D_strict,rf,42,Recon-HostDiscovery,0.8073194377120698,3799,SAFE_FINAL_01
ciciot2023,D_strict,rf,42,Recon-OSScan,0.7103782227457139,3801,SAFE_FINAL_01
ciciot2023,D_strict,rf,42,Recon-PingSweep,0.4181184668989547,215,SAFE_FINAL_01
ciciot2023,D_strict,rf,42,Recon-PortScan,0.728382502543235,3795,SAFE_FINAL_01
ciciot2023,D_strict,rf,42,SqlInjection,0.565880721220527,499,SAFE_FINAL_01
ciciot2023,D_strict,rf,42,Uploading_Attack,0.6910994764397905,119,SAFE_FINAL_01
ciciot2023,D_strict,rf,42,VulnerabilityScan,0.9878981777715955,3560,SAFE_FINAL_01
ciciot2023,D_strict,rf,42,XSS,0.6566666666666666,366,SAFE_FINAL_01
ciciot2023,D_strict,lgbm,42,Backdoor_Malware,0.381651376146789,306,SAFE_FINAL_01
ciciot2023,D_strict,lgbm,42,BenignTraffic,0.8304766670836983,3850,SAFE_FINAL_01
ciciot2023,D_strict,lgbm,42,BrowserHijacking,0.7054545454545454,558,SAFE_FINAL_01
ciciot2023,D_strict,lgbm,42,CommandInjection,0.6047846889952153,515,SAFE_FINAL_01
ciciot2023,D_strict,lgbm,42,DDoS-ACK_Fragmentation,0.9998688868493509,3814,SAFE_FINAL_01
ciciot2023,D_strict,lgbm,42,DDoS-HTTP_Flood,0.9978110178766874,2741,SAFE_FINAL_01
ciciot2023,D_strict,lgbm,42,DDoS-ICMP_Flood,0.9994701986754967,3775,SAFE_FINAL_01
ciciot2023,D_strict,lgbm,42,DDoS-ICMP_Fragmentation,0.9993440902531812,3813,SAFE_FINAL_01
ciciot2023,D_strict,lgbm,42,DDoS-PSHACK_Flood,0.9997369113391212,3802,SAFE_FINAL_01
ciciot2023,D_strict,lgbm,42,DDoS-RSTFINFlood,1.0,3819,SAFE_FINAL_01
ciciot2023,D_strict,lgbm,42,DDoS-SYN_Flood,0.9988196721311475,3809,SAFE_FINAL_01
ciciot2023,D_strict,lgbm,42,DDoS-SlowLoris,0.9975341851602779,2231,SAFE_FINAL_01
ciciot2023,D_strict,lgbm,42,DDoS-SynonymousIP_Flood,0.9990846083431411,3825,SAFE_FINAL_01
ciciot2023,D_strict,lgbm,42,DDoS-TCP_Flood,0.9993461488165294,3825,SAFE_FINAL_01
ciciot2023,D_strict,lgbm,42,DDoS-UDP_Flood,0.9997371879106439,3806,SAFE_FINAL_01
ciciot2023,D_strict,lgbm,42,DDoS-UDP_Fragmentation,1.0,3767,SAFE_FINAL_01
ciciot2023,D_strict,lgbm,42,DNS_Spoofing,0.795123244102836,3816,SAFE_FINAL_01
ciciot2023,D_strict,lgbm,42,DictionaryBruteForce,0.7408844065166796,1244,SAFE_FINAL_01
ciciot2023,D_strict,lgbm,42,DoS-HTTP_Flood,0.9981574098446959,3800,SAFE_FINAL_01
ciciot2023,D_strict,lgbm,42,DoS-SYN_Flood,0.9992138364779874,3817,SAFE_FINAL_01
ciciot2023,D_strict,lgbm,42,DoS-TCP_Flood,0.9988224519167866,3820,SAFE_FINAL_01
ciciot2023,D_strict,lgbm,42,DoS-UDP_Flood,0.999345806620437,3822,SAFE_FINAL_01
ciciot2023,D_strict,lgbm,42,MITM-ArpSpoofing,0.8646616541353384,3838,SAFE_FINAL_01
ciciot2023,D_strict,lgbm,42,Mirai-greeth_flood,0.9985505336671499,3796,SAFE_FINAL_01
ciciot2023,D_strict,lgbm,42,Mirai-greip_flood,0.998696558915537,3835,SAFE_FINAL_01
ciciot2023,D_strict,lgbm,42,Mirai-udpplain,0.9998685075608152,3802,SAFE_FINAL_01
ciciot2023,D_strict,lgbm,42,Recon-HostDiscovery,0.8654864969634319,3799,SAFE_FINAL_01
ciciot2023,D_strict,lgbm,42,Recon-OSScan,0.7285830840358988,3801,SAFE_FINAL_01
ciciot2023,D_strict,lgbm,42,Recon-PingSweep,0.4708860759493671,215,SAFE_FINAL_01
ciciot2023,D_strict,lgbm,42,Recon-PortScan,0.7498718605843158,3795,SAFE_FINAL_01
ciciot2023,D_strict,lgbm,42,SqlInjection,0.6273726273726273,499,SAFE_FINAL_01
ciciot2023,D_strict,lgbm,42,Uploading_Attack,0.20618556701030927,119,SAFE_FINAL_01
ciciot2023,D_strict,lgbm,42,VulnerabilityScan,0.9990167158308751,3560,SAFE_FINAL_01
ciciot2023,D_strict,lgbm,42,XSS,0.49226441631504925,366,SAFE_FINAL_01
ciciot2023,D_strict,mlp_softmax_en,42,Backdoor_Malware,0.23000898472596587,306,SAFE_FINAL_01
ciciot2023,D_strict,mlp_softmax_en,42,BenignTraffic,0.6860113650102768,3850,SAFE_FINAL_01
ciciot2023,D_strict,mlp_softmax_en,42,BrowserHijacking,0.32996632996632996,558,SAFE_FINAL_01
ciciot2023,D_strict,mlp_softmax_en,42,CommandInjection,0.3096085409252669,515,SAFE_FINAL_01
ciciot2023,D_strict,mlp_softmax_en,42,DDoS-ACK_Fragmentation,0.98698224852071,3814,SAFE_FINAL_01
ciciot2023,D_strict,mlp_softmax_en,42,DDoS-HTTP_Flood,0.9017531044558071,2741,SAFE_FINAL_01
ciciot2023,D_strict,mlp_softmax_en,42,DDoS-ICMP_Flood,0.9992048767558972,3775,SAFE_FINAL_01
ciciot2023,D_strict,mlp_softmax_en,42,DDoS-ICMP_Fragmentation,0.9865328756271455,3813,SAFE_FINAL_01
ciciot2023,D_strict,mlp_softmax_en,42,DDoS-PSHACK_Flood,0.9984218832193582,3802,SAFE_FINAL_01
ciciot2023,D_strict,mlp_softmax_en,42,DDoS-RSTFINFlood,0.9994760282944721,3819,SAFE_FINAL_01
ciciot2023,D_strict,mlp_softmax_en,42,DDoS-SYN_Flood,0.6953873914514492,3809,SAFE_FINAL_01
ciciot2023,D_strict,mlp_softmax_en,42,DDoS-SlowLoris,0.9301414581066376,2231,SAFE_FINAL_01
ciciot2023,D_strict,mlp_softmax_en,42,DDoS-SynonymousIP_Flood,0.810451593414892,3825,SAFE_FINAL_01
ciciot2023,D_strict,mlp_softmax_en,42,DDoS-TCP_Flood,0.7945296128818793,3825,SAFE_FINAL_01
ciciot2023,D_strict,mlp_softmax_en,42,DDoS-UDP_Flood,0.7762632520996833,3806,SAFE_FINAL_01
ciciot2023,D_strict,mlp_softmax_en,42,DDoS-UDP_Fragmentation,0.9916011198506866,3767,SAFE_FINAL_01
ciciot2023,D_strict,mlp_softmax_en,42,DNS_Spoofing,0.5532786885245902,3816,SAFE_FINAL_01
ciciot2023,D_strict,mlp_softmax_en,42,DictionaryBruteForce,0.442505453412278,1244,SAFE_FINAL_01
ciciot2023,D_strict,mlp_softmax_en,42,DoS-HTTP_Flood,0.9248646507328667,3800,SAFE_FINAL_01
ciciot2023,D_strict,mlp_softmax_en,42,DoS-SYN_Flood,0.6716539717083787,3817,SAFE_FINAL_01
ciciot2023,D_strict,mlp_softmax_en,42,DoS-TCP_Flood,0.6988572348301948,3820,SAFE_FINAL_01
ciciot2023,D_strict,mlp_softmax_en,42,DoS-UDP_Flood,0.7947368421052632,3822,SAFE_FINAL_01
ciciot2023,D_strict,mlp_softmax_en,42,MITM-ArpSpoofing,0.7053282307918752,3838,SAFE_FINAL_01
ciciot2023,D_strict,mlp_softmax_en,42,Mirai-greeth_flood,0.7354163460058488,3796,SAFE_FINAL_01
ciciot2023,D_strict,mlp_softmax_en,42,Mirai-greip_flood,0.8010087116001834,3835,SAFE_FINAL_01
ciciot2023,D_strict,mlp_softmax_en,42,Mirai-udpplain,0.9967144171376002,3802,SAFE_FINAL_01
ciciot2023,D_strict,mlp_softmax_en,42,Recon-HostDiscovery,0.7285673597265736,3799,SAFE_FINAL_01
ciciot2023,D_strict,mlp_softmax_en,42,Recon-OSScan,0.43730108211330365,3801,SAFE_FINAL_01
ciciot2023,D_strict,mlp_softmax_en,42,Recon-PingSweep,0.1821138211382114,215,SAFE_FINAL_01
ciciot2023,D_strict,mlp_softmax_en,42,Recon-PortScan,0.48149300155520997,3795,SAFE_FINAL_01
ciciot2023,D_strict,mlp_softmax_en,42,SqlInjection,0.2911813643926789,499,SAFE_FINAL_01
ciciot2023,D_strict,mlp_softmax_en,42,Uploading_Attack,0.07460732984293193,119,SAFE_FINAL_01
ciciot2023,D_strict,mlp_softmax_en,42,VulnerabilityScan,0.9555739514348786,3560,SAFE_FINAL_01
ciciot2023,D_strict,mlp_softmax_en,42,XSS,0.148479427549195,366,SAFE_FINAL_01
ciciot2023,D_strict,mlp_edl_both,42,Backdoor_Malware,0.21451104100946372,306,SAFE_FINAL_01
ciciot2023,D_strict,mlp_edl_both,42,BenignTraffic,0.6744661517492049,3850,SAFE_FINAL_01
ciciot2023,D_strict,mlp_edl_both,42,BrowserHijacking,0.3003823047515019,558,SAFE_FINAL_01
ciciot2023,D_strict,mlp_edl_both,42,CommandInjection,0.3445491251682369,515,SAFE_FINAL_01
ciciot2023,D_strict,mlp_edl_both,42,DDoS-ACK_Fragmentation,0.9896879957694341,3814,SAFE_FINAL_01
ciciot2023,D_strict,mlp_edl_both,42,DDoS-HTTP_Flood,0.9003109566489849,2741,SAFE_FINAL_01
ciciot2023,D_strict,mlp_edl_both,42,DDoS-ICMP_Flood,0.9992048767558972,3775,SAFE_FINAL_01
ciciot2023,D_strict,mlp_edl_both,42,DDoS-ICMP_Fragmentation,0.9876674181143085,3813,SAFE_FINAL_01
ciciot2023,D_strict,mlp_edl_both,42,DDoS-PSHACK_Flood,0.9984218832193582,3802,SAFE_FINAL_01
ciciot2023,D_strict,mlp_edl_both,42,DDoS-RSTFINFlood,0.9994760282944721,3819,SAFE_FINAL_01
ciciot2023,D_strict,mlp_edl_both,42,DDoS-SYN_Flood,0.7087165133946421,3809,SAFE_FINAL_01
ciciot2023,D_strict,mlp_edl_both,42,DDoS-SlowLoris,0.9159844894442051,2231,SAFE_FINAL_01
ciciot2023,D_strict,mlp_edl_both,42,DDoS-SynonymousIP_Flood,0.8069692801467216,3825,SAFE_FINAL_01
ciciot2023,D_strict,mlp_edl_both,42,DDoS-TCP_Flood,0.7983835736129314,3825,SAFE_FINAL_01
ciciot2023,D_strict,mlp_edl_both,42,DDoS-UDP_Flood,0.7966991747936985,3806,SAFE_FINAL_01
ciciot2023,D_strict,mlp_edl_both,42,DDoS-UDP_Fragmentation,0.9911906033101976,3767,SAFE_FINAL_01
ciciot2023,D_strict,mlp_edl_both,42,DNS_Spoofing,0.5626749611197511,3816,SAFE_FINAL_01
ciciot2023,D_strict,mlp_edl_both,42,DictionaryBruteForce,0.40670319046084435,1244,SAFE_FINAL_01
ciciot2023,D_strict,mlp_edl_both,42,DoS-HTTP_Flood,0.9227513227513228,3800,SAFE_FINAL_01
ciciot2023,D_strict,mlp_edl_both,42,DoS-SYN_Flood,0.6591629676601142,3817,SAFE_FINAL_01
ciciot2023,D_strict,mlp_edl_both,42,DoS-TCP_Flood,0.6963180188986641,3820,SAFE_FINAL_01
ciciot2023,D_strict,mlp_edl_both,42,DoS-UDP_Flood,0.774710104914412,3822,SAFE_FINAL_01
ciciot2023,D_strict,mlp_edl_both,42,MITM-ArpSpoofing,0.6702788844621514,3838,SAFE_FINAL_01
ciciot2023,D_strict,mlp_edl_both,42,Mirai-greeth_flood,0.6688026981450252,3796,SAFE_FINAL_01
ciciot2023,D_strict,mlp_edl_both,42,Mirai-greip_flood,0.7848101265822784,3835,SAFE_FINAL_01
ciciot2023,D_strict,mlp_edl_both,42,Mirai-udpplain,0.9976284584980237,3802,SAFE_FINAL_01
ciciot2023,D_strict,mlp_edl_both,42,Recon-HostDiscovery,0.7263763352506163,3799,SAFE_FINAL_01
ciciot2023,D_strict,mlp_edl_both,42,Recon-OSScan,0.3497088791848617,3801,SAFE_FINAL_01
ciciot2023,D_strict,mlp_edl_both,42,Recon-PingSweep,0.16912972085385877,215,SAFE_FINAL_01
ciciot2023,D_strict,mlp_edl_both,42,Recon-PortScan,0.47682520448348986,3795,SAFE_FINAL_01
ciciot2023,D_strict,mlp_edl_both,42,SqlInjection,0.25844694724362777,499,SAFE_FINAL_01
ciciot2023,D_strict,mlp_edl_both,42,Uploading_Attack,0.0815956482320943,119,SAFE_FINAL_01
ciciot2023,D_strict,mlp_edl_both,42,VulnerabilityScan,0.9528708466564716,3560,SAFE_FINAL_01
ciciot2023,D_strict,mlp_edl_both,42,XSS,0.13137948458817586,366,SAFE_FINAL_01
ciciot2023,D_strict,rf,7,Backdoor_Malware,0.6224066390041494,306,SAFE_FINAL_01
ciciot2023,D_strict,rf,7,BenignTraffic,0.8080411865653346,3850,SAFE_FINAL_01
ciciot2023,D_strict,rf,7,BrowserHijacking,0.6016451233842538,558,SAFE_FINAL_01
ciciot2023,D_strict,rf,7,CommandInjection,0.7141242937853107,515,SAFE_FINAL_01
ciciot2023,D_strict,rf,7,DDoS-ACK_Fragmentation,0.9938182296461923,3814,SAFE_FINAL_01
ciciot2023,D_strict,rf,7,DDoS-HTTP_Flood,0.9912568306010929,2741,SAFE_FINAL_01
ciciot2023,D_strict,rf,7,DDoS-ICMP_Flood,0.9989395546129375,3775,SAFE_FINAL_01
ciciot2023,D_strict,rf,7,DDoS-ICMP_Fragmentation,0.9959269478386545,3813,SAFE_FINAL_01
ciciot2023,D_strict,rf,7,DDoS-PSHACK_Flood,0.9996053150901197,3802,SAFE_FINAL_01
ciciot2023,D_strict,rf,7,DDoS-RSTFINFlood,0.9990826890315817,3819,SAFE_FINAL_01
ciciot2023,D_strict,rf,7,DDoS-SYN_Flood,0.9990805201628793,3809,SAFE_FINAL_01
ciciot2023,D_strict,rf,7,DDoS-SlowLoris,0.9855907780979827,2231,SAFE_FINAL_01
ciciot2023,D_strict,rf,7,DDoS-SynonymousIP_Flood,0.9988227599738391,3825,SAFE_FINAL_01
ciciot2023,D_strict,rf,7,DDoS-TCP_Flood,0.998953427524856,3825,SAFE_FINAL_01
ciciot2023,D_strict,rf,7,DDoS-UDP_Flood,0.9973691133912128,3806,SAFE_FINAL_01
ciciot2023,D_strict,rf,7,DDoS-UDP_Fragmentation,0.9936288823997876,3767,SAFE_FINAL_01
ciciot2023,D_strict,rf,7,DNS_Spoofing,0.7541275082550165,3816,SAFE_FINAL_01
ciciot2023,D_strict,rf,7,DictionaryBruteForce,0.695067264573991,1244,SAFE_FINAL_01
ciciot2023,D_strict,rf,7,DoS-HTTP_Flood,0.9944794952681388,3800,SAFE_FINAL_01
ciciot2023,D_strict,rf,7,DoS-SYN_Flood,0.9982946346582711,3817,SAFE_FINAL_01
ciciot2023,D_strict,rf,7,DoS-TCP_Flood,0.9990831696136214,3820,SAFE_FINAL_01
ciciot2023,D_strict,rf,7,DoS-UDP_Flood,0.997643362136685,3822,SAFE_FINAL_01
ciciot2023,D_strict,rf,7,MITM-ArpSpoofing,0.8295577130528586,3838,SAFE_FINAL_01
ciciot2023,D_strict,rf,7,Mirai-greeth_flood,0.9961695945053494,3796,SAFE_FINAL_01
ciciot2023,D_strict,rf,7,Mirai-greip_flood,0.996997780968542,3835,SAFE_FINAL_01
ciciot2023,D_strict,rf,7,Mirai-udpplain,0.997761095746082,3802,SAFE_FINAL_01
ciciot2023,D_strict,rf,7,Recon-HostDiscovery,0.8139109212934716,3799,SAFE_FINAL_01
ciciot2023,D_strict,rf,7,Recon-OSScan,0.7123789583878566,3801,SAFE_FINAL_01
ciciot2023,D_strict,rf,7,Recon-PingSweep,0.3971631205673759,215,SAFE_FINAL_01
ciciot2023,D_strict,rf,7,Recon-PortScan,0.7267206477732794,3795,SAFE_FINAL_01
ciciot2023,D_strict,rf,7,SqlInjection,0.5683646112600537,499,SAFE_FINAL_01
ciciot2023,D_strict,rf,7,Uploading_Attack,0.6703910614525139,119,SAFE_FINAL_01
ciciot2023,D_strict,rf,7,VulnerabilityScan,0.9865071637223536,3560,SAFE_FINAL_01
ciciot2023,D_strict,rf,7,XSS,0.6600985221674877,366,SAFE_FINAL_01
ciciot2023,D_strict,lgbm,7,Backdoor_Malware,0.48312611012433393,306,SAFE_FINAL_01
ciciot2023,D_strict,lgbm,7,BenignTraffic,0.8382316001004773,3850,SAFE_FINAL_01
ciciot2023,D_strict,lgbm,7,BrowserHijacking,0.7149489322191273,558,SAFE_FINAL_01
ciciot2023,D_strict,lgbm,7,CommandInjection,0.6404715127701375,515,SAFE_FINAL_01
ciciot2023,D_strict,lgbm,7,DDoS-ACK_Fragmentation,0.999475478625754,3814,SAFE_FINAL_01
ciciot2023,D_strict,lgbm,7,DDoS-HTTP_Flood,0.997080291970803,2741,SAFE_FINAL_01
ciciot2023,D_strict,lgbm,7,DDoS-ICMP_Flood,0.99986753212346,3775,SAFE_FINAL_01
ciciot2023,D_strict,lgbm,7,DDoS-ICMP_Fragmentation,0.9998688868493509,3813,SAFE_FINAL_01
ciciot2023,D_strict,lgbm,7,DDoS-PSHACK_Flood,1.0,3802,SAFE_FINAL_01
ciciot2023,D_strict,lgbm,7,DDoS-RSTFINFlood,0.9997381513485205,3819,SAFE_FINAL_01
ciciot2023,D_strict,lgbm,7,DDoS-SYN_Flood,0.9993434011818779,3809,SAFE_FINAL_01
ciciot2023,D_strict,lgbm,7,DDoS-SlowLoris,0.9970884658454647,2231,SAFE_FINAL_01
ciciot2023,D_strict,lgbm,7,DDoS-SynonymousIP_Flood,0.9990850869167429,3825,SAFE_FINAL_01
ciciot2023,D_strict,lgbm,7,DDoS-TCP_Flood,0.9988236831786694,3825,SAFE_FINAL_01
ciciot2023,D_strict,lgbm,7,DDoS-UDP_Flood,0.9996059372126626,3806,SAFE_FINAL_01
ciciot2023,D_strict,lgbm,7,DDoS-UDP_Fragmentation,0.9996017522899243,3767,SAFE_FINAL_01
ciciot2023,D_strict,lgbm,7,DNS_Spoofing,0.7834378265412748,3816,SAFE_FINAL_01
ciciot2023,D_strict,lgbm,7,DictionaryBruteForce,0.7300710339384373,1244,SAFE_FINAL_01
ciciot2023,D_strict,lgbm,7,DoS-HTTP_Flood,0.9990790685436127,3800,SAFE_FINAL_01
ciciot2023,D_strict,lgbm,7,DoS-SYN_Flood,0.999475890985325,3817,SAFE_FINAL_01
ciciot2023,D_strict,lgbm,7,DoS-TCP_Flood,0.9993451211525868,3820,SAFE_FINAL_01
ciciot2023,D_strict,lgbm,7,DoS-UDP_Flood,0.999345977763244,3822,SAFE_FINAL_01
ciciot2023,D_strict,lgbm,7,MITM-ArpSpoofing,0.8603336921420882,3838,SAFE_FINAL_01
ciciot2023,D_strict,lgbm,7,Mirai-greeth_flood,0.9982865427705285,3796,SAFE_FINAL_01
ciciot2023,D_strict,lgbm,7,Mirai-greip_flood,0.9985671486257652,3835,SAFE_FINAL_01
ciciot2023,D_strict,lgbm,7,Mirai-udpplain,0.9998684729711956,3802,SAFE_FINAL_01
ciciot2023,D_strict,lgbm,7,Recon-HostDiscovery,0.867210778598264,3799,SAFE_FINAL_01
ciciot2023,D_strict,lgbm,7,Recon-OSScan,0.7511470985155195,3801,SAFE_FINAL_01
ciciot2023,D_strict,lgbm,7,Recon-PingSweep,0.5078534031413613,215,SAFE_FINAL_01
ciciot2023,D_strict,lgbm,7,Recon-PortScan,0.7627357885281663,3795,SAFE_FINAL_01
ciciot2023,D_strict,lgbm,7,SqlInjection,0.6237623762376238,499,SAFE_FINAL_01
ciciot2023,D_strict,lgbm,7,Uploading_Attack,0.2727272727272727,119,SAFE_FINAL_01
ciciot2023,D_strict,lgbm,7,VulnerabilityScan,0.9988757729061271,3560,SAFE_FINAL_01
ciciot2023,D_strict,lgbm,7,XSS,0.5157593123209169,366,SAFE_FINAL_01
ciciot2023,D_strict,mlp_softmax_en,7,Backdoor_Malware,0.2878787878787879,306,SAFE_FINAL_01
ciciot2023,D_strict,mlp_softmax_en,7,BenignTraffic,0.6752880319774277,3850,SAFE_FINAL_01
ciciot2023,D_strict,mlp_softmax_en,7,BrowserHijacking,0.38946638946638945,558,SAFE_FINAL_01
ciciot2023,D_strict,mlp_softmax_en,7,CommandInjection,0.2634939059779454,515,SAFE_FINAL_01
ciciot2023,D_strict,mlp_softmax_en,7,DDoS-ACK_Fragmentation,0.9850472193074502,3814,SAFE_FINAL_01
ciciot2023,D_strict,mlp_softmax_en,7,DDoS-HTTP_Flood,0.900618856934838,2741,SAFE_FINAL_01
ciciot2023,D_strict,mlp_softmax_en,7,DDoS-ICMP_Flood,0.9989395546129375,3775,SAFE_FINAL_01
ciciot2023,D_strict,mlp_softmax_en,7,DDoS-ICMP_Fragmentation,0.9899762595621208,3813,SAFE_FINAL_01
ciciot2023,D_strict,mlp_softmax_en,7,DDoS-PSHACK_Flood,0.9989476453564852,3802,SAFE_FINAL_01
ciciot2023,D_strict,mlp_softmax_en,7,DDoS-RSTFINFlood,0.9990826890315817,3819,SAFE_FINAL_01
ciciot2023,D_strict,mlp_softmax_en,7,DDoS-SYN_Flood,0.7115174401271986,3809,SAFE_FINAL_01
ciciot2023,D_strict,mlp_softmax_en,7,DDoS-SlowLoris,0.9356316823041676,2231,SAFE_FINAL_01
ciciot2023,D_strict,mlp_softmax_en,7,DDoS-SynonymousIP_Flood,0.7949556282111163,3825,SAFE_FINAL_01
ciciot2023,D_strict,mlp_softmax_en,7,DDoS-TCP_Flood,0.7935266644944065,3825,SAFE_FINAL_01
ciciot2023,D_strict,mlp_softmax_en,7,DDoS-UDP_Flood,0.810368015649835,3806,SAFE_FINAL_01
ciciot2023,D_strict,mlp_softmax_en,7,DDoS-UDP_Fragmentation,0.9889495406736786,3767,SAFE_FINAL_01
ciciot2023,D_strict,mlp_softmax_en,7,DNS_Spoofing,0.5639662183296841,3816,SAFE_FINAL_01
ciciot2023,D_strict,mlp_softmax_en,7,DictionaryBruteForce,0.4307334109429569,1244,SAFE_FINAL_01
ciciot2023,D_strict,mlp_softmax_en,7,DoS-HTTP_Flood,0.9182590233545648,3800,SAFE_FINAL_01
ciciot2023,D_strict,mlp_softmax_en,7,DoS-SYN_Flood,0.6699105320985717,3817,SAFE_FINAL_01
ciciot2023,D_strict,mlp_softmax_en,7,DoS-TCP_Flood,0.6862131444572558,3820,SAFE_FINAL_01
ciciot2023,D_strict,mlp_softmax_en,7,DoS-UDP_Flood,0.7808956916099773,3822,SAFE_FINAL_01
ciciot2023,D_strict,mlp_softmax_en,7,MITM-ArpSpoofing,0.7013755361632894,3838,SAFE_FINAL_01
ciciot2023,D_strict,mlp_softmax_en,7,Mirai-greeth_flood,0.7467836257309941,3796,SAFE_FINAL_01
ciciot2023,D_strict,mlp_softmax_en,7,Mirai-greip_flood,0.7931322284487898,3835,SAFE_FINAL_01
ciciot2023,D_strict,mlp_softmax_en,7,Mirai-udpplain,0.997235750954324,3802,SAFE_FINAL_01
ciciot2023,D_strict,mlp_softmax_en,7,Recon-HostDiscovery,0.7190203647011846,3799,SAFE_FINAL_01
ciciot2023,D_strict,mlp_softmax_en,7,Recon-OSScan,0.3812038014783527,3801,SAFE_FINAL_01
ciciot2023,D_strict,mlp_softmax_en,7,Recon-PingSweep,0.18831734960767219,215,SAFE_FINAL_01
ciciot2023,D_strict,mlp_softmax_en,7,Recon-PortScan,0.5005672149744753,3795,SAFE_FINAL_01
ciciot2023,D_strict,mlp_softmax_en,7,SqlInjection,0.27019867549668874,499,SAFE_FINAL_01
ciciot2023,D_strict,mlp_softmax_en,7,Uploading_Attack,0.07069555302166476,119,SAFE_FINAL_01
ciciot2023,D_strict,mlp_softmax_en,7,VulnerabilityScan,0.9580458183825559,3560,SAFE_FINAL_01
ciciot2023,D_strict,mlp_softmax_en,7,XSS,0.07011686143572621,366,SAFE_FINAL_01
ciciot2023,D_strict,mlp_edl_both,7,Backdoor_Malware,0.24268689057421453,306,SAFE_FINAL_01
ciciot2023,D_strict,mlp_edl_both,7,BenignTraffic,0.6695493855257169,3850,SAFE_FINAL_01
ciciot2023,D_strict,mlp_edl_both,7,BrowserHijacking,0.343801652892562,558,SAFE_FINAL_01
ciciot2023,D_strict,mlp_edl_both,7,CommandInjection,0.2658536585365854,515,SAFE_FINAL_01
ciciot2023,D_strict,mlp_edl_both,7,DDoS-ACK_Fragmentation,0.987422216337879,3814,SAFE_FINAL_01
ciciot2023,D_strict,mlp_edl_both,7,DDoS-HTTP_Flood,0.8950276243093923,2741,SAFE_FINAL_01
ciciot2023,D_strict,mlp_edl_both,7,DDoS-ICMP_Flood,0.9989395546129375,3775,SAFE_FINAL_01
ciciot2023,D_strict,mlp_edl_both,7,DDoS-ICMP_Fragmentation,0.9896743447180302,3813,SAFE_FINAL_01
ciciot2023,D_strict,mlp_edl_both,7,DDoS-PSHACK_Flood,0.9992107340173638,3802,SAFE_FINAL_01
ciciot2023,D_strict,mlp_edl_both,7,DDoS-RSTFINFlood,0.998951507208388,3819,SAFE_FINAL_01
ciciot2023,D_strict,mlp_edl_both,7,DDoS-SYN_Flood,0.7122627297378729,3809,SAFE_FINAL_01
ciciot2023,D_strict,mlp_edl_both,7,DDoS-SlowLoris,0.9256698357821953,2231,SAFE_FINAL_01
ciciot2023,D_strict,mlp_edl_both,7,DDoS-SynonymousIP_Flood,0.7983870967741935,3825,SAFE_FINAL_01
ciciot2023,D_strict,mlp_edl_both,7,DDoS-TCP_Flood,0.7982170036964558,3825,SAFE_FINAL_01
ciciot2023,D_strict,mlp_edl_both,7,DDoS-UDP_Flood,0.809795126682022,3806,SAFE_FINAL_01
ciciot2023,D_strict,mlp_edl_both,7,DDoS-UDP_Fragmentation,0.9885149572649573,3767,SAFE_FINAL_01
ciciot2023,D_strict,mlp_edl_both,7,DNS_Spoofing,0.5532121998702142,3816,SAFE_FINAL_01
ciciot2023,D_strict,mlp_edl_both,7,DictionaryBruteForce,0.39705244906805376,1244,SAFE_FINAL_01
ciciot2023,D_strict,mlp_edl_both,7,DoS-HTTP_Flood,0.9119804400977995,3800,SAFE_FINAL_01
ciciot2023,D_strict,mlp_edl_both,7,DoS-SYN_Flood,0.6660485241848246,3817,SAFE_FINAL_01
ciciot2023,D_strict,mlp_edl_both,7,DoS-TCP_Flood,0.6943942133815552,3820,SAFE_FINAL_01
ciciot2023,D_strict,mlp_edl_both,7,DoS-UDP_Flood,0.7738880918220947,3822,SAFE_FINAL_01
ciciot2023,D_strict,mlp_edl_both,7,MITM-ArpSpoofing,0.687422934648582,3838,SAFE_FINAL_01
ciciot2023,D_strict,mlp_edl_both,7,Mirai-greeth_flood,0.7689737470167064,3796,SAFE_FINAL_01
ciciot2023,D_strict,mlp_edl_both,7,Mirai-greip_flood,0.7093525179856115,3835,SAFE_FINAL_01
ciciot2023,D_strict,mlp_edl_both,7,Mirai-udpplain,0.9967066262679489,3802,SAFE_FINAL_01
ciciot2023,D_strict,mlp_edl_both,7,Recon-HostDiscovery,0.7190923317683882,3799,SAFE_FINAL_01
ciciot2023,D_strict,mlp_edl_both,7,Recon-OSScan,0.3448275862068966,3801,SAFE_FINAL_01
ciciot2023,D_strict,mlp_edl_both,7,Recon-PingSweep,0.15821256038647344,215,SAFE_FINAL_01
ciciot2023,D_strict,mlp_edl_both,7,Recon-PortScan,0.46690953248330297,3795,SAFE_FINAL_01
ciciot2023,D_strict,mlp_edl_both,7,SqlInjection,0.2574370709382151,499,SAFE_FINAL_01
ciciot2023,D_strict,mlp_edl_both,7,Uploading_Attack,0.06839492553778267,119,SAFE_FINAL_01
ciciot2023,D_strict,mlp_edl_both,7,VulnerabilityScan,0.959087113832452,3560,SAFE_FINAL_01
ciciot2023,D_strict,mlp_edl_both,7,XSS,0.02575107296137339,366,SAFE_FINAL_01
ciciot2023,D_strict,rf,13,Backdoor_Malware,0.5609756097560976,306,SAFE_FINAL_01
ciciot2023,D_strict,rf,13,BenignTraffic,0.809784592917123,3850,SAFE_FINAL_01
ciciot2023,D_strict,rf,13,BrowserHijacking,0.6041666666666666,558,SAFE_FINAL_01
ciciot2023,D_strict,rf,13,CommandInjection,0.7197309417040358,515,SAFE_FINAL_01
ciciot2023,D_strict,rf,13,DDoS-ACK_Fragmentation,0.9951360588931247,3814,SAFE_FINAL_01
ciciot2023,D_strict,rf,13,DDoS-HTTP_Flood,0.9927193301783764,2741,SAFE_FINAL_01
ciciot2023,D_strict,rf,13,DDoS-ICMP_Flood,0.9994699178372648,3775,SAFE_FINAL_01
ciciot2023,D_strict,rf,13,DDoS-ICMP_Fragmentation,0.9957927951617145,3813,SAFE_FINAL_01
ciciot2023,D_strict,rf,13,DDoS-PSHACK_Flood,0.9990790685436127,3802,SAFE_FINAL_01
ciciot2023,D_strict,rf,13,DDoS-RSTFINFlood,0.9994760282944721,3819,SAFE_FINAL_01
ciciot2023,D_strict,rf,13,DDoS-SYN_Flood,0.9984239558707644,3809,SAFE_FINAL_01
ciciot2023,D_strict,rf,13,DDoS-SlowLoris,0.9858030168589175,2231,SAFE_FINAL_01
ciciot2023,D_strict,rf,13,DDoS-SynonymousIP_Flood,0.9986917844060701,3825,SAFE_FINAL_01
ciciot2023,D_strict,rf,13,DDoS-TCP_Flood,0.9992150706436421,3825,SAFE_FINAL_01
ciciot2023,D_strict,rf,13,DDoS-UDP_Flood,0.9978941826796526,3806,SAFE_FINAL_01
ciciot2023,D_strict,rf,13,DDoS-UDP_Fragmentation,0.9933492950252727,3767,SAFE_FINAL_01
ciciot2023,D_strict,rf,13,DNS_Spoofing,0.7648839556004037,3816,SAFE_FINAL_01
ciciot2023,D_strict,rf,13,DictionaryBruteForce,0.7111111111111111,1244,SAFE_FINAL_01
ciciot2023,D_strict,rf,13,DoS-HTTP_Flood,0.993968004196171,3800,SAFE_FINAL_01
ciciot2023,D_strict,rf,13,DoS-SYN_Flood,0.9985569985569985,3817,SAFE_FINAL_01
ciciot2023,D_strict,rf,13,DoS-TCP_Flood,0.9990829293855626,3820,SAFE_FINAL_01
ciciot2023,D_strict,rf,13,DoS-UDP_Flood,0.9971211724679403,3822,SAFE_FINAL_01
ciciot2023,D_strict,rf,13,MITM-ArpSpoofing,0.831297812374178,3838,SAFE_FINAL_01
ciciot2023,D_strict,rf,13,Mirai-greeth_flood,0.9982851866508377,3796,SAFE_FINAL_01
ciciot2023,D_strict,rf,13,Mirai-greip_flood,0.996340825927862,3835,SAFE_FINAL_01
ciciot2023,D_strict,rf,13,Mirai-udpplain,0.9982878967470038,3802,SAFE_FINAL_01
ciciot2023,D_strict,rf,13,Recon-HostDiscovery,0.815395930375092,3799,SAFE_FINAL_01
ciciot2023,D_strict,rf,13,Recon-OSScan,0.7097708717408481,3801,SAFE_FINAL_01
ciciot2023,D_strict,rf,13,Recon-PingSweep,0.4563758389261745,215,SAFE_FINAL_01
ciciot2023,D_strict,rf,13,Recon-PortScan,0.7239842058336518,3795,SAFE_FINAL_01
ciciot2023,D_strict,rf,13,SqlInjection,0.5795918367346938,499,SAFE_FINAL_01
ciciot2023,D_strict,rf,13,Uploading_Attack,0.6740331491712708,119,SAFE_FINAL_01
ciciot2023,D_strict,rf,13,VulnerabilityScan,0.9892772594346191,3560,SAFE_FINAL_01
ciciot2023,D_strict,rf,13,XSS,0.6417657045840407,366,SAFE_FINAL_01
ciciot2023,D_strict,lgbm,13,Backdoor_Malware,0.42657342657342656,306,SAFE_FINAL_01
ciciot2023,D_strict,lgbm,13,BenignTraffic,0.8329177057356608,3850,SAFE_FINAL_01
ciciot2023,D_strict,lgbm,13,BrowserHijacking,0.6961325966850829,558,SAFE_FINAL_01
ciciot2023,D_strict,lgbm,13,CommandInjection,0.6395348837209303,515,SAFE_FINAL_01
ciciot2023,D_strict,lgbm,13,DDoS-ACK_Fragmentation,0.9996065573770492,3814,SAFE_FINAL_01
ciciot2023,D_strict,lgbm,13,DDoS-HTTP_Flood,0.9972632731253421,2741,SAFE_FINAL_01
ciciot2023,D_strict,lgbm,13,DDoS-ICMP_Flood,0.9997351694915254,3775,SAFE_FINAL_01
ciciot2023,D_strict,lgbm,13,DDoS-ICMP_Fragmentation,0.9997376705141658,3813,SAFE_FINAL_01
ciciot2023,D_strict,lgbm,13,DDoS-PSHACK_Flood,0.9997369113391212,3802,SAFE_FINAL_01
ciciot2023,D_strict,lgbm,13,DDoS-RSTFINFlood,0.9998690928131955,3819,SAFE_FINAL_01
ciciot2023,D_strict,lgbm,13,DDoS-SYN_Flood,0.9996061441512406,3809,SAFE_FINAL_01
ciciot2023,D_strict,lgbm,13,DDoS-SlowLoris,0.9975341851602779,2231,SAFE_FINAL_01
ciciot2023,D_strict,lgbm,13,DDoS-SynonymousIP_Flood,0.9996078943928898,3825,SAFE_FINAL_01
ciciot2023,D_strict,lgbm,13,DDoS-TCP_Flood,0.9998692981309633,3825,SAFE_FINAL_01
ciciot2023,D_strict,lgbm,13,DDoS-UDP_Flood,0.9997372569626904,3806,SAFE_FINAL_01
ciciot2023,D_strict,lgbm,13,DDoS-UDP_Fragmentation,0.9997344662772172,3767,SAFE_FINAL_01
ciciot2023,D_strict,lgbm,13,DNS_Spoofing,0.7886402303363435,3816,SAFE_FINAL_01
ciciot2023,D_strict,lgbm,13,DictionaryBruteForce,0.7230889235569423,1244,SAFE_FINAL_01
ciciot2023,D_strict,lgbm,13,DoS-HTTP_Flood,0.9984206370097394,3800,SAFE_FINAL_01
ciciot2023,D_strict,lgbm,13,DoS-SYN_Flood,0.9998690242305174,3817,SAFE_FINAL_01
ciciot2023,D_strict,lgbm,13,DoS-TCP_Flood,0.9996071755925101,3820,SAFE_FINAL_01
ciciot2023,D_strict,lgbm,13,DoS-UDP_Flood,0.999738356881214,3822,SAFE_FINAL_01
ciciot2023,D_strict,lgbm,13,MITM-ArpSpoofing,0.86085442614169,3838,SAFE_FINAL_01
ciciot2023,D_strict,lgbm,13,Mirai-greeth_flood,0.9990780982483867,3796,SAFE_FINAL_01
ciciot2023,D_strict,lgbm,13,Mirai-greip_flood,0.9993480245142783,3835,SAFE_FINAL_01
ciciot2023,D_strict,lgbm,13,Mirai-udpplain,0.9997369805365597,3802,SAFE_FINAL_01
ciciot2023,D_strict,lgbm,13,Recon-HostDiscovery,0.8659847209633562,3799,SAFE_FINAL_01
ciciot2023,D_strict,lgbm,13,Recon-OSScan,0.7315057170409147,3801,SAFE_FINAL_01
ciciot2023,D_strict,lgbm,13,Recon-PingSweep,0.5508684863523573,215,SAFE_FINAL_01
ciciot2023,D_strict,lgbm,13,Recon-PortScan,0.7433673469387755,3795,SAFE_FINAL_01
ciciot2023,D_strict,lgbm,13,SqlInjection,0.5728952772073922,499,SAFE_FINAL_01
ciciot2023,D_strict,lgbm,13,Uploading_Attack,0.27225130890052357,119,SAFE_FINAL_01
ciciot2023,D_strict,lgbm,13,VulnerabilityScan,0.9988760887889857,3560,SAFE_FINAL_01
ciciot2023,D_strict,lgbm,13,XSS,0.4978038067349927,366,SAFE_FINAL_01
ciciot2023,D_strict,mlp_softmax_en,13,Backdoor_Malware,0.2503160556257901,306,SAFE_FINAL_01
ciciot2023,D_strict,mlp_softmax_en,13,BenignTraffic,0.6684138559708296,3850,SAFE_FINAL_01
ciciot2023,D_strict,mlp_softmax_en,13,BrowserHijacking,0.31952662721893493,558,SAFE_FINAL_01
ciciot2023,D_strict,mlp_softmax_en,13,CommandInjection,0.24961479198767333,515,SAFE_FINAL_01
ciciot2023,D_strict,mlp_softmax_en,13,DDoS-ACK_Fragmentation,0.9890573500329598,3814,SAFE_FINAL_01
ciciot2023,D_strict,mlp_softmax_en,13,DDoS-HTTP_Flood,0.8888888888888888,2741,SAFE_FINAL_01
ciciot2023,D_strict,mlp_softmax_en,13,DDoS-ICMP_Flood,0.9993374850934146,3775,SAFE_FINAL_01
ciciot2023,D_strict,mlp_softmax_en,13,DDoS-ICMP_Fragmentation,0.9870541611624835,3813,SAFE_FINAL_01
ciciot2023,D_strict,mlp_softmax_en,13,DDoS-PSHACK_Flood,0.9986838641747828,3802,SAFE_FINAL_01
ciciot2023,D_strict,mlp_softmax_en,13,DDoS-RSTFINFlood,0.9993449495611162,3819,SAFE_FINAL_01
ciciot2023,D_strict,mlp_softmax_en,13,DDoS-SYN_Flood,0.7067123563797622,3809,SAFE_FINAL_01
ciciot2023,D_strict,mlp_softmax_en,13,DDoS-SlowLoris,0.9177673625905411,2231,SAFE_FINAL_01
ciciot2023,D_strict,mlp_softmax_en,13,DDoS-SynonymousIP_Flood,0.7963478799133396,3825,SAFE_FINAL_01
ciciot2023,D_strict,mlp_softmax_en,13,DDoS-TCP_Flood,0.7840182648401827,3825,SAFE_FINAL_01
ciciot2023,D_strict,mlp_softmax_en,13,DDoS-UDP_Flood,0.7852206273258905,3806,SAFE_FINAL_01
ciciot2023,D_strict,mlp_softmax_en,13,DDoS-UDP_Fragmentation,0.9870718379314941,3767,SAFE_FINAL_01
ciciot2023,D_strict,mlp_softmax_en,13,DNS_Spoofing,0.5674074074074074,3816,SAFE_FINAL_01
ciciot2023,D_strict,mlp_softmax_en,13,DictionaryBruteForce,0.37333333333333335,1244,SAFE_FINAL_01
ciciot2023,D_strict,mlp_softmax_en,13,DoS-HTTP_Flood,0.9130023000947097,3800,SAFE_FINAL_01
ciciot2023,D_strict,mlp_softmax_en,13,DoS-SYN_Flood,0.6678002782501159,3817,SAFE_FINAL_01
ciciot2023,D_strict,mlp_softmax_en,13,DoS-TCP_Flood,0.7093112440558368,3820,SAFE_FINAL_01
ciciot2023,D_strict,mlp_softmax_en,13,DoS-UDP_Flood,0.7895895377443999,3822,SAFE_FINAL_01
ciciot2023,D_strict,mlp_softmax_en,13,MITM-ArpSpoofing,0.6866708780795957,3838,SAFE_FINAL_01
ciciot2023,D_strict,mlp_softmax_en,13,Mirai-greeth_flood,0.6548578701739499,3796,SAFE_FINAL_01
ciciot2023,D_strict,mlp_softmax_en,13,Mirai-greip_flood,0.43333909735431436,3835,SAFE_FINAL_01
ciciot2023,D_strict,mlp_softmax_en,13,Mirai-udpplain,0.9960484720758693,3802,SAFE_FINAL_01
ciciot2023,D_strict,mlp_softmax_en,13,Recon-HostDiscovery,0.7171292402579198,3799,SAFE_FINAL_01
ciciot2023,D_strict,mlp_softmax_en,13,Recon-OSScan,0.3920771965464703,3801,SAFE_FINAL_01
ciciot2023,D_strict,mlp_softmax_en,13,Recon-PingSweep,0.18310970797158643,215,SAFE_FINAL_01
ciciot2023,D_strict,mlp_softmax_en,13,Recon-PortScan,0.4453795112477747,3795,SAFE_FINAL_01
ciciot2023,D_strict,mlp_softmax_en,13,SqlInjection,0.2855191256830601,499,SAFE_FINAL_01
ciciot2023,D_strict,mlp_softmax_en,13,Uploading_Attack,0.07334963325183375,119,SAFE_FINAL_01
ciciot2023,D_strict,mlp_softmax_en,13,VulnerabilityScan,0.9484252509971118,3560,SAFE_FINAL_01
ciciot2023,D_strict,mlp_softmax_en,13,XSS,0.10497737556561086,366,SAFE_FINAL_01
ciciot2023,D_strict,mlp_edl_both,13,Backdoor_Malware,0.20887728459530025,306,SAFE_FINAL_01
ciciot2023,D_strict,mlp_edl_both,13,BenignTraffic,0.6667453386830304,3850,SAFE_FINAL_01
ciciot2023,D_strict,mlp_edl_both,13,BrowserHijacking,0.32731253420908596,558,SAFE_FINAL_01
ciciot2023,D_strict,mlp_edl_both,13,CommandInjection,0.3010752688172043,515,SAFE_FINAL_01
ciciot2023,D_strict,mlp_edl_both,13,DDoS-ACK_Fragmentation,0.9887640449438202,3814,SAFE_FINAL_01
ciciot2023,D_strict,mlp_edl_both,13,DDoS-HTTP_Flood,0.8950538419419602,2741,SAFE_FINAL_01
ciciot2023,D_strict,mlp_edl_both,13,DDoS-ICMP_Flood,0.9992050874403816,3775,SAFE_FINAL_01
ciciot2023,D_strict,mlp_edl_both,13,DDoS-ICMP_Fragmentation,0.9879294336118849,3813,SAFE_FINAL_01
ciciot2023,D_strict,mlp_edl_both,13,DDoS-PSHACK_Flood,0.9904407859798194,3802,SAFE_FINAL_01
ciciot2023,D_strict,mlp_edl_both,13,DDoS-RSTFINFlood,0.9992140424417082,3819,SAFE_FINAL_01
ciciot2023,D_strict,mlp_edl_both,13,DDoS-SYN_Flood,0.7059996013553916,3809,SAFE_FINAL_01
ciciot2023,D_strict,mlp_edl_both,13,DDoS-SlowLoris,0.9231762427372499,2231,SAFE_FINAL_01
ciciot2023,D_strict,mlp_edl_both,13,DDoS-SynonymousIP_Flood,0.8009896397092934,3825,SAFE_FINAL_01
ciciot2023,D_strict,mlp_edl_both,13,DDoS-TCP_Flood,0.7985896870868224,3825,SAFE_FINAL_01
ciciot2023,D_strict,mlp_edl_both,13,DDoS-UDP_Flood,0.8066937369262951,3806,SAFE_FINAL_01
ciciot2023,D_strict,mlp_edl_both,13,DDoS-UDP_Fragmentation,0.9878293433195132,3767,SAFE_FINAL_01
ciciot2023,D_strict,mlp_edl_both,13,DNS_Spoofing,0.5564452818338829,3816,SAFE_FINAL_01
ciciot2023,D_strict,mlp_edl_both,13,DictionaryBruteForce,0.3892857142857143,1244,SAFE_FINAL_01
ciciot2023,D_strict,mlp_edl_both,13,DoS-HTTP_Flood,0.9153488372093024,3800,SAFE_FINAL_01
ciciot2023,D_strict,mlp_edl_both,13,DoS-SYN_Flood,0.6628913009281108,3817,SAFE_FINAL_01
ciciot2023,D_strict,mlp_edl_both,13,DoS-TCP_Flood,0.7037216046399226,3820,SAFE_FINAL_01
ciciot2023,D_strict,mlp_edl_both,13,DoS-UDP_Flood,0.7780275358246699,3822,SAFE_FINAL_01
ciciot2023,D_strict,mlp_edl_both,13,MITM-ArpSpoofing,0.6902843241599513,3838,SAFE_FINAL_01
ciciot2023,D_strict,mlp_edl_both,13,Mirai-greeth_flood,0.7274408772625182,3796,SAFE_FINAL_01
ciciot2023,D_strict,mlp_edl_both,13,Mirai-greip_flood,0.7248217757615035,3835,SAFE_FINAL_01
ciciot2023,D_strict,mlp_edl_both,13,Mirai-udpplain,0.9956481603586971,3802,SAFE_FINAL_01
ciciot2023,D_strict,mlp_edl_both,13,Recon-HostDiscovery,0.7236947791164658,3799,SAFE_FINAL_01
ciciot2023,D_strict,mlp_edl_both,13,Recon-OSScan,0.34906340057636887,3801,SAFE_FINAL_01
ciciot2023,D_strict,mlp_edl_both,13,Recon-PingSweep,0.14793244030285382,215,SAFE_FINAL_01
ciciot2023,D_strict,mlp_edl_both,13,Recon-PortScan,0.47223490034991633,3795,SAFE_FINAL_01
ciciot2023,D_strict,mlp_edl_both,13,SqlInjection,0.2858866103739445,499,SAFE_FINAL_01
ciciot2023,D_strict,mlp_edl_both,13,Uploading_Attack,0.09306409130816505,119,SAFE_FINAL_01
ciciot2023,D_strict,mlp_edl_both,13,VulnerabilityScan,0.9547404844290658,3560,SAFE_FINAL_01
ciciot2023,D_strict,mlp_edl_both,13,XSS,0.11787819253438114,366,SAFE_FINAL_01
ciciot2023,D_strict,rf,21,Backdoor_Malware,0.5217391304347826,306,SAFE_FINAL_01
ciciot2023,D_strict,rf,21,BenignTraffic,0.8075655887736425,3850,SAFE_FINAL_01
ciciot2023,D_strict,rf,21,BrowserHijacking,0.6155660377358491,558,SAFE_FINAL_01
ciciot2023,D_strict,rf,21,CommandInjection,0.6789413118527042,515,SAFE_FINAL_01
ciciot2023,D_strict,rf,21,DDoS-ACK_Fragmentation,0.9955380577427821,3814,SAFE_FINAL_01
ciciot2023,D_strict,rf,21,DDoS-HTTP_Flood,0.9926980649872216,2741,SAFE_FINAL_01
ciciot2023,D_strict,rf,21,DDoS-ICMP_Flood,0.9994699178372648,3775,SAFE_FINAL_01
ciciot2023,D_strict,rf,21,DDoS-ICMP_Fragmentation,0.9947451392538098,3813,SAFE_FINAL_01
ciciot2023,D_strict,rf,21,DDoS-PSHACK_Flood,0.9994736842105263,3802,SAFE_FINAL_01
ciciot2023,D_strict,rf,21,DDoS-RSTFINFlood,0.998951507208388,3819,SAFE_FINAL_01
ciciot2023,D_strict,rf,21,DDoS-SYN_Flood,0.9985554826001313,3809,SAFE_FINAL_01
ciciot2023,D_strict,rf,21,DDoS-SlowLoris,0.9888790035587188,2231,SAFE_FINAL_01
ciciot2023,D_strict,rf,21,DDoS-SynonymousIP_Flood,0.9982995421844343,3825,SAFE_FINAL_01
ciciot2023,D_strict,rf,21,DDoS-TCP_Flood,0.9992152759612869,3825,SAFE_FINAL_01
ciciot2023,D_strict,rf,21,DDoS-UDP_Flood,0.9981574098446959,3806,SAFE_FINAL_01
ciciot2023,D_strict,rf,21,DDoS-UDP_Fragmentation,0.9944223107569721,3767,SAFE_FINAL_01
ciciot2023,D_strict,rf,21,DNS_Spoofing,0.7622689611217336,3816,SAFE_FINAL_01
ciciot2023,D_strict,rf,21,DictionaryBruteForce,0.7128623188405797,1244,SAFE_FINAL_01
ciciot2023,D_strict,rf,21,DoS-HTTP_Flood,0.9957994224205828,3800,SAFE_FINAL_01
ciciot2023,D_strict,rf,21,DoS-SYN_Flood,0.9969804384928449,3817,SAFE_FINAL_01
ciciot2023,D_strict,rf,21,DoS-TCP_Flood,0.9990829293855626,3820,SAFE_FINAL_01
ciciot2023,D_strict,rf,21,DoS-UDP_Flood,0.9980389593410903,3822,SAFE_FINAL_01
ciciot2023,D_strict,rf,21,MITM-ArpSpoofing,0.8278190411883862,3838,SAFE_FINAL_01
ciciot2023,D_strict,rf,21,Mirai-greeth_flood,0.9974917491749175,3796,SAFE_FINAL_01
ciciot2023,D_strict,rf,21,Mirai-greip_flood,0.996996996996997,3835,SAFE_FINAL_01
ciciot2023,D_strict,rf,21,Mirai-udpplain,0.9982887982098196,3802,SAFE_FINAL_01
ciciot2023,D_strict,rf,21,Recon-HostDiscovery,0.8180158247108947,3799,SAFE_FINAL_01
ciciot2023,D_strict,rf,21,Recon-OSScan,0.7044252354534899,3801,SAFE_FINAL_01
ciciot2023,D_strict,rf,21,Recon-PingSweep,0.37681159420289856,215,SAFE_FINAL_01
ciciot2023,D_strict,rf,21,Recon-PortScan,0.728642574383859,3795,SAFE_FINAL_01
ciciot2023,D_strict,rf,21,SqlInjection,0.5807327001356852,499,SAFE_FINAL_01
ciciot2023,D_strict,rf,21,Uploading_Attack,0.7282051282051282,119,SAFE_FINAL_01
ciciot2023,D_strict,rf,21,VulnerabilityScan,0.9891485809682805,3560,SAFE_FINAL_01
ciciot2023,D_strict,rf,21,XSS,0.6525285481239804,366,SAFE_FINAL_01
ciciot2023,D_strict,lgbm,21,Backdoor_Malware,0.44876325088339225,306,SAFE_FINAL_01
ciciot2023,D_strict,lgbm,21,BenignTraffic,0.8359433258762118,3850,SAFE_FINAL_01
ciciot2023,D_strict,lgbm,21,BrowserHijacking,0.707981220657277,558,SAFE_FINAL_01
ciciot2023,D_strict,lgbm,21,CommandInjection,0.6170854271356784,515,SAFE_FINAL_01
ciciot2023,D_strict,lgbm,21,DDoS-ACK_Fragmentation,0.9994756161510225,3814,SAFE_FINAL_01
ciciot2023,D_strict,lgbm,21,DDoS-HTTP_Flood,0.9974443227455275,2741,SAFE_FINAL_01
ciciot2023,D_strict,lgbm,21,DDoS-ICMP_Flood,0.9996025963703802,3775,SAFE_FINAL_01
ciciot2023,D_strict,lgbm,21,DDoS-ICMP_Fragmentation,0.9992130115424974,3813,SAFE_FINAL_01
ciciot2023,D_strict,lgbm,21,DDoS-PSHACK_Flood,0.9998684729711956,3802,SAFE_FINAL_01
ciciot2023,D_strict,lgbm,21,DDoS-RSTFINFlood,0.9996071755925101,3819,SAFE_FINAL_01
ciciot2023,D_strict,lgbm,21,DDoS-SYN_Flood,0.999343573585401,3809,SAFE_FINAL_01
ciciot2023,D_strict,lgbm,21,DDoS-SlowLoris,0.9964109466128309,2231,SAFE_FINAL_01
ciciot2023,D_strict,lgbm,21,DDoS-SynonymousIP_Flood,0.9992156862745099,3825,SAFE_FINAL_01
ciciot2023,D_strict,lgbm,21,DDoS-TCP_Flood,0.9998692639560727,3825,SAFE_FINAL_01
ciciot2023,D_strict,lgbm,21,DDoS-UDP_Flood,0.9993428834275201,3806,SAFE_FINAL_01
ciciot2023,D_strict,lgbm,21,DDoS-UDP_Fragmentation,0.9998672507633081,3767,SAFE_FINAL_01
ciciot2023,D_strict,lgbm,21,DNS_Spoofing,0.7934711070159274,3816,SAFE_FINAL_01
ciciot2023,D_strict,lgbm,21,DictionaryBruteForce,0.7298355520751761,1244,SAFE_FINAL_01
ciciot2023,D_strict,lgbm,21,DoS-HTTP_Flood,0.9985520600236936,3800,SAFE_FINAL_01
ciciot2023,D_strict,lgbm,21,DoS-SYN_Flood,0.9993449495611162,3817,SAFE_FINAL_01
ciciot2023,D_strict,lgbm,21,DoS-TCP_Flood,1.0,3820,SAFE_FINAL_01
ciciot2023,D_strict,lgbm,21,DoS-UDP_Flood,0.9994769874476988,3822,SAFE_FINAL_01
ciciot2023,D_strict,lgbm,21,MITM-ArpSpoofing,0.8582149557759314,3838,SAFE_FINAL_01
ciciot2023,D_strict,lgbm,21,Mirai-greeth_flood,0.9994729907773386,3796,SAFE_FINAL_01
ciciot2023,D_strict,lgbm,21,Mirai-greip_flood,0.9994784876140809,3835,SAFE_FINAL_01
ciciot2023,D_strict,lgbm,21,Mirai-udpplain,1.0,3802,SAFE_FINAL_01
ciciot2023,D_strict,lgbm,21,Recon-HostDiscovery,0.8636422385937702,3799,SAFE_FINAL_01
ciciot2023,D_strict,lgbm,21,Recon-OSScan,0.7347772782999591,3801,SAFE_FINAL_01
ciciot2023,D_strict,lgbm,21,Recon-PingSweep,0.5501285347043702,215,SAFE_FINAL_01
ciciot2023,D_strict,lgbm,21,Recon-PortScan,0.7580272283585924,3795,SAFE_FINAL_01
ciciot2023,D_strict,lgbm,21,SqlInjection,0.6032388663967612,499,SAFE_FINAL_01
ciciot2023,D_strict,lgbm,21,Uploading_Attack,0.2711864406779661,119,SAFE_FINAL_01
ciciot2023,D_strict,lgbm,21,VulnerabilityScan,0.9977559607293127,3560,SAFE_FINAL_01
ciciot2023,D_strict,lgbm,21,XSS,0.512,366,SAFE_FINAL_01
ciciot2023,D_strict,mlp_softmax_en,21,Backdoor_Malware,0.2681359044995409,306,SAFE_FINAL_01
ciciot2023,D_strict,mlp_softmax_en,21,BenignTraffic,0.6772799636115533,3850,SAFE_FINAL_01
ciciot2023,D_strict,mlp_softmax_en,21,BrowserHijacking,0.3648928818244644,558,SAFE_FINAL_01
ciciot2023,D_strict,mlp_softmax_en,21,CommandInjection,0.3279503105590062,515,SAFE_FINAL_01
ciciot2023,D_strict,mlp_softmax_en,21,DDoS-ACK_Fragmentation,0.9910455622860153,3814,SAFE_FINAL_01
ciciot2023,D_strict,mlp_softmax_en,21,DDoS-HTTP_Flood,0.8991301129002406,2741,SAFE_FINAL_01
ciciot2023,D_strict,mlp_softmax_en,21,DDoS-ICMP_Flood,0.9996024910560488,3775,SAFE_FINAL_01
ciciot2023,D_strict,mlp_softmax_en,21,DDoS-ICMP_Fragmentation,0.9871811814457513,3813,SAFE_FINAL_01
ciciot2023,D_strict,mlp_softmax_en,21,DDoS-PSHACK_Flood,0.9994736842105263,3802,SAFE_FINAL_01
ciciot2023,D_strict,mlp_softmax_en,21,DDoS-RSTFINFlood,0.9988206001834622,3819,SAFE_FINAL_01
ciciot2023,D_strict,mlp_softmax_en,21,DDoS-SYN_Flood,0.7137332672285572,3809,SAFE_FINAL_01
ciciot2023,D_strict,mlp_softmax_en,21,DDoS-SlowLoris,0.9278086287911149,2231,SAFE_FINAL_01
ciciot2023,D_strict,mlp_softmax_en,21,DDoS-SynonymousIP_Flood,0.8032460572653499,3825,SAFE_FINAL_01
ciciot2023,D_strict,mlp_softmax_en,21,DDoS-TCP_Flood,0.796094459582198,3825,SAFE_FINAL_01
ciciot2023,D_strict,mlp_softmax_en,21,DDoS-UDP_Flood,0.7983203655674941,3806,SAFE_FINAL_01
ciciot2023,D_strict,mlp_softmax_en,21,DDoS-UDP_Fragmentation,0.9899123971329971,3767,SAFE_FINAL_01
ciciot2023,D_strict,mlp_softmax_en,21,DNS_Spoofing,0.5740318906605922,3816,SAFE_FINAL_01
ciciot2023,D_strict,mlp_softmax_en,21,DictionaryBruteForce,0.4215561224489796,1244,SAFE_FINAL_01
ciciot2023,D_strict,mlp_softmax_en,21,DoS-HTTP_Flood,0.9239101717305152,3800,SAFE_FINAL_01
ciciot2023,D_strict,mlp_softmax_en,21,DoS-SYN_Flood,0.6553327987169206,3817,SAFE_FINAL_01
ciciot2023,D_strict,mlp_softmax_en,21,DoS-TCP_Flood,0.7213976499690785,3820,SAFE_FINAL_01
ciciot2023,D_strict,mlp_softmax_en,21,DoS-UDP_Flood,0.7710809676968257,3822,SAFE_FINAL_01
ciciot2023,D_strict,mlp_softmax_en,21,MITM-ArpSpoofing,0.6979966862479289,3838,SAFE_FINAL_01
ciciot2023,D_strict,mlp_softmax_en,21,Mirai-greeth_flood,0.700843078596682,3796,SAFE_FINAL_01
ciciot2023,D_strict,mlp_softmax_en,21,Mirai-greip_flood,0.7186070157600407,3835,SAFE_FINAL_01
ciciot2023,D_strict,mlp_softmax_en,21,Mirai-udpplain,0.9974983541803818,3802,SAFE_FINAL_01
ciciot2023,D_strict,mlp_softmax_en,21,Recon-HostDiscovery,0.724347212420607,3799,SAFE_FINAL_01
ciciot2023,D_strict,mlp_softmax_en,21,Recon-OSScan,0.42490494296577946,3801,SAFE_FINAL_01
ciciot2023,D_strict,mlp_softmax_en,21,Recon-PingSweep,0.1674544226873734,215,SAFE_FINAL_01
ciciot2023,D_strict,mlp_softmax_en,21,Recon-PortScan,0.4306136680613668,3795,SAFE_FINAL_01
ciciot2023,D_strict,mlp_softmax_en,21,SqlInjection,0.26280193236714977,499,SAFE_FINAL_01
ciciot2023,D_strict,mlp_softmax_en,21,Uploading_Attack,0.08646616541353383,119,SAFE_FINAL_01
ciciot2023,D_strict,mlp_softmax_en,21,VulnerabilityScan,0.9567986707283301,3560,SAFE_FINAL_01
ciciot2023,D_strict,mlp_softmax_en,21,XSS,0.09663250366032211,366,SAFE_FINAL_01
ciciot2023,D_strict,mlp_edl_both,21,Backdoor_Malware,0.2502369668246445,306,SAFE_FINAL_01
ciciot2023,D_strict,mlp_edl_both,21,BenignTraffic,0.6672570290015497,3850,SAFE_FINAL_01
ciciot2023,D_strict,mlp_edl_both,21,BrowserHijacking,0.3569620253164557,558,SAFE_FINAL_01
ciciot2023,D_strict,mlp_edl_both,21,CommandInjection,0.3054187192118227,515,SAFE_FINAL_01
ciciot2023,D_strict,mlp_edl_both,21,DDoS-ACK_Fragmentation,0.9897016107736994,3814,SAFE_FINAL_01
ciciot2023,D_strict,mlp_edl_both,21,DDoS-HTTP_Flood,0.8981464488897045,2741,SAFE_FINAL_01
ciciot2023,D_strict,mlp_edl_both,21,DDoS-ICMP_Flood,0.9994699178372648,3775,SAFE_FINAL_01
ciciot2023,D_strict,mlp_edl_both,21,DDoS-ICMP_Fragmentation,0.9873988592651546,3813,SAFE_FINAL_01
ciciot2023,D_strict,mlp_edl_both,21,DDoS-PSHACK_Flood,0.9990790685436127,3802,SAFE_FINAL_01
ciciot2023,D_strict,mlp_edl_both,21,DDoS-RSTFINFlood,0.998951507208388,3819,SAFE_FINAL_01
ciciot2023,D_strict,mlp_edl_both,21,DDoS-SYN_Flood,0.7083906464924347,3809,SAFE_FINAL_01
ciciot2023,D_strict,mlp_edl_both,21,DDoS-SlowLoris,0.9166845148854145,2231,SAFE_FINAL_01
ciciot2023,D_strict,mlp_edl_both,21,DDoS-SynonymousIP_Flood,0.7960348452988886,3825,SAFE_FINAL_01
ciciot2023,D_strict,mlp_edl_both,21,DDoS-TCP_Flood,0.8076416337285902,3825,SAFE_FINAL_01
ciciot2023,D_strict,mlp_edl_both,21,DDoS-UDP_Flood,0.8062617407639324,3806,SAFE_FINAL_01
ciciot2023,D_strict,mlp_edl_both,21,DDoS-UDP_Fragmentation,0.990766760337214,3767,SAFE_FINAL_01
ciciot2023,D_strict,mlp_edl_both,21,DNS_Spoofing,0.5632202052091555,3816,SAFE_FINAL_01
ciciot2023,D_strict,mlp_edl_both,21,DictionaryBruteForce,0.40339980385746976,1244,SAFE_FINAL_01
ciciot2023,D_strict,mlp_edl_both,21,DoS-HTTP_Flood,0.9169992019154031,3800,SAFE_FINAL_01
ciciot2023,D_strict,mlp_edl_both,21,DoS-SYN_Flood,0.6288933068257124,3817,SAFE_FINAL_01
ciciot2023,D_strict,mlp_edl_both,21,DoS-TCP_Flood,0.7143088640414844,3820,SAFE_FINAL_01
ciciot2023,D_strict,mlp_edl_both,21,DoS-UDP_Flood,0.7866685029610246,3822,SAFE_FINAL_01
ciciot2023,D_strict,mlp_edl_both,21,MITM-ArpSpoofing,0.6937224502203982,3838,SAFE_FINAL_01
ciciot2023,D_strict,mlp_edl_both,21,Mirai-greeth_flood,0.7121212121212122,3796,SAFE_FINAL_01
ciciot2023,D_strict,mlp_edl_both,21,Mirai-greip_flood,0.6714901906219564,3835,SAFE_FINAL_01
ciciot2023,D_strict,mlp_edl_both,21,Mirai-udpplain,0.996969297667677,3802,SAFE_FINAL_01
ciciot2023,D_strict,mlp_edl_both,21,Recon-HostDiscovery,0.7180196376711382,3799,SAFE_FINAL_01
ciciot2023,D_strict,mlp_edl_both,21,Recon-OSScan,0.33027185892725935,3801,SAFE_FINAL_01
ciciot2023,D_strict,mlp_edl_both,21,Recon-PingSweep,0.164850136239782,215,SAFE_FINAL_01
ciciot2023,D_strict,mlp_edl_both,21,Recon-PortScan,0.46478198370867274,3795,SAFE_FINAL_01
ciciot2023,D_strict,mlp_edl_both,21,SqlInjection,0.24505183788878418,499,SAFE_FINAL_01
ciciot2023,D_strict,mlp_edl_both,21,Uploading_Attack,0.0654911838790932,119,SAFE_FINAL_01
ciciot2023,D_strict,mlp_edl_both,21,VulnerabilityScan,0.9547154133776485,3560,SAFE_FINAL_01
ciciot2023,D_strict,mlp_edl_both,21,XSS,0.0847457627118644,366,SAFE_FINAL_01
ciciot2023,D_strict,rf,99,Backdoor_Malware,0.5773195876288659,306,SAFE_FINAL_01
ciciot2023,D_strict,rf,99,BenignTraffic,0.8096793708408954,3850,SAFE_FINAL_01
ciciot2023,D_strict,rf,99,BrowserHijacking,0.5842167255594818,558,SAFE_FINAL_01
ciciot2023,D_strict,rf,99,CommandInjection,0.7064220183486238,515,SAFE_FINAL_01
ciciot2023,D_strict,rf,99,DDoS-ACK_Fragmentation,0.9939537329127235,3814,SAFE_FINAL_01
ciciot2023,D_strict,rf,99,DDoS-HTTP_Flood,0.9936259333454744,2741,SAFE_FINAL_01
ciciot2023,D_strict,rf,99,DDoS-ICMP_Flood,0.9994699178372648,3775,SAFE_FINAL_01
ciciot2023,D_strict,rf,99,DDoS-ICMP_Fragmentation,0.9943502824858758,3813,SAFE_FINAL_01
ciciot2023,D_strict,rf,99,DDoS-PSHACK_Flood,0.9996053150901197,3802,SAFE_FINAL_01
ciciot2023,D_strict,rf,99,DDoS-RSTFINFlood,0.999607072691552,3819,SAFE_FINAL_01
ciciot2023,D_strict,rf,99,DDoS-SYN_Flood,0.9984243697478992,3809,SAFE_FINAL_01
ciciot2023,D_strict,rf,99,DDoS-SlowLoris,0.9853723404255319,2231,SAFE_FINAL_01
ciciot2023,D_strict,rf,99,DDoS-SynonymousIP_Flood,0.9985603978536841,3825,SAFE_FINAL_01
ciciot2023,D_strict,rf,99,DDoS-TCP_Flood,0.9990846083431411,3825,SAFE_FINAL_01
ciciot2023,D_strict,rf,99,DDoS-UDP_Flood,0.9988162567407602,3806,SAFE_FINAL_01
ciciot2023,D_strict,rf,99,DDoS-UDP_Fragmentation,0.9933563646027106,3767,SAFE_FINAL_01
ciciot2023,D_strict,rf,99,DNS_Spoofing,0.7679959869576123,3816,SAFE_FINAL_01
ciciot2023,D_strict,rf,99,DictionaryBruteForce,0.7258996001776988,1244,SAFE_FINAL_01
ciciot2023,D_strict,rf,99,DoS-HTTP_Flood,0.994492525570417,3800,SAFE_FINAL_01
ciciot2023,D_strict,rf,99,DoS-SYN_Flood,0.9964552973611658,3817,SAFE_FINAL_01
ciciot2023,D_strict,rf,99,DoS-TCP_Flood,0.99737739312877,3820,SAFE_FINAL_01
ciciot2023,D_strict,rf,99,DoS-UDP_Flood,0.9984305519225739,3822,SAFE_FINAL_01
ciciot2023,D_strict,rf,99,MITM-ArpSpoofing,0.8287322433663897,3838,SAFE_FINAL_01
ciciot2023,D_strict,rf,99,Mirai-greeth_flood,0.9973586899101955,3796,SAFE_FINAL_01
ciciot2023,D_strict,rf,99,Mirai-greip_flood,0.9966039707419018,3835,SAFE_FINAL_01
ciciot2023,D_strict,rf,99,Mirai-udpplain,0.997761685319289,3802,SAFE_FINAL_01
ciciot2023,D_strict,rf,99,Recon-HostDiscovery,0.8152442032560434,3799,SAFE_FINAL_01
ciciot2023,D_strict,rf,99,Recon-OSScan,0.7117117117117117,3801,SAFE_FINAL_01
ciciot2023,D_strict,rf,99,Recon-PingSweep,0.3695652173913043,215,SAFE_FINAL_01
ciciot2023,D_strict,rf,99,Recon-PortScan,0.7330454660909321,3795,SAFE_FINAL_01
ciciot2023,D_strict,rf,99,SqlInjection,0.556786703601108,499,SAFE_FINAL_01
ciciot2023,D_strict,rf,99,Uploading_Attack,0.6222222222222222,119,SAFE_FINAL_01
ciciot2023,D_strict,rf,99,VulnerabilityScan,0.9902370990237099,3560,SAFE_FINAL_01
ciciot2023,D_strict,rf,99,XSS,0.66553480475382,366,SAFE_FINAL_01
ciciot2023,D_strict,lgbm,99,Backdoor_Malware,0.4712041884816754,306,SAFE_FINAL_01
ciciot2023,D_strict,lgbm,99,BenignTraffic,0.8399652906904673,3850,SAFE_FINAL_01
ciciot2023,D_strict,lgbm,99,BrowserHijacking,0.7036688617121355,558,SAFE_FINAL_01
ciciot2023,D_strict,lgbm,99,CommandInjection,0.6135458167330677,515,SAFE_FINAL_01
ciciot2023,D_strict,lgbm,99,DDoS-ACK_Fragmentation,0.999737739312877,3814,SAFE_FINAL_01
ciciot2023,D_strict,lgbm,99,DDoS-HTTP_Flood,0.9974424552429667,2741,SAFE_FINAL_01
ciciot2023,D_strict,lgbm,99,DDoS-ICMP_Flood,0.9996024910560488,3775,SAFE_FINAL_01
ciciot2023,D_strict,lgbm,99,DDoS-ICMP_Fragmentation,0.9996066605480529,3813,SAFE_FINAL_01
ciciot2023,D_strict,lgbm,99,DDoS-PSHACK_Flood,1.0,3802,SAFE_FINAL_01
ciciot2023,D_strict,lgbm,99,DDoS-RSTFINFlood,0.9998690585308367,3819,SAFE_FINAL_01
ciciot2023,D_strict,lgbm,99,DDoS-SYN_Flood,0.9994747899159664,3809,SAFE_FINAL_01
ciciot2023,D_strict,lgbm,99,DDoS-SlowLoris,0.9973130317957905,2231,SAFE_FINAL_01
ciciot2023,D_strict,lgbm,99,DDoS-SynonymousIP_Flood,0.9998692639560727,3825,SAFE_FINAL_01
ciciot2023,D_strict,lgbm,99,DDoS-TCP_Flood,0.9992160961588712,3825,SAFE_FINAL_01
ciciot2023,D_strict,lgbm,99,DDoS-UDP_Flood,0.9997372569626904,3806,SAFE_FINAL_01
ciciot2023,D_strict,lgbm,99,DDoS-UDP_Fragmentation,0.9998672507633081,3767,SAFE_FINAL_01
ciciot2023,D_strict,lgbm,99,DNS_Spoofing,0.7996316274174451,3816,SAFE_FINAL_01
ciciot2023,D_strict,lgbm,99,DictionaryBruteForce,0.7306501547987616,1244,SAFE_FINAL_01
ciciot2023,D_strict,lgbm,99,DoS-HTTP_Flood,0.9986838641747828,3800,SAFE_FINAL_01
ciciot2023,D_strict,lgbm,99,DoS-SYN_Flood,0.9990836496923681,3817,SAFE_FINAL_01
ciciot2023,D_strict,lgbm,99,DoS-TCP_Flood,0.9990831696136214,3820,SAFE_FINAL_01
ciciot2023,D_strict,lgbm,99,DoS-UDP_Flood,0.999738356881214,3822,SAFE_FINAL_01
ciciot2023,D_strict,lgbm,99,MITM-ArpSpoofing,0.8637277234356157,3838,SAFE_FINAL_01
ciciot2023,D_strict,lgbm,99,Mirai-greeth_flood,0.9982874456593335,3796,SAFE_FINAL_01
ciciot2023,D_strict,lgbm,99,Mirai-greip_flood,0.9985664016681871,3835,SAFE_FINAL_01
ciciot2023,D_strict,lgbm,99,Mirai-udpplain,0.9997369113391212,3802,SAFE_FINAL_01
ciciot2023,D_strict,lgbm,99,Recon-HostDiscovery,0.8669339195654985,3799,SAFE_FINAL_01
ciciot2023,D_strict,lgbm,99,Recon-OSScan,0.7443487621097955,3801,SAFE_FINAL_01
ciciot2023,D_strict,lgbm,99,Recon-PingSweep,0.585,215,SAFE_FINAL_01
ciciot2023,D_strict,lgbm,99,Recon-PortScan,0.7502933889685748,3795,SAFE_FINAL_01
ciciot2023,D_strict,lgbm,99,SqlInjection,0.628632938643703,499,SAFE_FINAL_01
ciciot2023,D_strict,lgbm,99,Uploading_Attack,0.2871287128712871,119,SAFE_FINAL_01
ciciot2023,D_strict,lgbm,99,VulnerabilityScan,0.9990172680050541,3560,SAFE_FINAL_01
ciciot2023,D_strict,lgbm,99,XSS,0.4958904109589041,366,SAFE_FINAL_01
ciciot2023,D_strict,mlp_softmax_en,99,Backdoor_Malware,0.2639593908629442,306,SAFE_FINAL_01
ciciot2023,D_strict,mlp_softmax_en,99,BenignTraffic,0.6767154105736783,3850,SAFE_FINAL_01
ciciot2023,D_strict,mlp_softmax_en,99,BrowserHijacking,0.33962264150943394,558,SAFE_FINAL_01
ciciot2023,D_strict,mlp_softmax_en,99,CommandInjection,0.32277834525025534,515,SAFE_FINAL_01
ciciot2023,D_strict,mlp_softmax_en,99,DDoS-ACK_Fragmentation,0.9884119041348433,3814,SAFE_FINAL_01
ciciot2023,D_strict,mlp_softmax_en,99,DDoS-HTTP_Flood,0.8996643043640433,2741,SAFE_FINAL_01
ciciot2023,D_strict,mlp_softmax_en,99,DDoS-ICMP_Flood,0.9993374850934146,3775,SAFE_FINAL_01
ciciot2023,D_strict,mlp_softmax_en,99,DDoS-ICMP_Fragmentation,0.9871642186052666,3813,SAFE_FINAL_01
ciciot2023,D_strict,mlp_softmax_en,99,DDoS-PSHACK_Flood,0.9988165680473373,3802,SAFE_FINAL_01
ciciot2023,D_strict,mlp_softmax_en,99,DDoS-RSTFINFlood,0.999607072691552,3819,SAFE_FINAL_01
ciciot2023,D_strict,mlp_softmax_en,99,DDoS-SYN_Flood,0.7166699781442479,3809,SAFE_FINAL_01
ciciot2023,D_strict,mlp_softmax_en,99,DDoS-SlowLoris,0.9199577613516368,2231,SAFE_FINAL_01
ciciot2023,D_strict,mlp_softmax_en,99,DDoS-SynonymousIP_Flood,0.8056741915802319,3825,SAFE_FINAL_01
ciciot2023,D_strict,mlp_softmax_en,99,DDoS-TCP_Flood,0.7901313002964846,3825,SAFE_FINAL_01
ciciot2023,D_strict,mlp_softmax_en,99,DDoS-UDP_Flood,0.7599720083974808,3806,SAFE_FINAL_01
ciciot2023,D_strict,mlp_softmax_en,99,DDoS-UDP_Fragmentation,0.9882760458300026,3767,SAFE_FINAL_01
ciciot2023,D_strict,mlp_softmax_en,99,DNS_Spoofing,0.5921736472026903,3816,SAFE_FINAL_01
ciciot2023,D_strict,mlp_softmax_en,99,DictionaryBruteForce,0.4442765394786551,1244,SAFE_FINAL_01
ciciot2023,D_strict,mlp_softmax_en,99,DoS-HTTP_Flood,0.9212629372461679,3800,SAFE_FINAL_01
ciciot2023,D_strict,mlp_softmax_en,99,DoS-SYN_Flood,0.6641025641025641,3817,SAFE_FINAL_01
ciciot2023,D_strict,mlp_softmax_en,99,DoS-TCP_Flood,0.6584404455869751,3820,SAFE_FINAL_01
ciciot2023,D_strict,mlp_softmax_en,99,DoS-UDP_Flood,0.7880582284727362,3822,SAFE_FINAL_01
ciciot2023,D_strict,mlp_softmax_en,99,MITM-ArpSpoofing,0.6983135540287321,3838,SAFE_FINAL_01
ciciot2023,D_strict,mlp_softmax_en,99,Mirai-greeth_flood,0.759318423855165,3796,SAFE_FINAL_01
ciciot2023,D_strict,mlp_softmax_en,99,Mirai-greip_flood,0.7630417856215935,3835,SAFE_FINAL_01
ciciot2023,D_strict,mlp_softmax_en,99,Mirai-udpplain,0.9968412740194789,3802,SAFE_FINAL_01
ciciot2023,D_strict,mlp_softmax_en,99,Recon-HostDiscovery,0.7353942144072604,3799,SAFE_FINAL_01
ciciot2023,D_strict,mlp_softmax_en,99,Recon-OSScan,0.3460090361445783,3801,SAFE_FINAL_01
ciciot2023,D_strict,mlp_softmax_en,99,Recon-PingSweep,0.15865921787709497,215,SAFE_FINAL_01
ciciot2023,D_strict,mlp_softmax_en,99,Recon-PortScan,0.5160648279783907,3795,SAFE_FINAL_01
ciciot2023,D_strict,mlp_softmax_en,99,SqlInjection,0.29953488372093023,499,SAFE_FINAL_01
ciciot2023,D_strict,mlp_softmax_en,99,Uploading_Attack,0.06409701169337376,119,SAFE_FINAL_01
ciciot2023,D_strict,mlp_softmax_en,99,VulnerabilityScan,0.9570432357043236,3560,SAFE_FINAL_01
ciciot2023,D_strict,mlp_softmax_en,99,XSS,0.1031390134529148,366,SAFE_FINAL_01
ciciot2023,D_strict,mlp_edl_both,99,Backdoor_Malware,0.23864836325237593,306,SAFE_FINAL_01
ciciot2023,D_strict,mlp_edl_both,99,BenignTraffic,0.6653390861820998,3850,SAFE_FINAL_01
ciciot2023,D_strict,mlp_edl_both,99,BrowserHijacking,0.3364485981308411,558,SAFE_FINAL_01
ciciot2023,D_strict,mlp_edl_both,99,CommandInjection,0.31567567567567567,515,SAFE_FINAL_01
ciciot2023,D_strict,mlp_edl_both,99,DDoS-ACK_Fragmentation,0.9883720930232558,3814,SAFE_FINAL_01
ciciot2023,D_strict,mlp_edl_both,99,DDoS-HTTP_Flood,0.8972972972972973,2741,SAFE_FINAL_01
ciciot2023,D_strict,mlp_edl_both,99,DDoS-ICMP_Flood,0.9993374850934146,3775,SAFE_FINAL_01
ciciot2023,D_strict,mlp_edl_both,99,DDoS-ICMP_Fragmentation,0.9880668257756563,3813,SAFE_FINAL_01
ciciot2023,D_strict,mlp_edl_both,99,DDoS-PSHACK_Flood,0.9989479221462388,3802,SAFE_FINAL_01
ciciot2023,D_strict,mlp_edl_both,99,DDoS-RSTFINFlood,0.999607072691552,3819,SAFE_FINAL_01
ciciot2023,D_strict,mlp_edl_both,99,DDoS-SYN_Flood,0.7156454491374182,3809,SAFE_FINAL_01
ciciot2023,D_strict,mlp_edl_both,99,DDoS-SlowLoris,0.9175412293853074,2231,SAFE_FINAL_01
ciciot2023,D_strict,mlp_edl_both,99,DDoS-SynonymousIP_Flood,0.8016044430731256,3825,SAFE_FINAL_01
ciciot2023,D_strict,mlp_edl_both,99,DDoS-TCP_Flood,0.7853652993977958,3825,SAFE_FINAL_01
ciciot2023,D_strict,mlp_edl_both,99,DDoS-UDP_Flood,0.7913250462840519,3806,SAFE_FINAL_01
ciciot2023,D_strict,mlp_edl_both,99,DDoS-UDP_Fragmentation,0.9890374331550802,3767,SAFE_FINAL_01
ciciot2023,D_strict,mlp_edl_both,99,DNS_Spoofing,0.5726456716872053,3816,SAFE_FINAL_01
ciciot2023,D_strict,mlp_edl_both,99,DictionaryBruteForce,0.41374373657838226,1244,SAFE_FINAL_01
ciciot2023,D_strict,mlp_edl_both,99,DoS-HTTP_Flood,0.9160284831385194,3800,SAFE_FINAL_01
ciciot2023,D_strict,mlp_edl_both,99,DoS-SYN_Flood,0.6582922563205597,3817,SAFE_FINAL_01
ciciot2023,D_strict,mlp_edl_both,99,DoS-TCP_Flood,0.7038812432348848,3820,SAFE_FINAL_01
ciciot2023,D_strict,mlp_edl_both,99,DoS-UDP_Flood,0.7944386694386695,3822,SAFE_FINAL_01
ciciot2023,D_strict,mlp_edl_both,99,MITM-ArpSpoofing,0.6947660954145438,3838,SAFE_FINAL_01
ciciot2023,D_strict,mlp_edl_both,99,Mirai-greeth_flood,0.6629694184756774,3796,SAFE_FINAL_01
ciciot2023,D_strict,mlp_edl_both,99,Mirai-greip_flood,0.753481118413724,3835,SAFE_FINAL_01
ciciot2023,D_strict,mlp_edl_both,99,Mirai-udpplain,0.996969297667677,3802,SAFE_FINAL_01
ciciot2023,D_strict,mlp_edl_both,99,Recon-HostDiscovery,0.723464770523594,3799,SAFE_FINAL_01
ciciot2023,D_strict,mlp_edl_both,99,Recon-OSScan,0.34534206695778746,3801,SAFE_FINAL_01
ciciot2023,D_strict,mlp_edl_both,99,Recon-PingSweep,0.16224188790560473,215,SAFE_FINAL_01
ciciot2023,D_strict,mlp_edl_both,99,Recon-PortScan,0.46016,3795,SAFE_FINAL_01
ciciot2023,D_strict,mlp_edl_both,99,SqlInjection,0.2723185613359024,499,SAFE_FINAL_01
ciciot2023,D_strict,mlp_edl_both,99,Uploading_Attack,0.06976744186046512,119,SAFE_FINAL_01
ciciot2023,D_strict,mlp_edl_both,99,VulnerabilityScan,0.9596751610193223,3560,SAFE_FINAL_01
ciciot2023,D_strict,mlp_edl_both,99,XSS,0.0966183574879227,366,SAFE_FINAL_01
