dataset,rung,model,seed,class,F1,support,run_id
x_iiotid,A_raw,rf,42,BruteForce,1.0,3453,SAFE_FINAL_01
x_iiotid,A_raw,rf,42,C&C,1.0,209,SAFE_FINAL_01
x_iiotid,A_raw,rf,42,Dictionary,1.0,188,SAFE_FINAL_01
x_iiotid,A_raw,rf,42,Discovering_resources,1.0,1692,SAFE_FINAL_01
x_iiotid,A_raw,rf,42,Exfiltration,0.9993815708101422,1618,SAFE_FINAL_01
x_iiotid,A_raw,rf,42,Fake_notification,1.0,2,SAFE_FINAL_01
x_iiotid,A_raw,rf,42,False_data_injection,0.9986577181208054,373,SAFE_FINAL_01
x_iiotid,A_raw,rf,42,Generic_scanning,1.0,3675,SAFE_FINAL_01
x_iiotid,A_raw,rf,42,MQTT_cloud_broker_subscription,0.9994182664339732,1720,SAFE_FINAL_01
x_iiotid,A_raw,rf,42,MitM,1.0,9,SAFE_FINAL_01
x_iiotid,A_raw,rf,42,Modbus_register_reading,1.0,435,SAFE_FINAL_01
x_iiotid,A_raw,rf,42,Normal,0.9997403524715199,30804,SAFE_FINAL_01
x_iiotid,A_raw,rf,42,RDOS,0.9999031570792175,10326,SAFE_FINAL_01
x_iiotid,A_raw,rf,42,Reverse_shell,0.9793103448275862,74,SAFE_FINAL_01
x_iiotid,A_raw,rf,42,Scanning_vulnerability,0.9998705501618123,3863,SAFE_FINAL_01
x_iiotid,A_raw,rf,42,TCP Relay,0.9935064935064936,155,SAFE_FINAL_01
x_iiotid,A_raw,rf,42,crypto-ransomware,0.9523809523809523,33,SAFE_FINAL_01
x_iiotid,A_raw,rf,42,fuzzing,1.0,96,SAFE_FINAL_01
x_iiotid,A_raw,rf,42,insider_malcious,1.0,1275,SAFE_FINAL_01
x_iiotid,A_raw,lgbm,42,BruteForce,1.0,3453,SAFE_FINAL_01
x_iiotid,A_raw,lgbm,42,C&C,0.9976133651551312,209,SAFE_FINAL_01
x_iiotid,A_raw,lgbm,42,Dictionary,1.0,188,SAFE_FINAL_01
x_iiotid,A_raw,lgbm,42,Discovering_resources,1.0,1692,SAFE_FINAL_01
x_iiotid,A_raw,lgbm,42,Exfiltration,0.9996908809891808,1618,SAFE_FINAL_01
x_iiotid,A_raw,lgbm,42,Fake_notification,1.0,2,SAFE_FINAL_01
x_iiotid,A_raw,lgbm,42,False_data_injection,1.0,373,SAFE_FINAL_01
x_iiotid,A_raw,lgbm,42,Generic_scanning,1.0,3675,SAFE_FINAL_01
x_iiotid,A_raw,lgbm,42,MQTT_cloud_broker_subscription,1.0,1720,SAFE_FINAL_01
x_iiotid,A_raw,lgbm,42,MitM,1.0,9,SAFE_FINAL_01
x_iiotid,A_raw,lgbm,42,Modbus_register_reading,1.0,435,SAFE_FINAL_01
x_iiotid,A_raw,lgbm,42,Normal,0.9999513073964065,30804,SAFE_FINAL_01
x_iiotid,A_raw,lgbm,42,RDOS,1.0,10326,SAFE_FINAL_01
x_iiotid,A_raw,lgbm,42,Reverse_shell,0.9793103448275862,74,SAFE_FINAL_01
x_iiotid,A_raw,lgbm,42,Scanning_vulnerability,1.0,3863,SAFE_FINAL_01
x_iiotid,A_raw,lgbm,42,TCP Relay,1.0,155,SAFE_FINAL_01
x_iiotid,A_raw,lgbm,42,crypto-ransomware,1.0,33,SAFE_FINAL_01
x_iiotid,A_raw,lgbm,42,fuzzing,1.0,96,SAFE_FINAL_01
x_iiotid,A_raw,lgbm,42,insider_malcious,1.0,1275,SAFE_FINAL_01
x_iiotid,A_raw,mlp_softmax_en,42,BruteForce,1.0,3453,SAFE_FINAL_01
x_iiotid,A_raw,mlp_softmax_en,42,C&C,0.9976133651551312,209,SAFE_FINAL_01
x_iiotid,A_raw,mlp_softmax_en,42,Dictionary,1.0,188,SAFE_FINAL_01
x_iiotid,A_raw,mlp_softmax_en,42,Discovering_resources,0.9842840512223515,1692,SAFE_FINAL_01
x_iiotid,A_raw,mlp_softmax_en,42,Exfiltration,0.9996908809891808,1618,SAFE_FINAL_01
x_iiotid,A_raw,mlp_softmax_en,42,Fake_notification,1.0,2,SAFE_FINAL_01
x_iiotid,A_raw,mlp_softmax_en,42,False_data_injection,0.9854689564068693,373,SAFE_FINAL_01
x_iiotid,A_raw,mlp_softmax_en,42,Generic_scanning,0.9995920032639739,3675,SAFE_FINAL_01
x_iiotid,A_raw,mlp_softmax_en,42,MQTT_cloud_broker_subscription,0.9982588508415554,1720,SAFE_FINAL_01
x_iiotid,A_raw,mlp_softmax_en,42,MitM,1.0,9,SAFE_FINAL_01
x_iiotid,A_raw,mlp_softmax_en,42,Modbus_register_reading,1.0,435,SAFE_FINAL_01
x_iiotid,A_raw,mlp_softmax_en,42,Normal,0.9971521098797377,30804,SAFE_FINAL_01
x_iiotid,A_raw,mlp_softmax_en,42,RDOS,0.9999031570792175,10326,SAFE_FINAL_01
x_iiotid,A_raw,mlp_softmax_en,42,Reverse_shell,0.9523809523809523,74,SAFE_FINAL_01
x_iiotid,A_raw,mlp_softmax_en,42,Scanning_vulnerability,0.9997411338338079,3863,SAFE_FINAL_01
x_iiotid,A_raw,mlp_softmax_en,42,TCP Relay,0.8959537572254336,155,SAFE_FINAL_01
x_iiotid,A_raw,mlp_softmax_en,42,crypto-ransomware,0.96875,33,SAFE_FINAL_01
x_iiotid,A_raw,mlp_softmax_en,42,fuzzing,0.7673469387755102,96,SAFE_FINAL_01
x_iiotid,A_raw,mlp_softmax_en,42,insider_malcious,0.999607996863975,1275,SAFE_FINAL_01
x_iiotid,A_raw,mlp_edl_both,42,BruteForce,0.9997104806022004,3453,SAFE_FINAL_01
x_iiotid,A_raw,mlp_edl_both,42,C&C,0.9698375870069605,209,SAFE_FINAL_01
x_iiotid,A_raw,mlp_edl_both,42,Dictionary,1.0,188,SAFE_FINAL_01
x_iiotid,A_raw,mlp_edl_both,42,Discovering_resources,0.9690483077813132,1692,SAFE_FINAL_01
x_iiotid,A_raw,mlp_edl_both,42,Exfiltration,0.9990726429675425,1618,SAFE_FINAL_01
x_iiotid,A_raw,mlp_edl_both,42,Fake_notification,1.0,2,SAFE_FINAL_01
x_iiotid,A_raw,mlp_edl_both,42,False_data_injection,0.9725490196078431,373,SAFE_FINAL_01
x_iiotid,A_raw,mlp_edl_both,42,Generic_scanning,0.9974096796182685,3675,SAFE_FINAL_01
x_iiotid,A_raw,mlp_edl_both,42,MQTT_cloud_broker_subscription,0.9953542392566783,1720,SAFE_FINAL_01
x_iiotid,A_raw,mlp_edl_both,42,MitM,0.9,9,SAFE_FINAL_01
x_iiotid,A_raw,mlp_edl_both,42,Modbus_register_reading,0.9988518943742825,435,SAFE_FINAL_01
x_iiotid,A_raw,mlp_edl_both,42,Normal,0.9944257913094501,30804,SAFE_FINAL_01
x_iiotid,A_raw,mlp_edl_both,42,RDOS,0.9993704295607535,10326,SAFE_FINAL_01
x_iiotid,A_raw,mlp_edl_both,42,Reverse_shell,0.948051948051948,74,SAFE_FINAL_01
x_iiotid,A_raw,mlp_edl_both,42,Scanning_vulnerability,0.9980597594101669,3863,SAFE_FINAL_01
x_iiotid,A_raw,mlp_edl_both,42,TCP Relay,0.7401960784313726,155,SAFE_FINAL_01
x_iiotid,A_raw,mlp_edl_both,42,crypto-ransomware,0.9552238805970149,33,SAFE_FINAL_01
x_iiotid,A_raw,mlp_edl_both,42,fuzzing,0.7416666666666667,96,SAFE_FINAL_01
x_iiotid,A_raw,mlp_edl_both,42,insider_malcious,0.999607996863975,1275,SAFE_FINAL_01
x_iiotid,A_raw,rf,7,BruteForce,0.9998551774076756,3453,SAFE_FINAL_01
x_iiotid,A_raw,rf,7,C&C,1.0,209,SAFE_FINAL_01
x_iiotid,A_raw,rf,7,Dictionary,1.0,188,SAFE_FINAL_01
x_iiotid,A_raw,rf,7,Discovering_resources,0.9994086339444116,1692,SAFE_FINAL_01
x_iiotid,A_raw,rf,7,Exfiltration,1.0,1618,SAFE_FINAL_01
x_iiotid,A_raw,rf,7,Fake_notification,1.0,2,SAFE_FINAL_01
x_iiotid,A_raw,rf,7,False_data_injection,1.0,373,SAFE_FINAL_01
x_iiotid,A_raw,rf,7,Generic_scanning,1.0,3675,SAFE_FINAL_01
x_iiotid,A_raw,rf,7,MQTT_cloud_broker_subscription,0.9997092177958709,1720,SAFE_FINAL_01
x_iiotid,A_raw,rf,7,MitM,1.0,9,SAFE_FINAL_01
x_iiotid,A_raw,rf,7,Modbus_register_reading,1.0,435,SAFE_FINAL_01
x_iiotid,A_raw,rf,7,Normal,0.9998214836332949,30804,SAFE_FINAL_01
x_iiotid,A_raw,rf,7,RDOS,1.0,10326,SAFE_FINAL_01
x_iiotid,A_raw,rf,7,Reverse_shell,0.9863013698630136,74,SAFE_FINAL_01
x_iiotid,A_raw,rf,7,Scanning_vulnerability,1.0,3863,SAFE_FINAL_01
x_iiotid,A_raw,rf,7,TCP Relay,0.9869281045751634,155,SAFE_FINAL_01
x_iiotid,A_raw,rf,7,crypto-ransomware,1.0,33,SAFE_FINAL_01
x_iiotid,A_raw,rf,7,fuzzing,0.9947643979057592,96,SAFE_FINAL_01
x_iiotid,A_raw,rf,7,insider_malcious,1.0,1275,SAFE_FINAL_01
x_iiotid,A_raw,lgbm,7,BruteForce,0.9998551774076756,3453,SAFE_FINAL_01
x_iiotid,A_raw,lgbm,7,C&C,1.0,209,SAFE_FINAL_01
x_iiotid,A_raw,lgbm,7,Dictionary,1.0,188,SAFE_FINAL_01
x_iiotid,A_raw,lgbm,7,Discovering_resources,0.9997044043748152,1692,SAFE_FINAL_01
x_iiotid,A_raw,lgbm,7,Exfiltration,1.0,1618,SAFE_FINAL_01
x_iiotid,A_raw,lgbm,7,Fake_notification,1.0,2,SAFE_FINAL_01
x_iiotid,A_raw,lgbm,7,False_data_injection,1.0,373,SAFE_FINAL_01
x_iiotid,A_raw,lgbm,7,Generic_scanning,1.0,3675,SAFE_FINAL_01
x_iiotid,A_raw,lgbm,7,MQTT_cloud_broker_subscription,1.0,1720,SAFE_FINAL_01
x_iiotid,A_raw,lgbm,7,MitM,1.0,9,SAFE_FINAL_01
x_iiotid,A_raw,lgbm,7,Modbus_register_reading,1.0,435,SAFE_FINAL_01
x_iiotid,A_raw,lgbm,7,Normal,0.9999350775822892,30804,SAFE_FINAL_01
x_iiotid,A_raw,lgbm,7,RDOS,1.0,10326,SAFE_FINAL_01
x_iiotid,A_raw,lgbm,7,Reverse_shell,0.9863013698630136,74,SAFE_FINAL_01
x_iiotid,A_raw,lgbm,7,Scanning_vulnerability,1.0,3863,SAFE_FINAL_01
x_iiotid,A_raw,lgbm,7,TCP Relay,1.0,155,SAFE_FINAL_01
x_iiotid,A_raw,lgbm,7,crypto-ransomware,1.0,33,SAFE_FINAL_01
x_iiotid,A_raw,lgbm,7,fuzzing,1.0,96,SAFE_FINAL_01
x_iiotid,A_raw,lgbm,7,insider_malcious,1.0,1275,SAFE_FINAL_01
x_iiotid,A_raw,mlp_softmax_en,7,BruteForce,0.9998551774076756,3453,SAFE_FINAL_01
x_iiotid,A_raw,mlp_softmax_en,7,C&C,0.9583333333333334,209,SAFE_FINAL_01
x_iiotid,A_raw,mlp_softmax_en,7,Dictionary,0.9894736842105263,188,SAFE_FINAL_01
x_iiotid,A_raw,mlp_softmax_en,7,Discovering_resources,0.9906048150322959,1692,SAFE_FINAL_01
x_iiotid,A_raw,mlp_softmax_en,7,Exfiltration,1.0,1618,SAFE_FINAL_01
x_iiotid,A_raw,mlp_softmax_en,7,Fake_notification,1.0,2,SAFE_FINAL_01
x_iiotid,A_raw,mlp_softmax_en,7,False_data_injection,0.9893899204244032,373,SAFE_FINAL_01
x_iiotid,A_raw,mlp_softmax_en,7,Generic_scanning,0.9990477486056318,3675,SAFE_FINAL_01
x_iiotid,A_raw,mlp_softmax_en,7,MQTT_cloud_broker_subscription,0.9982578397212544,1720,SAFE_FINAL_01
x_iiotid,A_raw,mlp_softmax_en,7,MitM,1.0,9,SAFE_FINAL_01
x_iiotid,A_raw,mlp_softmax_en,7,Modbus_register_reading,1.0,435,SAFE_FINAL_01
x_iiotid,A_raw,mlp_softmax_en,7,Normal,0.9959764778706283,30804,SAFE_FINAL_01
x_iiotid,A_raw,mlp_softmax_en,7,RDOS,0.9994674928595634,10326,SAFE_FINAL_01
x_iiotid,A_raw,mlp_softmax_en,7,Reverse_shell,0.9733333333333334,74,SAFE_FINAL_01
x_iiotid,A_raw,mlp_softmax_en,7,Scanning_vulnerability,0.9994819994819995,3863,SAFE_FINAL_01
x_iiotid,A_raw,mlp_softmax_en,7,TCP Relay,0.8659217877094972,155,SAFE_FINAL_01
x_iiotid,A_raw,mlp_softmax_en,7,crypto-ransomware,1.0,33,SAFE_FINAL_01
x_iiotid,A_raw,mlp_softmax_en,7,fuzzing,0.6254071661237784,96,SAFE_FINAL_01
x_iiotid,A_raw,mlp_softmax_en,7,insider_malcious,0.999607996863975,1275,SAFE_FINAL_01
x_iiotid,A_raw,mlp_edl_both,7,BruteForce,0.9988425925925926,3453,SAFE_FINAL_01
x_iiotid,A_raw,mlp_edl_both,7,C&C,0.9366515837104072,209,SAFE_FINAL_01
x_iiotid,A_raw,mlp_edl_both,7,Dictionary,0.9947089947089947,188,SAFE_FINAL_01
x_iiotid,A_raw,mlp_edl_both,7,Discovering_resources,0.9556566230812962,1692,SAFE_FINAL_01
x_iiotid,A_raw,mlp_edl_both,7,Exfiltration,0.9987654320987654,1618,SAFE_FINAL_01
x_iiotid,A_raw,mlp_edl_both,7,Fake_notification,0.0,2,SAFE_FINAL_01
x_iiotid,A_raw,mlp_edl_both,7,False_data_injection,0.9841688654353562,373,SAFE_FINAL_01
x_iiotid,A_raw,mlp_edl_both,7,Generic_scanning,0.9975516866158868,3675,SAFE_FINAL_01
x_iiotid,A_raw,mlp_edl_both,7,MQTT_cloud_broker_subscription,0.9947886508396062,1720,SAFE_FINAL_01
x_iiotid,A_raw,mlp_edl_both,7,MitM,0.9473684210526315,9,SAFE_FINAL_01
x_iiotid,A_raw,mlp_edl_both,7,Modbus_register_reading,0.9954233409610984,435,SAFE_FINAL_01
x_iiotid,A_raw,mlp_edl_both,7,Normal,0.9919769930881224,30804,SAFE_FINAL_01
x_iiotid,A_raw,mlp_edl_both,7,RDOS,0.9985473561882626,10326,SAFE_FINAL_01
x_iiotid,A_raw,mlp_edl_both,7,Reverse_shell,0.9358974358974359,74,SAFE_FINAL_01
x_iiotid,A_raw,mlp_edl_both,7,Scanning_vulnerability,0.9992227979274612,3863,SAFE_FINAL_01
x_iiotid,A_raw,mlp_edl_both,7,TCP Relay,0.7209302325581395,155,SAFE_FINAL_01
x_iiotid,A_raw,mlp_edl_both,7,crypto-ransomware,0.9295774647887324,33,SAFE_FINAL_01
x_iiotid,A_raw,mlp_edl_both,7,fuzzing,0.6642066420664207,96,SAFE_FINAL_01
x_iiotid,A_raw,mlp_edl_both,7,insider_malcious,0.9992163009404389,1275,SAFE_FINAL_01
x_iiotid,A_raw,rf,13,BruteForce,0.9998551774076756,3453,SAFE_FINAL_01
x_iiotid,A_raw,rf,13,C&C,1.0,209,SAFE_FINAL_01
x_iiotid,A_raw,rf,13,Dictionary,1.0,188,SAFE_FINAL_01
x_iiotid,A_raw,rf,13,Discovering_resources,0.9988165680473373,1692,SAFE_FINAL_01
x_iiotid,A_raw,rf,13,Exfiltration,1.0,1618,SAFE_FINAL_01
x_iiotid,A_raw,rf,13,Fake_notification,1.0,2,SAFE_FINAL_01
x_iiotid,A_raw,rf,13,False_data_injection,0.9973118279569892,373,SAFE_FINAL_01
x_iiotid,A_raw,rf,13,Generic_scanning,1.0,3675,SAFE_FINAL_01
x_iiotid,A_raw,rf,13,MQTT_cloud_broker_subscription,0.9997092177958709,1720,SAFE_FINAL_01
x_iiotid,A_raw,rf,13,MitM,1.0,9,SAFE_FINAL_01
x_iiotid,A_raw,rf,13,Modbus_register_reading,0.9977064220183486,435,SAFE_FINAL_01
x_iiotid,A_raw,rf,13,Normal,0.9997565685908567,30804,SAFE_FINAL_01
x_iiotid,A_raw,rf,13,RDOS,1.0,10326,SAFE_FINAL_01
x_iiotid,A_raw,rf,13,Reverse_shell,0.9931972789115646,74,SAFE_FINAL_01
x_iiotid,A_raw,rf,13,Scanning_vulnerability,1.0,3863,SAFE_FINAL_01
x_iiotid,A_raw,rf,13,TCP Relay,0.9967637540453075,155,SAFE_FINAL_01
x_iiotid,A_raw,rf,13,crypto-ransomware,1.0,33,SAFE_FINAL_01
x_iiotid,A_raw,rf,13,fuzzing,0.9841269841269841,96,SAFE_FINAL_01
x_iiotid,A_raw,rf,13,insider_malcious,1.0,1275,SAFE_FINAL_01
x_iiotid,A_raw,lgbm,13,BruteForce,0.9998551774076756,3453,SAFE_FINAL_01
x_iiotid,A_raw,lgbm,13,C&C,1.0,209,SAFE_FINAL_01
x_iiotid,A_raw,lgbm,13,Dictionary,1.0,188,SAFE_FINAL_01
x_iiotid,A_raw,lgbm,13,Discovering_resources,0.9997044043748152,1692,SAFE_FINAL_01
x_iiotid,A_raw,lgbm,13,Exfiltration,1.0,1618,SAFE_FINAL_01
x_iiotid,A_raw,lgbm,13,Fake_notification,1.0,2,SAFE_FINAL_01
x_iiotid,A_raw,lgbm,13,False_data_injection,1.0,373,SAFE_FINAL_01
x_iiotid,A_raw,lgbm,13,Generic_scanning,1.0,3675,SAFE_FINAL_01
x_iiotid,A_raw,lgbm,13,MQTT_cloud_broker_subscription,0.999709386806161,1720,SAFE_FINAL_01
x_iiotid,A_raw,lgbm,13,MitM,1.0,9,SAFE_FINAL_01
x_iiotid,A_raw,lgbm,13,Modbus_register_reading,0.9977064220183486,435,SAFE_FINAL_01
x_iiotid,A_raw,lgbm,13,Normal,0.9999026100506427,30804,SAFE_FINAL_01
x_iiotid,A_raw,lgbm,13,RDOS,1.0,10326,SAFE_FINAL_01
x_iiotid,A_raw,lgbm,13,Reverse_shell,0.9931972789115646,74,SAFE_FINAL_01
x_iiotid,A_raw,lgbm,13,Scanning_vulnerability,1.0,3863,SAFE_FINAL_01
x_iiotid,A_raw,lgbm,13,TCP Relay,1.0,155,SAFE_FINAL_01
x_iiotid,A_raw,lgbm,13,crypto-ransomware,1.0,33,SAFE_FINAL_01
x_iiotid,A_raw,lgbm,13,fuzzing,1.0,96,SAFE_FINAL_01
x_iiotid,A_raw,lgbm,13,insider_malcious,1.0,1275,SAFE_FINAL_01
x_iiotid,A_raw,mlp_softmax_en,13,BruteForce,0.9998551774076756,3453,SAFE_FINAL_01
x_iiotid,A_raw,mlp_softmax_en,13,C&C,0.9675925925925926,209,SAFE_FINAL_01
x_iiotid,A_raw,mlp_softmax_en,13,Dictionary,1.0,188,SAFE_FINAL_01
x_iiotid,A_raw,mlp_softmax_en,13,Discovering_resources,0.9871570344424986,1692,SAFE_FINAL_01
x_iiotid,A_raw,mlp_softmax_en,13,Exfiltration,1.0,1618,SAFE_FINAL_01
x_iiotid,A_raw,mlp_softmax_en,13,Fake_notification,1.0,2,SAFE_FINAL_01
x_iiotid,A_raw,mlp_softmax_en,13,False_data_injection,0.9763779527559056,373,SAFE_FINAL_01
x_iiotid,A_raw,mlp_softmax_en,13,Generic_scanning,0.9995920032639739,3675,SAFE_FINAL_01
x_iiotid,A_raw,mlp_softmax_en,13,MQTT_cloud_broker_subscription,0.9979680696661829,1720,SAFE_FINAL_01
x_iiotid,A_raw,mlp_softmax_en,13,MitM,0.9473684210526315,9,SAFE_FINAL_01
x_iiotid,A_raw,mlp_softmax_en,13,Modbus_register_reading,0.9977064220183486,435,SAFE_FINAL_01
x_iiotid,A_raw,mlp_softmax_en,13,Normal,0.9964995685514726,30804,SAFE_FINAL_01
x_iiotid,A_raw,mlp_softmax_en,13,RDOS,0.9999031664568606,10326,SAFE_FINAL_01
x_iiotid,A_raw,mlp_softmax_en,13,Reverse_shell,0.9161290322580645,74,SAFE_FINAL_01
x_iiotid,A_raw,mlp_softmax_en,13,Scanning_vulnerability,0.9996116504854369,3863,SAFE_FINAL_01
x_iiotid,A_raw,mlp_softmax_en,13,TCP Relay,0.8333333333333334,155,SAFE_FINAL_01
x_iiotid,A_raw,mlp_softmax_en,13,crypto-ransomware,0.9850746268656716,33,SAFE_FINAL_01
x_iiotid,A_raw,mlp_softmax_en,13,fuzzing,0.7699115044247787,96,SAFE_FINAL_01
x_iiotid,A_raw,mlp_softmax_en,13,insider_malcious,1.0,1275,SAFE_FINAL_01
x_iiotid,A_raw,mlp_edl_both,13,BruteForce,0.9998551774076756,3453,SAFE_FINAL_01
x_iiotid,A_raw,mlp_edl_both,13,C&C,0.9788235294117648,209,SAFE_FINAL_01
x_iiotid,A_raw,mlp_edl_both,13,Dictionary,1.0,188,SAFE_FINAL_01
x_iiotid,A_raw,mlp_edl_both,13,Discovering_resources,0.9932372831520141,1692,SAFE_FINAL_01
x_iiotid,A_raw,mlp_edl_both,13,Exfiltration,0.9996908809891808,1618,SAFE_FINAL_01
x_iiotid,A_raw,mlp_edl_both,13,Fake_notification,0.4444444444444444,2,SAFE_FINAL_01
x_iiotid,A_raw,mlp_edl_both,13,False_data_injection,0.9854304635761589,373,SAFE_FINAL_01
x_iiotid,A_raw,mlp_edl_both,13,Generic_scanning,0.998911860718172,3675,SAFE_FINAL_01
x_iiotid,A_raw,mlp_edl_both,13,MQTT_cloud_broker_subscription,0.9979668893406912,1720,SAFE_FINAL_01
x_iiotid,A_raw,mlp_edl_both,13,MitM,0.9,9,SAFE_FINAL_01
x_iiotid,A_raw,mlp_edl_both,13,Modbus_register_reading,0.9965635738831615,435,SAFE_FINAL_01
x_iiotid,A_raw,mlp_edl_both,13,Normal,0.996532582330821,30804,SAFE_FINAL_01
x_iiotid,A_raw,mlp_edl_both,13,RDOS,0.9995642701525055,10326,SAFE_FINAL_01
x_iiotid,A_raw,mlp_edl_both,13,Reverse_shell,0.9419354838709677,74,SAFE_FINAL_01
x_iiotid,A_raw,mlp_edl_both,13,Scanning_vulnerability,0.9996116504854369,3863,SAFE_FINAL_01
x_iiotid,A_raw,mlp_edl_both,13,TCP Relay,0.8484848484848485,155,SAFE_FINAL_01
x_iiotid,A_raw,mlp_edl_both,13,crypto-ransomware,0.9850746268656716,33,SAFE_FINAL_01
x_iiotid,A_raw,mlp_edl_both,13,fuzzing,0.7104247104247104,96,SAFE_FINAL_01
x_iiotid,A_raw,mlp_edl_both,13,insider_malcious,0.9988249118683902,1275,SAFE_FINAL_01
x_iiotid,A_raw,rf,21,BruteForce,0.9998551774076756,3453,SAFE_FINAL_01
x_iiotid,A_raw,rf,21,C&C,1.0,209,SAFE_FINAL_01
x_iiotid,A_raw,rf,21,Dictionary,1.0,188,SAFE_FINAL_01
x_iiotid,A_raw,rf,21,Discovering_resources,0.9985202722699024,1692,SAFE_FINAL_01
x_iiotid,A_raw,rf,21,Exfiltration,1.0,1618,SAFE_FINAL_01
x_iiotid,A_raw,rf,21,Fake_notification,1.0,2,SAFE_FINAL_01
x_iiotid,A_raw,rf,21,False_data_injection,0.9973118279569892,373,SAFE_FINAL_01
x_iiotid,A_raw,rf,21,Generic_scanning,1.0,3675,SAFE_FINAL_01
x_iiotid,A_raw,rf,21,MQTT_cloud_broker_subscription,0.9997092177958709,1720,SAFE_FINAL_01
x_iiotid,A_raw,rf,21,MitM,1.0,9,SAFE_FINAL_01
x_iiotid,A_raw,rf,21,Modbus_register_reading,1.0,435,SAFE_FINAL_01
x_iiotid,A_raw,rf,21,Normal,0.9996430194067631,30804,SAFE_FINAL_01
x_iiotid,A_raw,rf,21,RDOS,0.9999031570792175,10326,SAFE_FINAL_01
x_iiotid,A_raw,rf,21,Reverse_shell,0.9931972789115646,74,SAFE_FINAL_01
x_iiotid,A_raw,rf,21,Scanning_vulnerability,0.9998705501618123,3863,SAFE_FINAL_01
x_iiotid,A_raw,rf,21,TCP Relay,0.9802631578947368,155,SAFE_FINAL_01
x_iiotid,A_raw,rf,21,crypto-ransomware,0.9523809523809523,33,SAFE_FINAL_01
x_iiotid,A_raw,rf,21,fuzzing,1.0,96,SAFE_FINAL_01
x_iiotid,A_raw,rf,21,insider_malcious,1.0,1275,SAFE_FINAL_01
x_iiotid,A_raw,lgbm,21,BruteForce,0.9998551774076756,3453,SAFE_FINAL_01
x_iiotid,A_raw,lgbm,21,C&C,1.0,209,SAFE_FINAL_01
x_iiotid,A_raw,lgbm,21,Dictionary,1.0,188,SAFE_FINAL_01
x_iiotid,A_raw,lgbm,21,Discovering_resources,0.9994086339444116,1692,SAFE_FINAL_01
x_iiotid,A_raw,lgbm,21,Exfiltration,1.0,1618,SAFE_FINAL_01
x_iiotid,A_raw,lgbm,21,Fake_notification,1.0,2,SAFE_FINAL_01
x_iiotid,A_raw,lgbm,21,False_data_injection,1.0,373,SAFE_FINAL_01
x_iiotid,A_raw,lgbm,21,Generic_scanning,1.0,3675,SAFE_FINAL_01
x_iiotid,A_raw,lgbm,21,MQTT_cloud_broker_subscription,1.0,1720,SAFE_FINAL_01
x_iiotid,A_raw,lgbm,21,MitM,1.0,9,SAFE_FINAL_01
x_iiotid,A_raw,lgbm,21,Modbus_register_reading,1.0,435,SAFE_FINAL_01
x_iiotid,A_raw,lgbm,21,Normal,0.9999188456606775,30804,SAFE_FINAL_01
x_iiotid,A_raw,lgbm,21,RDOS,1.0,10326,SAFE_FINAL_01
x_iiotid,A_raw,lgbm,21,Reverse_shell,0.9931972789115646,74,SAFE_FINAL_01
x_iiotid,A_raw,lgbm,21,Scanning_vulnerability,0.9998705836676589,3863,SAFE_FINAL_01
x_iiotid,A_raw,lgbm,21,TCP Relay,1.0,155,SAFE_FINAL_01
x_iiotid,A_raw,lgbm,21,crypto-ransomware,1.0,33,SAFE_FINAL_01
x_iiotid,A_raw,lgbm,21,fuzzing,1.0,96,SAFE_FINAL_01
x_iiotid,A_raw,lgbm,21,insider_malcious,1.0,1275,SAFE_FINAL_01
x_iiotid,A_raw,mlp_softmax_en,21,BruteForce,0.9998551774076756,3453,SAFE_FINAL_01
x_iiotid,A_raw,mlp_softmax_en,21,C&C,0.9698375870069605,209,SAFE_FINAL_01
x_iiotid,A_raw,mlp_softmax_en,21,Dictionary,1.0,188,SAFE_FINAL_01
x_iiotid,A_raw,mlp_softmax_en,21,Discovering_resources,0.9717579250720461,1692,SAFE_FINAL_01
x_iiotid,A_raw,mlp_softmax_en,21,Exfiltration,1.0,1618,SAFE_FINAL_01
x_iiotid,A_raw,mlp_softmax_en,21,Fake_notification,0.6666666666666666,2,SAFE_FINAL_01
x_iiotid,A_raw,mlp_softmax_en,21,False_data_injection,0.986737400530504,373,SAFE_FINAL_01
x_iiotid,A_raw,mlp_softmax_en,21,Generic_scanning,0.9987756767786695,3675,SAFE_FINAL_01
x_iiotid,A_raw,mlp_softmax_en,21,MQTT_cloud_broker_subscription,0.9976784677887406,1720,SAFE_FINAL_01
x_iiotid,A_raw,mlp_softmax_en,21,MitM,0.9473684210526315,9,SAFE_FINAL_01
x_iiotid,A_raw,mlp_softmax_en,21,Modbus_register_reading,1.0,435,SAFE_FINAL_01
x_iiotid,A_raw,mlp_softmax_en,21,Normal,0.9953891522883165,30804,SAFE_FINAL_01
x_iiotid,A_raw,mlp_softmax_en,21,RDOS,0.9994191674733786,10326,SAFE_FINAL_01
x_iiotid,A_raw,mlp_softmax_en,21,Reverse_shell,0.9290322580645162,74,SAFE_FINAL_01
x_iiotid,A_raw,mlp_softmax_en,21,Scanning_vulnerability,0.9996115499158358,3863,SAFE_FINAL_01
x_iiotid,A_raw,mlp_softmax_en,21,TCP Relay,0.8209366391184573,155,SAFE_FINAL_01
x_iiotid,A_raw,mlp_softmax_en,21,crypto-ransomware,0.9846153846153847,33,SAFE_FINAL_01
x_iiotid,A_raw,mlp_softmax_en,21,fuzzing,0.757201646090535,96,SAFE_FINAL_01
x_iiotid,A_raw,mlp_softmax_en,21,insider_malcious,1.0,1275,SAFE_FINAL_01
x_iiotid,A_raw,mlp_edl_both,21,BruteForce,0.9997103967564437,3453,SAFE_FINAL_01
x_iiotid,A_raw,mlp_edl_both,21,C&C,0.8950749464668094,209,SAFE_FINAL_01
x_iiotid,A_raw,mlp_edl_both,21,Dictionary,1.0,188,SAFE_FINAL_01
x_iiotid,A_raw,mlp_edl_both,21,Discovering_resources,0.8935371413247519,1692,SAFE_FINAL_01
x_iiotid,A_raw,mlp_edl_both,21,Exfiltration,0.9984572662758407,1618,SAFE_FINAL_01
x_iiotid,A_raw,mlp_edl_both,21,Fake_notification,0.5714285714285714,2,SAFE_FINAL_01
x_iiotid,A_raw,mlp_edl_both,21,False_data_injection,0.9659685863874345,373,SAFE_FINAL_01
x_iiotid,A_raw,mlp_edl_both,21,Generic_scanning,0.9790669038172116,3675,SAFE_FINAL_01
x_iiotid,A_raw,mlp_edl_both,21,MQTT_cloud_broker_subscription,0.9924330616996507,1720,SAFE_FINAL_01
x_iiotid,A_raw,mlp_edl_both,21,MitM,0.9,9,SAFE_FINAL_01
x_iiotid,A_raw,mlp_edl_both,21,Modbus_register_reading,1.0,435,SAFE_FINAL_01
x_iiotid,A_raw,mlp_edl_both,21,Normal,0.9869146005509641,30804,SAFE_FINAL_01
x_iiotid,A_raw,mlp_edl_both,21,RDOS,0.9987410420298276,10326,SAFE_FINAL_01
x_iiotid,A_raw,mlp_edl_both,21,Reverse_shell,0.9299363057324841,74,SAFE_FINAL_01
x_iiotid,A_raw,mlp_edl_both,21,Scanning_vulnerability,0.9811710085117359,3863,SAFE_FINAL_01
x_iiotid,A_raw,mlp_edl_both,21,TCP Relay,0.6965174129353234,155,SAFE_FINAL_01
x_iiotid,A_raw,mlp_edl_both,21,crypto-ransomware,0.9846153846153847,33,SAFE_FINAL_01
x_iiotid,A_raw,mlp_edl_both,21,fuzzing,0.5530546623794212,96,SAFE_FINAL_01
x_iiotid,A_raw,mlp_edl_both,21,insider_malcious,1.0,1275,SAFE_FINAL_01
x_iiotid,A_raw,rf,99,BruteForce,1.0,3453,SAFE_FINAL_01
x_iiotid,A_raw,rf,99,C&C,1.0,209,SAFE_FINAL_01
x_iiotid,A_raw,rf,99,Dictionary,1.0,188,SAFE_FINAL_01
x_iiotid,A_raw,rf,99,Discovering_resources,0.9994086339444116,1692,SAFE_FINAL_01
x_iiotid,A_raw,rf,99,Exfiltration,0.9996908809891808,1618,SAFE_FINAL_01
x_iiotid,A_raw,rf,99,Fake_notification,1.0,2,SAFE_FINAL_01
x_iiotid,A_raw,rf,99,False_data_injection,1.0,373,SAFE_FINAL_01
x_iiotid,A_raw,rf,99,Generic_scanning,1.0,3675,SAFE_FINAL_01
x_iiotid,A_raw,rf,99,MQTT_cloud_broker_subscription,0.9997092177958709,1720,SAFE_FINAL_01
x_iiotid,A_raw,rf,99,MitM,1.0,9,SAFE_FINAL_01
x_iiotid,A_raw,rf,99,Modbus_register_reading,1.0,435,SAFE_FINAL_01
x_iiotid,A_raw,rf,99,Normal,0.9998701593793619,30804,SAFE_FINAL_01
x_iiotid,A_raw,rf,99,RDOS,0.999951580884133,10326,SAFE_FINAL_01
x_iiotid,A_raw,rf,99,Reverse_shell,1.0,74,SAFE_FINAL_01
x_iiotid,A_raw,rf,99,Scanning_vulnerability,1.0,3863,SAFE_FINAL_01
x_iiotid,A_raw,rf,99,TCP Relay,0.990228013029316,155,SAFE_FINAL_01
x_iiotid,A_raw,rf,99,crypto-ransomware,1.0,33,SAFE_FINAL_01
x_iiotid,A_raw,rf,99,fuzzing,1.0,96,SAFE_FINAL_01
x_iiotid,A_raw,rf,99,insider_malcious,1.0,1275,SAFE_FINAL_01
x_iiotid,A_raw,lgbm,99,BruteForce,1.0,3453,SAFE_FINAL_01
x_iiotid,A_raw,lgbm,99,C&C,1.0,209,SAFE_FINAL_01
x_iiotid,A_raw,lgbm,99,Dictionary,0.9946524064171123,188,SAFE_FINAL_01
x_iiotid,A_raw,lgbm,99,Discovering_resources,0.9997044043748152,1692,SAFE_FINAL_01
x_iiotid,A_raw,lgbm,99,Exfiltration,1.0,1618,SAFE_FINAL_01
x_iiotid,A_raw,lgbm,99,Fake_notification,1.0,2,SAFE_FINAL_01
x_iiotid,A_raw,lgbm,99,False_data_injection,1.0,373,SAFE_FINAL_01
x_iiotid,A_raw,lgbm,99,Generic_scanning,1.0,3675,SAFE_FINAL_01
x_iiotid,A_raw,lgbm,99,MQTT_cloud_broker_subscription,1.0,1720,SAFE_FINAL_01
x_iiotid,A_raw,lgbm,99,MitM,0.8,9,SAFE_FINAL_01
x_iiotid,A_raw,lgbm,99,Modbus_register_reading,1.0,435,SAFE_FINAL_01
x_iiotid,A_raw,lgbm,99,Normal,0.9998863913008196,30804,SAFE_FINAL_01
x_iiotid,A_raw,lgbm,99,RDOS,1.0,10326,SAFE_FINAL_01
x_iiotid,A_raw,lgbm,99,Reverse_shell,1.0,74,SAFE_FINAL_01
x_iiotid,A_raw,lgbm,99,Scanning_vulnerability,1.0,3863,SAFE_FINAL_01
x_iiotid,A_raw,lgbm,99,TCP Relay,1.0,155,SAFE_FINAL_01
x_iiotid,A_raw,lgbm,99,crypto-ransomware,1.0,33,SAFE_FINAL_01
x_iiotid,A_raw,lgbm,99,fuzzing,0.9947643979057592,96,SAFE_FINAL_01
x_iiotid,A_raw,lgbm,99,insider_malcious,1.0,1275,SAFE_FINAL_01
x_iiotid,A_raw,mlp_softmax_en,99,BruteForce,1.0,3453,SAFE_FINAL_01
x_iiotid,A_raw,mlp_softmax_en,99,C&C,0.9629629629629629,209,SAFE_FINAL_01
x_iiotid,A_raw,mlp_softmax_en,99,Dictionary,1.0,188,SAFE_FINAL_01
x_iiotid,A_raw,mlp_softmax_en,99,Discovering_resources,0.9944002357795462,1692,SAFE_FINAL_01
x_iiotid,A_raw,mlp_softmax_en,99,Exfiltration,0.9996908809891808,1618,SAFE_FINAL_01
x_iiotid,A_raw,mlp_softmax_en,99,Fake_notification,0.5714285714285714,2,SAFE_FINAL_01
x_iiotid,A_raw,mlp_softmax_en,99,False_data_injection,0.9867724867724867,373,SAFE_FINAL_01
x_iiotid,A_raw,mlp_softmax_en,99,Generic_scanning,0.9995920032639739,3675,SAFE_FINAL_01
x_iiotid,A_raw,mlp_softmax_en,99,MQTT_cloud_broker_subscription,0.9976798143851509,1720,SAFE_FINAL_01
x_iiotid,A_raw,mlp_softmax_en,99,MitM,1.0,9,SAFE_FINAL_01
x_iiotid,A_raw,mlp_softmax_en,99,Modbus_register_reading,0.9988518943742825,435,SAFE_FINAL_01
x_iiotid,A_raw,mlp_softmax_en,99,Normal,0.996989373301437,30804,SAFE_FINAL_01
x_iiotid,A_raw,mlp_softmax_en,99,RDOS,0.9997095556200988,10326,SAFE_FINAL_01
x_iiotid,A_raw,mlp_softmax_en,99,Reverse_shell,0.9659863945578231,74,SAFE_FINAL_01
x_iiotid,A_raw,mlp_softmax_en,99,Scanning_vulnerability,0.9997412008281573,3863,SAFE_FINAL_01
x_iiotid,A_raw,mlp_softmax_en,99,TCP Relay,0.8213333333333334,155,SAFE_FINAL_01
x_iiotid,A_raw,mlp_softmax_en,99,crypto-ransomware,0.9705882352941176,33,SAFE_FINAL_01
x_iiotid,A_raw,mlp_softmax_en,99,fuzzing,0.808695652173913,96,SAFE_FINAL_01
x_iiotid,A_raw,mlp_softmax_en,99,insider_malcious,1.0,1275,SAFE_FINAL_01
x_iiotid,A_raw,mlp_edl_both,99,BruteForce,1.0,3453,SAFE_FINAL_01
x_iiotid,A_raw,mlp_edl_both,99,C&C,0.9244444444444444,209,SAFE_FINAL_01
x_iiotid,A_raw,mlp_edl_both,99,Dictionary,1.0,188,SAFE_FINAL_01
x_iiotid,A_raw,mlp_edl_both,99,Discovering_resources,0.9133261105092091,1692,SAFE_FINAL_01
x_iiotid,A_raw,mlp_edl_both,99,Exfiltration,0.9987639060568603,1618,SAFE_FINAL_01
x_iiotid,A_raw,mlp_edl_both,99,Fake_notification,0.5,2,SAFE_FINAL_01
x_iiotid,A_raw,mlp_edl_both,99,False_data_injection,0.9814814814814815,373,SAFE_FINAL_01
x_iiotid,A_raw,mlp_edl_both,99,Generic_scanning,0.9965926127845168,3675,SAFE_FINAL_01
x_iiotid,A_raw,mlp_edl_both,99,MQTT_cloud_broker_subscription,0.9936120789779327,1720,SAFE_FINAL_01
x_iiotid,A_raw,mlp_edl_both,99,MitM,1.0,9,SAFE_FINAL_01
x_iiotid,A_raw,mlp_edl_both,99,Modbus_register_reading,0.9942857142857143,435,SAFE_FINAL_01
x_iiotid,A_raw,mlp_edl_both,99,Normal,0.9901618949401693,30804,SAFE_FINAL_01
x_iiotid,A_raw,mlp_edl_both,99,RDOS,0.9991284137129576,10326,SAFE_FINAL_01
x_iiotid,A_raw,mlp_edl_both,99,Reverse_shell,0.9032258064516129,74,SAFE_FINAL_01
x_iiotid,A_raw,mlp_edl_both,99,Scanning_vulnerability,0.9979306777030522,3863,SAFE_FINAL_01
x_iiotid,A_raw,mlp_edl_both,99,TCP Relay,0.7727272727272727,155,SAFE_FINAL_01
x_iiotid,A_raw,mlp_edl_both,99,crypto-ransomware,0.9428571428571428,33,SAFE_FINAL_01
x_iiotid,A_raw,mlp_edl_both,99,fuzzing,0.6953125,96,SAFE_FINAL_01
x_iiotid,A_raw,mlp_edl_both,99,insider_malcious,0.9992163009404389,1275,SAFE_FINAL_01
x_iiotid,D_strict,rf,42,BruteForce,1.0,3453,SAFE_FINAL_01
x_iiotid,D_strict,rf,42,C&C,0.9705882352941176,209,SAFE_FINAL_01
x_iiotid,D_strict,rf,42,Dictionary,1.0,188,SAFE_FINAL_01
x_iiotid,D_strict,rf,42,Discovering_resources,0.9720570749108205,1692,SAFE_FINAL_01
x_iiotid,D_strict,rf,42,Exfiltration,0.9987631416202845,1618,SAFE_FINAL_01
x_iiotid,D_strict,rf,42,Fake_notification,0.6666666666666666,2,SAFE_FINAL_01
x_iiotid,D_strict,rf,42,False_data_injection,0.9865951742627346,373,SAFE_FINAL_01
x_iiotid,D_strict,rf,42,Generic_scanning,0.9987763426240652,3675,SAFE_FINAL_01
x_iiotid,D_strict,rf,42,MQTT_cloud_broker_subscription,0.9988365328679465,1720,SAFE_FINAL_01
x_iiotid,D_strict,rf,42,MitM,0.7142857142857143,9,SAFE_FINAL_01
x_iiotid,D_strict,rf,42,Modbus_register_reading,1.0,435,SAFE_FINAL_01
x_iiotid,D_strict,rf,42,Normal,0.9965495456091753,30804,SAFE_FINAL_01
x_iiotid,D_strict,rf,42,RDOS,0.9999515761948574,10326,SAFE_FINAL_01
x_iiotid,D_strict,rf,42,Reverse_shell,0.9655172413793104,74,SAFE_FINAL_01
x_iiotid,D_strict,rf,42,Scanning_vulnerability,0.9994819994819995,3863,SAFE_FINAL_01
x_iiotid,D_strict,rf,42,TCP Relay,0.7859922178988327,155,SAFE_FINAL_01
x_iiotid,D_strict,rf,42,crypto-ransomware,0.9523809523809523,33,SAFE_FINAL_01
x_iiotid,D_strict,rf,42,fuzzing,0.8502994011976048,96,SAFE_FINAL_01
x_iiotid,D_strict,rf,42,insider_malcious,1.0,1275,SAFE_FINAL_01
x_iiotid,D_strict,lgbm,42,BruteForce,0.9998551774076756,3453,SAFE_FINAL_01
x_iiotid,D_strict,lgbm,42,C&C,0.9928741092636579,209,SAFE_FINAL_01
x_iiotid,D_strict,lgbm,42,Dictionary,1.0,188,SAFE_FINAL_01
x_iiotid,D_strict,lgbm,42,Discovering_resources,0.9789227166276346,1692,SAFE_FINAL_01
x_iiotid,D_strict,lgbm,42,Exfiltration,0.9990720692854933,1618,SAFE_FINAL_01
x_iiotid,D_strict,lgbm,42,Fake_notification,1.0,2,SAFE_FINAL_01
x_iiotid,D_strict,lgbm,42,False_data_injection,0.9946524064171123,373,SAFE_FINAL_01
x_iiotid,D_strict,lgbm,42,Generic_scanning,0.9994560783247213,3675,SAFE_FINAL_01
x_iiotid,D_strict,lgbm,42,MQTT_cloud_broker_subscription,0.9988372093023256,1720,SAFE_FINAL_01
x_iiotid,D_strict,lgbm,42,MitM,0.9411764705882353,9,SAFE_FINAL_01
x_iiotid,D_strict,lgbm,42,Modbus_register_reading,0.998849252013809,435,SAFE_FINAL_01
x_iiotid,D_strict,lgbm,42,Normal,0.9974998376517956,30804,SAFE_FINAL_01
x_iiotid,D_strict,lgbm,42,RDOS,1.0,10326,SAFE_FINAL_01
x_iiotid,D_strict,lgbm,42,Reverse_shell,0.9722222222222222,74,SAFE_FINAL_01
x_iiotid,D_strict,lgbm,42,Scanning_vulnerability,0.9996116504854369,3863,SAFE_FINAL_01
x_iiotid,D_strict,lgbm,42,TCP Relay,0.8514851485148515,155,SAFE_FINAL_01
x_iiotid,D_strict,lgbm,42,crypto-ransomware,1.0,33,SAFE_FINAL_01
x_iiotid,D_strict,lgbm,42,fuzzing,0.8950276243093923,96,SAFE_FINAL_01
x_iiotid,D_strict,lgbm,42,insider_malcious,1.0,1275,SAFE_FINAL_01
x_iiotid,D_strict,mlp_softmax_en,42,BruteForce,0.9973988439306358,3453,SAFE_FINAL_01
x_iiotid,D_strict,mlp_softmax_en,42,C&C,0.7775628626692457,209,SAFE_FINAL_01
x_iiotid,D_strict,mlp_softmax_en,42,Dictionary,0.9591836734693877,188,SAFE_FINAL_01
x_iiotid,D_strict,mlp_softmax_en,42,Discovering_resources,0.860388639760837,1692,SAFE_FINAL_01
x_iiotid,D_strict,mlp_softmax_en,42,Exfiltration,0.998455359901143,1618,SAFE_FINAL_01
x_iiotid,D_strict,mlp_softmax_en,42,Fake_notification,0.3333333333333333,2,SAFE_FINAL_01
x_iiotid,D_strict,mlp_softmax_en,42,False_data_injection,0.9674902470741222,373,SAFE_FINAL_01
x_iiotid,D_strict,mlp_softmax_en,42,Generic_scanning,0.9952477936184657,3675,SAFE_FINAL_01
x_iiotid,D_strict,mlp_softmax_en,42,MQTT_cloud_broker_subscription,0.9910326873011281,1720,SAFE_FINAL_01
x_iiotid,D_strict,mlp_softmax_en,42,MitM,0.7272727272727273,9,SAFE_FINAL_01
x_iiotid,D_strict,mlp_softmax_en,42,Modbus_register_reading,0.996547756041427,435,SAFE_FINAL_01
x_iiotid,D_strict,mlp_softmax_en,42,Normal,0.9801567778543081,30804,SAFE_FINAL_01
x_iiotid,D_strict,mlp_softmax_en,42,RDOS,0.9991766358308714,10326,SAFE_FINAL_01
x_iiotid,D_strict,mlp_softmax_en,42,Reverse_shell,0.8717948717948718,74,SAFE_FINAL_01
x_iiotid,D_strict,mlp_softmax_en,42,Scanning_vulnerability,0.9938841899804814,3863,SAFE_FINAL_01
x_iiotid,D_strict,mlp_softmax_en,42,TCP Relay,0.5497287522603979,155,SAFE_FINAL_01
x_iiotid,D_strict,mlp_softmax_en,42,crypto-ransomware,0.8461538461538461,33,SAFE_FINAL_01
x_iiotid,D_strict,mlp_softmax_en,42,fuzzing,0.3744493392070485,96,SAFE_FINAL_01
x_iiotid,D_strict,mlp_softmax_en,42,insider_malcious,0.9992156862745099,1275,SAFE_FINAL_01
x_iiotid,D_strict,mlp_edl_both,42,BruteForce,0.9948141745894555,3453,SAFE_FINAL_01
x_iiotid,D_strict,mlp_edl_both,42,C&C,0.766859344894027,209,SAFE_FINAL_01
x_iiotid,D_strict,mlp_edl_both,42,Dictionary,0.8952380952380953,188,SAFE_FINAL_01
x_iiotid,D_strict,mlp_edl_both,42,Discovering_resources,0.8137975087831364,1692,SAFE_FINAL_01
x_iiotid,D_strict,mlp_edl_both,42,Exfiltration,0.9978375038616002,1618,SAFE_FINAL_01
x_iiotid,D_strict,mlp_edl_both,42,Fake_notification,0.4,2,SAFE_FINAL_01
x_iiotid,D_strict,mlp_edl_both,42,False_data_injection,0.9561855670103093,373,SAFE_FINAL_01
x_iiotid,D_strict,mlp_edl_both,42,Generic_scanning,0.991198375084631,3675,SAFE_FINAL_01
x_iiotid,D_strict,mlp_edl_both,42,MQTT_cloud_broker_subscription,0.9870054865723361,1720,SAFE_FINAL_01
x_iiotid,D_strict,mlp_edl_both,42,MitM,0.56,9,SAFE_FINAL_01
x_iiotid,D_strict,mlp_edl_both,42,Modbus_register_reading,0.9896670493685419,435,SAFE_FINAL_01
x_iiotid,D_strict,mlp_edl_both,42,Normal,0.9780327547317839,30804,SAFE_FINAL_01
x_iiotid,D_strict,mlp_edl_both,42,RDOS,0.9984496124031008,10326,SAFE_FINAL_01
x_iiotid,D_strict,mlp_edl_both,42,Reverse_shell,0.87248322147651,74,SAFE_FINAL_01
x_iiotid,D_strict,mlp_edl_both,42,Scanning_vulnerability,0.9847928683796539,3863,SAFE_FINAL_01
x_iiotid,D_strict,mlp_edl_both,42,TCP Relay,0.5338078291814946,155,SAFE_FINAL_01
x_iiotid,D_strict,mlp_edl_both,42,crypto-ransomware,0.735632183908046,33,SAFE_FINAL_01
x_iiotid,D_strict,mlp_edl_both,42,fuzzing,0.38095238095238093,96,SAFE_FINAL_01
x_iiotid,D_strict,mlp_edl_both,42,insider_malcious,0.9980415197806503,1275,SAFE_FINAL_01
x_iiotid,D_strict,rf,7,BruteForce,0.9998551774076756,3453,SAFE_FINAL_01
x_iiotid,D_strict,rf,7,C&C,0.9611650485436893,209,SAFE_FINAL_01
x_iiotid,D_strict,rf,7,Dictionary,0.9973333333333333,188,SAFE_FINAL_01
x_iiotid,D_strict,rf,7,Discovering_resources,0.9705444808092829,1692,SAFE_FINAL_01
x_iiotid,D_strict,rf,7,Exfiltration,0.9996908809891808,1618,SAFE_FINAL_01
x_iiotid,D_strict,rf,7,Fake_notification,1.0,2,SAFE_FINAL_01
x_iiotid,D_strict,rf,7,False_data_injection,0.9919354838709677,373,SAFE_FINAL_01
x_iiotid,D_strict,rf,7,Generic_scanning,0.9993194501156935,3675,SAFE_FINAL_01
x_iiotid,D_strict,rf,7,MQTT_cloud_broker_subscription,0.999128160418483,1720,SAFE_FINAL_01
x_iiotid,D_strict,rf,7,MitM,0.6153846153846154,9,SAFE_FINAL_01
x_iiotid,D_strict,rf,7,Modbus_register_reading,1.0,435,SAFE_FINAL_01
x_iiotid,D_strict,rf,7,Normal,0.9965651328580687,30804,SAFE_FINAL_01
x_iiotid,D_strict,rf,7,RDOS,0.999951580884133,10326,SAFE_FINAL_01
x_iiotid,D_strict,rf,7,Reverse_shell,0.9793103448275862,74,SAFE_FINAL_01
x_iiotid,D_strict,rf,7,Scanning_vulnerability,1.0,3863,SAFE_FINAL_01
x_iiotid,D_strict,rf,7,TCP Relay,0.8301886792452831,155,SAFE_FINAL_01
x_iiotid,D_strict,rf,7,crypto-ransomware,0.9846153846153847,33,SAFE_FINAL_01
x_iiotid,D_strict,rf,7,fuzzing,0.8520710059171598,96,SAFE_FINAL_01
x_iiotid,D_strict,rf,7,insider_malcious,1.0,1275,SAFE_FINAL_01
x_iiotid,D_strict,lgbm,7,BruteForce,0.9998551774076756,3453,SAFE_FINAL_01
x_iiotid,D_strict,lgbm,7,C&C,0.9881796690307328,209,SAFE_FINAL_01
x_iiotid,D_strict,lgbm,7,Dictionary,0.9973333333333333,188,SAFE_FINAL_01
x_iiotid,D_strict,lgbm,7,Discovering_resources,0.977491961414791,1692,SAFE_FINAL_01
x_iiotid,D_strict,lgbm,7,Exfiltration,0.9996908809891808,1618,SAFE_FINAL_01
x_iiotid,D_strict,lgbm,7,Fake_notification,1.0,2,SAFE_FINAL_01
x_iiotid,D_strict,lgbm,7,False_data_injection,0.989247311827957,373,SAFE_FINAL_01
x_iiotid,D_strict,lgbm,7,Generic_scanning,1.0,3675,SAFE_FINAL_01
x_iiotid,D_strict,lgbm,7,MQTT_cloud_broker_subscription,0.999128160418483,1720,SAFE_FINAL_01
x_iiotid,D_strict,lgbm,7,MitM,0.9411764705882353,9,SAFE_FINAL_01
x_iiotid,D_strict,lgbm,7,Modbus_register_reading,1.0,435,SAFE_FINAL_01
x_iiotid,D_strict,lgbm,7,Normal,0.9976295622808157,30804,SAFE_FINAL_01
x_iiotid,D_strict,lgbm,7,RDOS,1.0,10326,SAFE_FINAL_01
x_iiotid,D_strict,lgbm,7,Reverse_shell,0.9863013698630136,74,SAFE_FINAL_01
x_iiotid,D_strict,lgbm,7,Scanning_vulnerability,0.9998705836676589,3863,SAFE_FINAL_01
x_iiotid,D_strict,lgbm,7,TCP Relay,0.8896321070234113,155,SAFE_FINAL_01
x_iiotid,D_strict,lgbm,7,crypto-ransomware,1.0,33,SAFE_FINAL_01
x_iiotid,D_strict,lgbm,7,fuzzing,0.9010989010989011,96,SAFE_FINAL_01
x_iiotid,D_strict,lgbm,7,insider_malcious,0.999607996863975,1275,SAFE_FINAL_01
x_iiotid,D_strict,mlp_softmax_en,7,BruteForce,0.9982648930017352,3453,SAFE_FINAL_01
x_iiotid,D_strict,mlp_softmax_en,7,C&C,0.8366013071895425,209,SAFE_FINAL_01
x_iiotid,D_strict,mlp_softmax_en,7,Dictionary,0.9330024813895782,188,SAFE_FINAL_01
x_iiotid,D_strict,mlp_softmax_en,7,Discovering_resources,0.8447242206235012,1692,SAFE_FINAL_01
x_iiotid,D_strict,mlp_softmax_en,7,Exfiltration,0.9993819530284301,1618,SAFE_FINAL_01
x_iiotid,D_strict,mlp_softmax_en,7,Fake_notification,0.5714285714285714,2,SAFE_FINAL_01
x_iiotid,D_strict,mlp_softmax_en,7,False_data_injection,0.9751633986928104,373,SAFE_FINAL_01
x_iiotid,D_strict,mlp_softmax_en,7,Generic_scanning,0.9952465027841912,3675,SAFE_FINAL_01
x_iiotid,D_strict,mlp_softmax_en,7,MQTT_cloud_broker_subscription,0.9953596287703016,1720,SAFE_FINAL_01
x_iiotid,D_strict,mlp_softmax_en,7,MitM,0.32,9,SAFE_FINAL_01
x_iiotid,D_strict,mlp_softmax_en,7,Modbus_register_reading,1.0,435,SAFE_FINAL_01
x_iiotid,D_strict,mlp_softmax_en,7,Normal,0.9825123394240513,30804,SAFE_FINAL_01
x_iiotid,D_strict,mlp_softmax_en,7,RDOS,0.9991771140907111,10326,SAFE_FINAL_01
x_iiotid,D_strict,mlp_softmax_en,7,Reverse_shell,0.8888888888888888,74,SAFE_FINAL_01
x_iiotid,D_strict,mlp_softmax_en,7,Scanning_vulnerability,0.9936289169158757,3863,SAFE_FINAL_01
x_iiotid,D_strict,mlp_softmax_en,7,TCP Relay,0.6028513238289206,155,SAFE_FINAL_01
x_iiotid,D_strict,mlp_softmax_en,7,crypto-ransomware,0.8148148148148148,33,SAFE_FINAL_01
x_iiotid,D_strict,mlp_softmax_en,7,fuzzing,0.5134328358208955,96,SAFE_FINAL_01
x_iiotid,D_strict,mlp_softmax_en,7,insider_malcious,0.999607996863975,1275,SAFE_FINAL_01
x_iiotid,D_strict,mlp_edl_both,7,BruteForce,0.998409255242227,3453,SAFE_FINAL_01
x_iiotid,D_strict,mlp_edl_both,7,C&C,0.7238805970149254,209,SAFE_FINAL_01
x_iiotid,D_strict,mlp_edl_both,7,Dictionary,0.9060240963855422,188,SAFE_FINAL_01
x_iiotid,D_strict,mlp_edl_both,7,Discovering_resources,0.8443057722308892,1692,SAFE_FINAL_01
x_iiotid,D_strict,mlp_edl_both,7,Exfiltration,0.9990737882062365,1618,SAFE_FINAL_01
x_iiotid,D_strict,mlp_edl_both,7,Fake_notification,0.0,2,SAFE_FINAL_01
x_iiotid,D_strict,mlp_edl_both,7,False_data_injection,0.9638242894056848,373,SAFE_FINAL_01
x_iiotid,D_strict,mlp_edl_both,7,Generic_scanning,0.9956521739130435,3675,SAFE_FINAL_01
x_iiotid,D_strict,mlp_edl_both,7,MQTT_cloud_broker_subscription,0.9930434782608696,1720,SAFE_FINAL_01
x_iiotid,D_strict,mlp_edl_both,7,MitM,0.5161290322580645,9,SAFE_FINAL_01
x_iiotid,D_strict,mlp_edl_both,7,Modbus_register_reading,0.9988518943742825,435,SAFE_FINAL_01
x_iiotid,D_strict,mlp_edl_both,7,Normal,0.9807289621777254,30804,SAFE_FINAL_01
x_iiotid,D_strict,mlp_edl_both,7,RDOS,0.9991771937466725,10326,SAFE_FINAL_01
x_iiotid,D_strict,mlp_edl_both,7,Reverse_shell,0.9395973154362416,74,SAFE_FINAL_01
x_iiotid,D_strict,mlp_edl_both,7,Scanning_vulnerability,0.9920562573251726,3863,SAFE_FINAL_01
x_iiotid,D_strict,mlp_edl_both,7,TCP Relay,0.5747126436781609,155,SAFE_FINAL_01
x_iiotid,D_strict,mlp_edl_both,7,crypto-ransomware,0.6947368421052632,33,SAFE_FINAL_01
x_iiotid,D_strict,mlp_edl_both,7,fuzzing,0.41148325358851673,96,SAFE_FINAL_01
x_iiotid,D_strict,mlp_edl_both,7,insider_malcious,1.0,1275,SAFE_FINAL_01
x_iiotid,D_strict,rf,13,BruteForce,0.9998551774076756,3453,SAFE_FINAL_01
x_iiotid,D_strict,rf,13,C&C,0.9481481481481482,209,SAFE_FINAL_01
x_iiotid,D_strict,rf,13,Dictionary,1.0,188,SAFE_FINAL_01
x_iiotid,D_strict,rf,13,Discovering_resources,0.974709907765546,1692,SAFE_FINAL_01
x_iiotid,D_strict,rf,13,Exfiltration,1.0,1618,SAFE_FINAL_01
x_iiotid,D_strict,rf,13,Fake_notification,1.0,2,SAFE_FINAL_01
x_iiotid,D_strict,rf,13,False_data_injection,0.9932705248990579,373,SAFE_FINAL_01
x_iiotid,D_strict,rf,13,Generic_scanning,0.9991841174870819,3675,SAFE_FINAL_01
x_iiotid,D_strict,rf,13,MQTT_cloud_broker_subscription,0.9988365328679465,1720,SAFE_FINAL_01
x_iiotid,D_strict,rf,13,MitM,0.2,9,SAFE_FINAL_01
x_iiotid,D_strict,rf,13,Modbus_register_reading,0.9977064220183486,435,SAFE_FINAL_01
x_iiotid,D_strict,rf,13,Normal,0.9967761271404734,30804,SAFE_FINAL_01
x_iiotid,D_strict,rf,13,RDOS,0.999951580884133,10326,SAFE_FINAL_01
x_iiotid,D_strict,rf,13,Reverse_shell,0.9726027397260274,74,SAFE_FINAL_01
x_iiotid,D_strict,rf,13,Scanning_vulnerability,0.9992229992229992,3863,SAFE_FINAL_01
x_iiotid,D_strict,rf,13,TCP Relay,0.8475836431226765,155,SAFE_FINAL_01
x_iiotid,D_strict,rf,13,crypto-ransomware,1.0,33,SAFE_FINAL_01
x_iiotid,D_strict,rf,13,fuzzing,0.8220858895705522,96,SAFE_FINAL_01
x_iiotid,D_strict,rf,13,insider_malcious,1.0,1275,SAFE_FINAL_01
x_iiotid,D_strict,lgbm,13,BruteForce,0.9998551774076756,3453,SAFE_FINAL_01
x_iiotid,D_strict,lgbm,13,C&C,0.9789227166276346,209,SAFE_FINAL_01
x_iiotid,D_strict,lgbm,13,Dictionary,1.0,188,SAFE_FINAL_01
x_iiotid,D_strict,lgbm,13,Discovering_resources,0.9818394844756884,1692,SAFE_FINAL_01
x_iiotid,D_strict,lgbm,13,Exfiltration,0.9996908809891808,1618,SAFE_FINAL_01
x_iiotid,D_strict,lgbm,13,Fake_notification,1.0,2,SAFE_FINAL_01
x_iiotid,D_strict,lgbm,13,False_data_injection,0.9919354838709677,373,SAFE_FINAL_01
x_iiotid,D_strict,lgbm,13,Generic_scanning,0.9995918922595565,3675,SAFE_FINAL_01
x_iiotid,D_strict,lgbm,13,MQTT_cloud_broker_subscription,0.9988378849506101,1720,SAFE_FINAL_01
x_iiotid,D_strict,lgbm,13,MitM,0.8235294117647058,9,SAFE_FINAL_01
x_iiotid,D_strict,lgbm,13,Modbus_register_reading,0.9977064220183486,435,SAFE_FINAL_01
x_iiotid,D_strict,lgbm,13,Normal,0.9975478653437049,30804,SAFE_FINAL_01
x_iiotid,D_strict,lgbm,13,RDOS,1.0,10326,SAFE_FINAL_01
x_iiotid,D_strict,lgbm,13,Reverse_shell,0.9864864864864865,74,SAFE_FINAL_01
x_iiotid,D_strict,lgbm,13,Scanning_vulnerability,1.0,3863,SAFE_FINAL_01
x_iiotid,D_strict,lgbm,13,TCP Relay,0.8525641025641025,155,SAFE_FINAL_01
x_iiotid,D_strict,lgbm,13,crypto-ransomware,1.0,33,SAFE_FINAL_01
x_iiotid,D_strict,lgbm,13,fuzzing,0.8888888888888888,96,SAFE_FINAL_01
x_iiotid,D_strict,lgbm,13,insider_malcious,1.0,1275,SAFE_FINAL_01
x_iiotid,D_strict,mlp_softmax_en,13,BruteForce,0.9994209612044007,3453,SAFE_FINAL_01
x_iiotid,D_strict,mlp_softmax_en,13,C&C,0.8280254777070064,209,SAFE_FINAL_01
x_iiotid,D_strict,mlp_softmax_en,13,Dictionary,0.9376558603491272,188,SAFE_FINAL_01
x_iiotid,D_strict,mlp_softmax_en,13,Discovering_resources,0.8671116504854369,1692,SAFE_FINAL_01
x_iiotid,D_strict,mlp_softmax_en,13,Exfiltration,0.998455359901143,1618,SAFE_FINAL_01
x_iiotid,D_strict,mlp_softmax_en,13,Fake_notification,0.4,2,SAFE_FINAL_01
x_iiotid,D_strict,mlp_softmax_en,13,False_data_injection,0.9750328515111695,373,SAFE_FINAL_01
x_iiotid,D_strict,mlp_softmax_en,13,Generic_scanning,0.9951179820992677,3675,SAFE_FINAL_01
x_iiotid,D_strict,mlp_softmax_en,13,MQTT_cloud_broker_subscription,0.9968051118210862,1720,SAFE_FINAL_01
x_iiotid,D_strict,mlp_softmax_en,13,MitM,0.5925925925925926,9,SAFE_FINAL_01
x_iiotid,D_strict,mlp_softmax_en,13,Modbus_register_reading,0.9965635738831615,435,SAFE_FINAL_01
x_iiotid,D_strict,mlp_softmax_en,13,Normal,0.9847916190724846,30804,SAFE_FINAL_01
x_iiotid,D_strict,mlp_softmax_en,13,RDOS,0.9996127033307514,10326,SAFE_FINAL_01
x_iiotid,D_strict,mlp_softmax_en,13,Reverse_shell,0.8493150684931506,74,SAFE_FINAL_01
x_iiotid,D_strict,mlp_softmax_en,13,Scanning_vulnerability,0.9945426195426196,3863,SAFE_FINAL_01
x_iiotid,D_strict,mlp_softmax_en,13,TCP Relay,0.622680412371134,155,SAFE_FINAL_01
x_iiotid,D_strict,mlp_softmax_en,13,crypto-ransomware,0.8571428571428571,33,SAFE_FINAL_01
x_iiotid,D_strict,mlp_softmax_en,13,fuzzing,0.5294117647058824,96,SAFE_FINAL_01
x_iiotid,D_strict,mlp_softmax_en,13,insider_malcious,0.999607996863975,1275,SAFE_FINAL_01
x_iiotid,D_strict,mlp_edl_both,13,BruteForce,0.9950994522917267,3453,SAFE_FINAL_01
x_iiotid,D_strict,mlp_edl_both,13,C&C,0.7870182555780934,209,SAFE_FINAL_01
x_iiotid,D_strict,mlp_edl_both,13,Dictionary,0.9016786570743405,188,SAFE_FINAL_01
x_iiotid,D_strict,mlp_edl_both,13,Discovering_resources,0.845034788108792,1692,SAFE_FINAL_01
x_iiotid,D_strict,mlp_edl_both,13,Exfiltration,0.998455359901143,1618,SAFE_FINAL_01
x_iiotid,D_strict,mlp_edl_both,13,Fake_notification,0.2222222222222222,2,SAFE_FINAL_01
x_iiotid,D_strict,mlp_edl_both,13,False_data_injection,0.9648894668400521,373,SAFE_FINAL_01
x_iiotid,D_strict,mlp_edl_both,13,Generic_scanning,0.9934888768312534,3675,SAFE_FINAL_01
x_iiotid,D_strict,mlp_edl_both,13,MQTT_cloud_broker_subscription,0.9907514450867052,1720,SAFE_FINAL_01
x_iiotid,D_strict,mlp_edl_both,13,MitM,0.35714285714285715,9,SAFE_FINAL_01
x_iiotid,D_strict,mlp_edl_both,13,Modbus_register_reading,0.9931192660550459,435,SAFE_FINAL_01
x_iiotid,D_strict,mlp_edl_both,13,Normal,0.9809736897976515,30804,SAFE_FINAL_01
x_iiotid,D_strict,mlp_edl_both,13,RDOS,0.9993706124425079,10326,SAFE_FINAL_01
x_iiotid,D_strict,mlp_edl_both,13,Reverse_shell,0.821917808219178,74,SAFE_FINAL_01
x_iiotid,D_strict,mlp_edl_both,13,Scanning_vulnerability,0.9862655330281229,3863,SAFE_FINAL_01
x_iiotid,D_strict,mlp_edl_both,13,TCP Relay,0.5687732342007435,155,SAFE_FINAL_01
x_iiotid,D_strict,mlp_edl_both,13,crypto-ransomware,0.7415730337078652,33,SAFE_FINAL_01
x_iiotid,D_strict,mlp_edl_both,13,fuzzing,0.4244031830238727,96,SAFE_FINAL_01
x_iiotid,D_strict,mlp_edl_both,13,insider_malcious,0.9988249118683902,1275,SAFE_FINAL_01
x_iiotid,D_strict,rf,21,BruteForce,0.9998551774076756,3453,SAFE_FINAL_01
x_iiotid,D_strict,rf,21,C&C,0.9705882352941176,209,SAFE_FINAL_01
x_iiotid,D_strict,rf,21,Dictionary,1.0,188,SAFE_FINAL_01
x_iiotid,D_strict,rf,21,Discovering_resources,0.9727136431784108,1692,SAFE_FINAL_01
x_iiotid,D_strict,rf,21,Exfiltration,1.0,1618,SAFE_FINAL_01
x_iiotid,D_strict,rf,21,Fake_notification,1.0,2,SAFE_FINAL_01
x_iiotid,D_strict,rf,21,False_data_injection,0.9946236559139785,373,SAFE_FINAL_01
x_iiotid,D_strict,rf,21,Generic_scanning,0.9990472301619708,3675,SAFE_FINAL_01
x_iiotid,D_strict,rf,21,MQTT_cloud_broker_subscription,0.9997092177958709,1720,SAFE_FINAL_01
x_iiotid,D_strict,rf,21,MitM,0.2,9,SAFE_FINAL_01
x_iiotid,D_strict,rf,21,Modbus_register_reading,1.0,435,SAFE_FINAL_01
x_iiotid,D_strict,rf,21,Normal,0.9965356472188046,30804,SAFE_FINAL_01
x_iiotid,D_strict,rf,21,RDOS,0.9999031570792175,10326,SAFE_FINAL_01
x_iiotid,D_strict,rf,21,Reverse_shell,0.9863013698630136,74,SAFE_FINAL_01
x_iiotid,D_strict,rf,21,Scanning_vulnerability,0.9994821336095288,3863,SAFE_FINAL_01
x_iiotid,D_strict,rf,21,TCP Relay,0.7764705882352941,155,SAFE_FINAL_01
x_iiotid,D_strict,rf,21,crypto-ransomware,0.9523809523809523,33,SAFE_FINAL_01
x_iiotid,D_strict,rf,21,fuzzing,0.8220858895705522,96,SAFE_FINAL_01
x_iiotid,D_strict,rf,21,insider_malcious,0.999607996863975,1275,SAFE_FINAL_01
x_iiotid,D_strict,lgbm,21,BruteForce,0.9998551774076756,3453,SAFE_FINAL_01
x_iiotid,D_strict,lgbm,21,C&C,0.9928741092636579,209,SAFE_FINAL_01
x_iiotid,D_strict,lgbm,21,Dictionary,1.0,188,SAFE_FINAL_01
x_iiotid,D_strict,lgbm,21,Discovering_resources,0.9802418165732822,1692,SAFE_FINAL_01
x_iiotid,D_strict,lgbm,21,Exfiltration,1.0,1618,SAFE_FINAL_01
x_iiotid,D_strict,lgbm,21,Fake_notification,0.8,2,SAFE_FINAL_01
x_iiotid,D_strict,lgbm,21,False_data_injection,0.9946380697050938,373,SAFE_FINAL_01
x_iiotid,D_strict,lgbm,21,Generic_scanning,0.9995916700694161,3675,SAFE_FINAL_01
x_iiotid,D_strict,lgbm,21,MQTT_cloud_broker_subscription,0.999418942475305,1720,SAFE_FINAL_01
x_iiotid,D_strict,lgbm,21,MitM,0.8,9,SAFE_FINAL_01
x_iiotid,D_strict,lgbm,21,Modbus_register_reading,1.0,435,SAFE_FINAL_01
x_iiotid,D_strict,lgbm,21,Normal,0.9975824639397726,30804,SAFE_FINAL_01
x_iiotid,D_strict,lgbm,21,RDOS,1.0,10326,SAFE_FINAL_01
x_iiotid,D_strict,lgbm,21,Reverse_shell,0.9931972789115646,74,SAFE_FINAL_01
x_iiotid,D_strict,lgbm,21,Scanning_vulnerability,0.9997411338338079,3863,SAFE_FINAL_01
x_iiotid,D_strict,lgbm,21,TCP Relay,0.8243243243243243,155,SAFE_FINAL_01
x_iiotid,D_strict,lgbm,21,crypto-ransomware,0.9846153846153847,33,SAFE_FINAL_01
x_iiotid,D_strict,lgbm,21,fuzzing,0.9230769230769231,96,SAFE_FINAL_01
x_iiotid,D_strict,lgbm,21,insider_malcious,0.9980353634577603,1275,SAFE_FINAL_01
x_iiotid,D_strict,mlp_softmax_en,21,BruteForce,0.9994209612044007,3453,SAFE_FINAL_01
x_iiotid,D_strict,mlp_softmax_en,21,C&C,0.7926829268292683,209,SAFE_FINAL_01
x_iiotid,D_strict,mlp_softmax_en,21,Dictionary,0.928395061728395,188,SAFE_FINAL_01
x_iiotid,D_strict,mlp_softmax_en,21,Discovering_resources,0.84375,1692,SAFE_FINAL_01
x_iiotid,D_strict,mlp_softmax_en,21,Exfiltration,0.9987654320987654,1618,SAFE_FINAL_01
x_iiotid,D_strict,mlp_softmax_en,21,Fake_notification,0.5714285714285714,2,SAFE_FINAL_01
x_iiotid,D_strict,mlp_softmax_en,21,False_data_injection,0.9724770642201835,373,SAFE_FINAL_01
x_iiotid,D_strict,mlp_softmax_en,21,Generic_scanning,0.9926729986431478,3675,SAFE_FINAL_01
x_iiotid,D_strict,mlp_softmax_en,21,MQTT_cloud_broker_subscription,0.9956433343014812,1720,SAFE_FINAL_01
x_iiotid,D_strict,mlp_softmax_en,21,MitM,0.2926829268292683,9,SAFE_FINAL_01
x_iiotid,D_strict,mlp_softmax_en,21,Modbus_register_reading,0.9954022988505747,435,SAFE_FINAL_01
x_iiotid,D_strict,mlp_softmax_en,21,Normal,0.9820884770293723,30804,SAFE_FINAL_01
x_iiotid,D_strict,mlp_softmax_en,21,RDOS,0.9992738538994046,10326,SAFE_FINAL_01
x_iiotid,D_strict,mlp_softmax_en,21,Reverse_shell,0.9,74,SAFE_FINAL_01
x_iiotid,D_strict,mlp_softmax_en,21,Scanning_vulnerability,0.9929669184683512,3863,SAFE_FINAL_01
x_iiotid,D_strict,mlp_softmax_en,21,TCP Relay,0.6024590163934426,155,SAFE_FINAL_01
x_iiotid,D_strict,mlp_softmax_en,21,crypto-ransomware,0.7901234567901234,33,SAFE_FINAL_01
x_iiotid,D_strict,mlp_softmax_en,21,fuzzing,0.536741214057508,96,SAFE_FINAL_01
x_iiotid,D_strict,mlp_softmax_en,21,insider_malcious,1.0,1275,SAFE_FINAL_01
x_iiotid,D_strict,mlp_edl_both,21,BruteForce,0.9982648930017352,3453,SAFE_FINAL_01
x_iiotid,D_strict,mlp_edl_both,21,C&C,0.644122383252818,209,SAFE_FINAL_01
x_iiotid,D_strict,mlp_edl_both,21,Dictionary,0.928395061728395,188,SAFE_FINAL_01
x_iiotid,D_strict,mlp_edl_both,21,Discovering_resources,0.8626582278481013,1692,SAFE_FINAL_01
x_iiotid,D_strict,mlp_edl_both,21,Exfiltration,0.9981492905613819,1618,SAFE_FINAL_01
x_iiotid,D_strict,mlp_edl_both,21,Fake_notification,0.4,2,SAFE_FINAL_01
x_iiotid,D_strict,mlp_edl_both,21,False_data_injection,0.9673202614379085,373,SAFE_FINAL_01
x_iiotid,D_strict,mlp_edl_both,21,Generic_scanning,0.9938817131203264,3675,SAFE_FINAL_01
x_iiotid,D_strict,mlp_edl_both,21,MQTT_cloud_broker_subscription,0.9927599189110918,1720,SAFE_FINAL_01
x_iiotid,D_strict,mlp_edl_both,21,MitM,0.47619047619047616,9,SAFE_FINAL_01
x_iiotid,D_strict,mlp_edl_both,21,Modbus_register_reading,0.9954128440366973,435,SAFE_FINAL_01
x_iiotid,D_strict,mlp_edl_both,21,Normal,0.9816227518499763,30804,SAFE_FINAL_01
x_iiotid,D_strict,mlp_edl_both,21,RDOS,0.9991771140907111,10326,SAFE_FINAL_01
x_iiotid,D_strict,mlp_edl_both,21,Reverse_shell,0.8089887640449438,74,SAFE_FINAL_01
x_iiotid,D_strict,mlp_edl_both,21,Scanning_vulnerability,0.9916601511597603,3863,SAFE_FINAL_01
x_iiotid,D_strict,mlp_edl_both,21,TCP Relay,0.5953878406708596,155,SAFE_FINAL_01
x_iiotid,D_strict,mlp_edl_both,21,crypto-ransomware,0.7857142857142857,33,SAFE_FINAL_01
x_iiotid,D_strict,mlp_edl_both,21,fuzzing,0.48823529411764705,96,SAFE_FINAL_01
x_iiotid,D_strict,mlp_edl_both,21,insider_malcious,0.999607996863975,1275,SAFE_FINAL_01
x_iiotid,D_strict,rf,99,BruteForce,1.0,3453,SAFE_FINAL_01
x_iiotid,D_strict,rf,99,C&C,0.9447236180904522,209,SAFE_FINAL_01
x_iiotid,D_strict,rf,99,Dictionary,0.9919571045576407,188,SAFE_FINAL_01
x_iiotid,D_strict,rf,99,Discovering_resources,0.9688249400479616,1692,SAFE_FINAL_01
x_iiotid,D_strict,rf,99,Exfiltration,0.9996908809891808,1618,SAFE_FINAL_01
x_iiotid,D_strict,rf,99,Fake_notification,1.0,2,SAFE_FINAL_01
x_iiotid,D_strict,rf,99,False_data_injection,0.9959731543624161,373,SAFE_FINAL_01
x_iiotid,D_strict,rf,99,Generic_scanning,0.9993198204325942,3675,SAFE_FINAL_01
x_iiotid,D_strict,rf,99,MQTT_cloud_broker_subscription,0.999128160418483,1720,SAFE_FINAL_01
x_iiotid,D_strict,rf,99,MitM,0.7142857142857143,9,SAFE_FINAL_01
x_iiotid,D_strict,rf,99,Modbus_register_reading,1.0,435,SAFE_FINAL_01
x_iiotid,D_strict,rf,99,Normal,0.996259896701909,30804,SAFE_FINAL_01
x_iiotid,D_strict,rf,99,RDOS,0.9999031664568606,10326,SAFE_FINAL_01
x_iiotid,D_strict,rf,99,Reverse_shell,0.965034965034965,74,SAFE_FINAL_01
x_iiotid,D_strict,rf,99,Scanning_vulnerability,0.9993527508090615,3863,SAFE_FINAL_01
x_iiotid,D_strict,rf,99,TCP Relay,0.7734375,155,SAFE_FINAL_01
x_iiotid,D_strict,rf,99,crypto-ransomware,0.9375,33,SAFE_FINAL_01
x_iiotid,D_strict,rf,99,fuzzing,0.8654970760233918,96,SAFE_FINAL_01
x_iiotid,D_strict,rf,99,insider_malcious,0.999607996863975,1275,SAFE_FINAL_01
x_iiotid,D_strict,lgbm,99,BruteForce,1.0,3453,SAFE_FINAL_01
x_iiotid,D_strict,lgbm,99,C&C,0.9789227166276346,209,SAFE_FINAL_01
x_iiotid,D_strict,lgbm,99,Dictionary,0.9946524064171123,188,SAFE_FINAL_01
x_iiotid,D_strict,lgbm,99,Discovering_resources,0.9783245459871119,1692,SAFE_FINAL_01
x_iiotid,D_strict,lgbm,99,Exfiltration,0.9993815708101422,1618,SAFE_FINAL_01
x_iiotid,D_strict,lgbm,99,Fake_notification,1.0,2,SAFE_FINAL_01
x_iiotid,D_strict,lgbm,99,False_data_injection,0.9959623149394348,373,SAFE_FINAL_01
x_iiotid,D_strict,lgbm,99,Generic_scanning,0.9994557823129252,3675,SAFE_FINAL_01
x_iiotid,D_strict,lgbm,99,MQTT_cloud_broker_subscription,0.999418942475305,1720,SAFE_FINAL_01
x_iiotid,D_strict,lgbm,99,MitM,0.7142857142857143,9,SAFE_FINAL_01
x_iiotid,D_strict,lgbm,99,Modbus_register_reading,0.998849252013809,435,SAFE_FINAL_01
x_iiotid,D_strict,lgbm,99,Normal,0.997564935064935,30804,SAFE_FINAL_01
x_iiotid,D_strict,lgbm,99,RDOS,1.0,10326,SAFE_FINAL_01
x_iiotid,D_strict,lgbm,99,Reverse_shell,0.9931972789115646,74,SAFE_FINAL_01
x_iiotid,D_strict,lgbm,99,Scanning_vulnerability,0.9997410668047644,3863,SAFE_FINAL_01
x_iiotid,D_strict,lgbm,99,TCP Relay,0.8646864686468647,155,SAFE_FINAL_01
x_iiotid,D_strict,lgbm,99,crypto-ransomware,0.9538461538461539,33,SAFE_FINAL_01
x_iiotid,D_strict,lgbm,99,fuzzing,0.9120879120879121,96,SAFE_FINAL_01
x_iiotid,D_strict,lgbm,99,insider_malcious,1.0,1275,SAFE_FINAL_01
x_iiotid,D_strict,mlp_softmax_en,99,BruteForce,0.9998552193426958,3453,SAFE_FINAL_01
x_iiotid,D_strict,mlp_softmax_en,99,C&C,0.8258928571428571,209,SAFE_FINAL_01
x_iiotid,D_strict,mlp_softmax_en,99,Dictionary,0.9612403100775194,188,SAFE_FINAL_01
x_iiotid,D_strict,mlp_softmax_en,99,Discovering_resources,0.8753041362530414,1692,SAFE_FINAL_01
x_iiotid,D_strict,mlp_softmax_en,99,Exfiltration,0.9978388391478852,1618,SAFE_FINAL_01
x_iiotid,D_strict,mlp_softmax_en,99,Fake_notification,0.3076923076923077,2,SAFE_FINAL_01
x_iiotid,D_strict,mlp_softmax_en,99,False_data_injection,0.9750982961992136,373,SAFE_FINAL_01
x_iiotid,D_strict,mlp_softmax_en,99,Generic_scanning,0.9942841589548176,3675,SAFE_FINAL_01
x_iiotid,D_strict,mlp_softmax_en,99,MQTT_cloud_broker_subscription,0.9953676896352056,1720,SAFE_FINAL_01
x_iiotid,D_strict,mlp_softmax_en,99,MitM,0.6,9,SAFE_FINAL_01
x_iiotid,D_strict,mlp_softmax_en,99,Modbus_register_reading,1.0,435,SAFE_FINAL_01
x_iiotid,D_strict,mlp_softmax_en,99,Normal,0.9851866353432525,30804,SAFE_FINAL_01
x_iiotid,D_strict,mlp_softmax_en,99,RDOS,0.9996127033307514,10326,SAFE_FINAL_01
x_iiotid,D_strict,mlp_softmax_en,99,Reverse_shell,0.8170731707317073,74,SAFE_FINAL_01
x_iiotid,D_strict,mlp_softmax_en,99,Scanning_vulnerability,0.9966260057098365,3863,SAFE_FINAL_01
x_iiotid,D_strict,mlp_softmax_en,99,TCP Relay,0.5995975855130785,155,SAFE_FINAL_01
x_iiotid,D_strict,mlp_softmax_en,99,crypto-ransomware,0.7674418604651163,33,SAFE_FINAL_01
x_iiotid,D_strict,mlp_softmax_en,99,fuzzing,0.5802047781569966,96,SAFE_FINAL_01
x_iiotid,D_strict,mlp_softmax_en,99,insider_malcious,0.9980430528375733,1275,SAFE_FINAL_01
x_iiotid,D_strict,mlp_edl_both,99,BruteForce,0.994241289951051,3453,SAFE_FINAL_01
x_iiotid,D_strict,mlp_edl_both,99,C&C,0.7607361963190185,209,SAFE_FINAL_01
x_iiotid,D_strict,mlp_edl_both,99,Dictionary,0.9016786570743405,188,SAFE_FINAL_01
x_iiotid,D_strict,mlp_edl_both,99,Discovering_resources,0.8196295092622684,1692,SAFE_FINAL_01
x_iiotid,D_strict,mlp_edl_both,99,Exfiltration,0.9969135802469136,1618,SAFE_FINAL_01
x_iiotid,D_strict,mlp_edl_both,99,Fake_notification,0.2857142857142857,2,SAFE_FINAL_01
x_iiotid,D_strict,mlp_edl_both,99,False_data_injection,0.9636363636363636,373,SAFE_FINAL_01
x_iiotid,D_strict,mlp_edl_both,99,Generic_scanning,0.991313789359392,3675,SAFE_FINAL_01
x_iiotid,D_strict,mlp_edl_both,99,MQTT_cloud_broker_subscription,0.9864592336502449,1720,SAFE_FINAL_01
x_iiotid,D_strict,mlp_edl_both,99,MitM,0.5454545454545454,9,SAFE_FINAL_01
x_iiotid,D_strict,mlp_edl_both,99,Modbus_register_reading,0.9908675799086758,435,SAFE_FINAL_01
x_iiotid,D_strict,mlp_edl_both,99,Normal,0.9784496832756482,30804,SAFE_FINAL_01
x_iiotid,D_strict,mlp_edl_both,99,RDOS,0.9990802149392458,10326,SAFE_FINAL_01
x_iiotid,D_strict,mlp_edl_both,99,Reverse_shell,0.8104575163398693,74,SAFE_FINAL_01
x_iiotid,D_strict,mlp_edl_both,99,Scanning_vulnerability,0.9836451655109251,3863,SAFE_FINAL_01
x_iiotid,D_strict,mlp_edl_both,99,TCP Relay,0.5369649805447471,155,SAFE_FINAL_01
x_iiotid,D_strict,mlp_edl_both,99,crypto-ransomware,0.75,33,SAFE_FINAL_01
x_iiotid,D_strict,mlp_edl_both,99,fuzzing,0.38636363636363635,96,SAFE_FINAL_01
x_iiotid,D_strict,mlp_edl_both,99,insider_malcious,0.9992163009404389,1275,SAFE_FINAL_01
x_iiotid,E3_noport,rf,42,BruteForce,1.0,3453,SAFE_FINAL_01
x_iiotid,E3_noport,rf,42,C&C,0.9502487562189055,209,SAFE_FINAL_01
x_iiotid,E3_noport,rf,42,Dictionary,0.9973333333333333,188,SAFE_FINAL_01
x_iiotid,E3_noport,rf,42,Discovering_resources,0.9711567053226287,1692,SAFE_FINAL_01
x_iiotid,E3_noport,rf,42,Exfiltration,0.9990720692854933,1618,SAFE_FINAL_01
x_iiotid,E3_noport,rf,42,Fake_notification,0.6666666666666666,2,SAFE_FINAL_01
x_iiotid,E3_noport,rf,42,False_data_injection,0.989247311827957,373,SAFE_FINAL_01
x_iiotid,E3_noport,rf,42,Generic_scanning,0.9986405655247417,3675,SAFE_FINAL_01
x_iiotid,E3_noport,rf,42,MQTT_cloud_broker_subscription,0.9982558139534884,1720,SAFE_FINAL_01
x_iiotid,E3_noport,rf,42,MitM,0.6153846153846154,9,SAFE_FINAL_01
x_iiotid,E3_noport,rf,42,Modbus_register_reading,0.9976958525345622,435,SAFE_FINAL_01
x_iiotid,E3_noport,rf,42,Normal,0.9960972291946689,30804,SAFE_FINAL_01
x_iiotid,E3_noport,rf,42,RDOS,0.9999031476997579,10326,SAFE_FINAL_01
x_iiotid,E3_noport,rf,42,Reverse_shell,0.9436619718309859,74,SAFE_FINAL_01
x_iiotid,E3_noport,rf,42,Scanning_vulnerability,0.9990931467806711,3863,SAFE_FINAL_01
x_iiotid,E3_noport,rf,42,TCP Relay,0.765625,155,SAFE_FINAL_01
x_iiotid,E3_noport,rf,42,crypto-ransomware,0.9523809523809523,33,SAFE_FINAL_01
x_iiotid,E3_noport,rf,42,fuzzing,0.8433734939759037,96,SAFE_FINAL_01
x_iiotid,E3_noport,rf,42,insider_malcious,1.0,1275,SAFE_FINAL_01
x_iiotid,E3_noport,lgbm,42,BruteForce,0.9998551774076756,3453,SAFE_FINAL_01
x_iiotid,E3_noport,lgbm,42,C&C,0.9550827423167849,209,SAFE_FINAL_01
x_iiotid,E3_noport,lgbm,42,Dictionary,1.0,188,SAFE_FINAL_01
x_iiotid,E3_noport,lgbm,42,Discovering_resources,0.9780637613337233,1692,SAFE_FINAL_01
x_iiotid,E3_noport,lgbm,42,Exfiltration,0.9990720692854933,1618,SAFE_FINAL_01
x_iiotid,E3_noport,lgbm,42,Fake_notification,1.0,2,SAFE_FINAL_01
x_iiotid,E3_noport,lgbm,42,False_data_injection,0.9933065595716198,373,SAFE_FINAL_01
x_iiotid,E3_noport,lgbm,42,Generic_scanning,0.9993201903467029,3675,SAFE_FINAL_01
x_iiotid,E3_noport,lgbm,42,MQTT_cloud_broker_subscription,0.999128160418483,1720,SAFE_FINAL_01
x_iiotid,E3_noport,lgbm,42,MitM,0.9411764705882353,9,SAFE_FINAL_01
x_iiotid,E3_noport,lgbm,42,Modbus_register_reading,1.0,435,SAFE_FINAL_01
x_iiotid,E3_noport,lgbm,42,Normal,0.9970449748335769,30804,SAFE_FINAL_01
x_iiotid,E3_noport,lgbm,42,RDOS,0.999951580884133,10326,SAFE_FINAL_01
x_iiotid,E3_noport,lgbm,42,Reverse_shell,0.9436619718309859,74,SAFE_FINAL_01
x_iiotid,E3_noport,lgbm,42,Scanning_vulnerability,0.9994822676676158,3863,SAFE_FINAL_01
x_iiotid,E3_noport,lgbm,42,TCP Relay,0.8431372549019608,155,SAFE_FINAL_01
x_iiotid,E3_noport,lgbm,42,crypto-ransomware,0.96875,33,SAFE_FINAL_01
x_iiotid,E3_noport,lgbm,42,fuzzing,0.8938547486033519,96,SAFE_FINAL_01
x_iiotid,E3_noport,lgbm,42,insider_malcious,1.0,1275,SAFE_FINAL_01
x_iiotid,E3_noport,mlp_softmax_en,42,BruteForce,0.9985540775014459,3453,SAFE_FINAL_01
x_iiotid,E3_noport,mlp_softmax_en,42,C&C,0.8326359832635983,209,SAFE_FINAL_01
x_iiotid,E3_noport,mlp_softmax_en,42,Dictionary,0.9739583333333334,188,SAFE_FINAL_01
x_iiotid,E3_noport,mlp_softmax_en,42,Discovering_resources,0.8357664233576643,1692,SAFE_FINAL_01
x_iiotid,E3_noport,mlp_softmax_en,42,Exfiltration,0.9981470043236566,1618,SAFE_FINAL_01
x_iiotid,E3_noport,mlp_softmax_en,42,Fake_notification,0.4,2,SAFE_FINAL_01
x_iiotid,E3_noport,mlp_softmax_en,42,False_data_injection,0.9598965071151359,373,SAFE_FINAL_01
x_iiotid,E3_noport,mlp_softmax_en,42,Generic_scanning,0.9929270946681176,3675,SAFE_FINAL_01
x_iiotid,E3_noport,mlp_softmax_en,42,MQTT_cloud_broker_subscription,0.9927473165071077,1720,SAFE_FINAL_01
x_iiotid,E3_noport,mlp_softmax_en,42,MitM,0.4444444444444444,9,SAFE_FINAL_01
x_iiotid,E3_noport,mlp_softmax_en,42,Modbus_register_reading,0.9908045977011494,435,SAFE_FINAL_01
x_iiotid,E3_noport,mlp_softmax_en,42,Normal,0.9815586155077506,30804,SAFE_FINAL_01
x_iiotid,E3_noport,mlp_softmax_en,42,RDOS,0.998546511627907,10326,SAFE_FINAL_01
x_iiotid,E3_noport,mlp_softmax_en,42,Reverse_shell,0.8258064516129032,74,SAFE_FINAL_01
x_iiotid,E3_noport,mlp_softmax_en,42,Scanning_vulnerability,0.9909302928219746,3863,SAFE_FINAL_01
x_iiotid,E3_noport,mlp_softmax_en,42,TCP Relay,0.5482041587901701,155,SAFE_FINAL_01
x_iiotid,E3_noport,mlp_softmax_en,42,crypto-ransomware,0.7586206896551724,33,SAFE_FINAL_01
x_iiotid,E3_noport,mlp_softmax_en,42,fuzzing,0.5239616613418531,96,SAFE_FINAL_01
x_iiotid,E3_noport,mlp_softmax_en,42,insider_malcious,0.9992156862745099,1275,SAFE_FINAL_01
x_iiotid,E3_noport,mlp_edl_both,42,BruteForce,0.9965367965367965,3453,SAFE_FINAL_01
x_iiotid,E3_noport,mlp_edl_both,42,C&C,0.7865612648221344,209,SAFE_FINAL_01
x_iiotid,E3_noport,mlp_edl_both,42,Dictionary,0.8826291079812206,188,SAFE_FINAL_01
x_iiotid,E3_noport,mlp_edl_both,42,Discovering_resources,0.8147914032869785,1692,SAFE_FINAL_01
x_iiotid,E3_noport,mlp_edl_both,42,Exfiltration,0.9975293390982087,1618,SAFE_FINAL_01
x_iiotid,E3_noport,mlp_edl_both,42,Fake_notification,0.25,2,SAFE_FINAL_01
x_iiotid,E3_noport,mlp_edl_both,42,False_data_injection,0.9500640204865557,373,SAFE_FINAL_01
x_iiotid,E3_noport,mlp_edl_both,42,Generic_scanning,0.9900027019724399,3675,SAFE_FINAL_01
x_iiotid,E3_noport,mlp_edl_both,42,MQTT_cloud_broker_subscription,0.9872463768115942,1720,SAFE_FINAL_01
x_iiotid,E3_noport,mlp_edl_both,42,MitM,0.5185185185185185,9,SAFE_FINAL_01
x_iiotid,E3_noport,mlp_edl_both,42,Modbus_register_reading,0.9850057670126874,435,SAFE_FINAL_01
x_iiotid,E3_noport,mlp_edl_both,42,Normal,0.9769595810832924,30804,SAFE_FINAL_01
x_iiotid,E3_noport,mlp_edl_both,42,RDOS,0.9989347278713926,10326,SAFE_FINAL_01
x_iiotid,E3_noport,mlp_edl_both,42,Reverse_shell,0.8301886792452831,74,SAFE_FINAL_01
x_iiotid,E3_noport,mlp_edl_both,42,Scanning_vulnerability,0.9819997372224412,3863,SAFE_FINAL_01
x_iiotid,E3_noport,mlp_edl_both,42,TCP Relay,0.5067567567567568,155,SAFE_FINAL_01
x_iiotid,E3_noport,mlp_edl_both,42,crypto-ransomware,0.7021276595744681,33,SAFE_FINAL_01
x_iiotid,E3_noport,mlp_edl_both,42,fuzzing,0.37327188940092165,96,SAFE_FINAL_01
x_iiotid,E3_noport,mlp_edl_both,42,insider_malcious,0.9980384464495881,1275,SAFE_FINAL_01
x_iiotid,E3_noport,rf,7,BruteForce,0.9998551774076756,3453,SAFE_FINAL_01
x_iiotid,E3_noport,rf,7,C&C,0.9211195928753181,209,SAFE_FINAL_01
x_iiotid,E3_noport,rf,7,Dictionary,0.9973333333333333,188,SAFE_FINAL_01
x_iiotid,E3_noport,rf,7,Discovering_resources,0.9687034277198212,1692,SAFE_FINAL_01
x_iiotid,E3_noport,rf,7,Exfiltration,0.9996908809891808,1618,SAFE_FINAL_01
x_iiotid,E3_noport,rf,7,Fake_notification,1.0,2,SAFE_FINAL_01
x_iiotid,E3_noport,rf,7,False_data_injection,0.9892183288409704,373,SAFE_FINAL_01
x_iiotid,E3_noport,rf,7,Generic_scanning,0.9987746766507829,3675,SAFE_FINAL_01
x_iiotid,E3_noport,rf,7,MQTT_cloud_broker_subscription,0.9988378849506101,1720,SAFE_FINAL_01
x_iiotid,E3_noport,rf,7,MitM,0.6153846153846154,9,SAFE_FINAL_01
x_iiotid,E3_noport,rf,7,Modbus_register_reading,1.0,435,SAFE_FINAL_01
x_iiotid,E3_noport,rf,7,Normal,0.9959360782345417,30804,SAFE_FINAL_01
x_iiotid,E3_noport,rf,7,RDOS,1.0,10326,SAFE_FINAL_01
x_iiotid,E3_noport,rf,7,Reverse_shell,0.9577464788732394,74,SAFE_FINAL_01
x_iiotid,E3_noport,rf,7,Scanning_vulnerability,0.9998705501618123,3863,SAFE_FINAL_01
x_iiotid,E3_noport,rf,7,TCP Relay,0.803088803088803,155,SAFE_FINAL_01
x_iiotid,E3_noport,rf,7,crypto-ransomware,0.9846153846153847,33,SAFE_FINAL_01
x_iiotid,E3_noport,rf,7,fuzzing,0.8433734939759037,96,SAFE_FINAL_01
x_iiotid,E3_noport,rf,7,insider_malcious,0.9996076892899176,1275,SAFE_FINAL_01
x_iiotid,E3_noport,lgbm,7,BruteForce,0.9998551774076756,3453,SAFE_FINAL_01
x_iiotid,E3_noport,lgbm,7,C&C,0.95260663507109,209,SAFE_FINAL_01
x_iiotid,E3_noport,lgbm,7,Dictionary,0.9973333333333333,188,SAFE_FINAL_01
x_iiotid,E3_noport,lgbm,7,Discovering_resources,0.9762532981530343,1692,SAFE_FINAL_01
x_iiotid,E3_noport,lgbm,7,Exfiltration,0.9993815708101422,1618,SAFE_FINAL_01
x_iiotid,E3_noport,lgbm,7,Fake_notification,1.0,2,SAFE_FINAL_01
x_iiotid,E3_noport,lgbm,7,False_data_injection,0.9879194630872483,373,SAFE_FINAL_01
x_iiotid,E3_noport,lgbm,7,Generic_scanning,0.9997278911564625,3675,SAFE_FINAL_01
x_iiotid,E3_noport,lgbm,7,MQTT_cloud_broker_subscription,0.999128160418483,1720,SAFE_FINAL_01
x_iiotid,E3_noport,lgbm,7,MitM,0.9411764705882353,9,SAFE_FINAL_01
x_iiotid,E3_noport,lgbm,7,Modbus_register_reading,1.0,435,SAFE_FINAL_01
x_iiotid,E3_noport,lgbm,7,Normal,0.997191604032402,30804,SAFE_FINAL_01
x_iiotid,E3_noport,lgbm,7,RDOS,0.999951580884133,10326,SAFE_FINAL_01
x_iiotid,E3_noport,lgbm,7,Reverse_shell,0.9863013698630136,74,SAFE_FINAL_01
x_iiotid,E3_noport,lgbm,7,Scanning_vulnerability,1.0,3863,SAFE_FINAL_01
x_iiotid,E3_noport,lgbm,7,TCP Relay,0.882943143812709,155,SAFE_FINAL_01
x_iiotid,E3_noport,lgbm,7,crypto-ransomware,1.0,33,SAFE_FINAL_01
x_iiotid,E3_noport,lgbm,7,fuzzing,0.918918918918919,96,SAFE_FINAL_01
x_iiotid,E3_noport,lgbm,7,insider_malcious,0.9992156862745099,1275,SAFE_FINAL_01
x_iiotid,E3_noport,mlp_softmax_en,7,BruteForce,0.998987121979453,3453,SAFE_FINAL_01
x_iiotid,E3_noport,mlp_softmax_en,7,C&C,0.7751004016064257,209,SAFE_FINAL_01
x_iiotid,E3_noport,mlp_softmax_en,7,Dictionary,0.928395061728395,188,SAFE_FINAL_01
x_iiotid,E3_noport,mlp_softmax_en,7,Discovering_resources,0.8374083129584352,1692,SAFE_FINAL_01
x_iiotid,E3_noport,mlp_softmax_en,7,Exfiltration,0.9993819530284301,1618,SAFE_FINAL_01
x_iiotid,E3_noport,mlp_softmax_en,7,Fake_notification,0.5,2,SAFE_FINAL_01
x_iiotid,E3_noport,mlp_softmax_en,7,False_data_injection,0.9688311688311688,373,SAFE_FINAL_01
x_iiotid,E3_noport,mlp_softmax_en,7,Generic_scanning,0.9933559322033898,3675,SAFE_FINAL_01
x_iiotid,E3_noport,mlp_softmax_en,7,MQTT_cloud_broker_subscription,0.9915917657291968,1720,SAFE_FINAL_01
x_iiotid,E3_noport,mlp_softmax_en,7,MitM,0.5714285714285714,9,SAFE_FINAL_01
x_iiotid,E3_noport,mlp_softmax_en,7,Modbus_register_reading,0.9954128440366973,435,SAFE_FINAL_01
x_iiotid,E3_noport,mlp_softmax_en,7,Normal,0.9813719402594856,30804,SAFE_FINAL_01
x_iiotid,E3_noport,mlp_softmax_en,7,RDOS,0.9992737835875091,10326,SAFE_FINAL_01
x_iiotid,E3_noport,mlp_softmax_en,7,Reverse_shell,0.8466257668711656,74,SAFE_FINAL_01
x_iiotid,E3_noport,mlp_softmax_en,7,Scanning_vulnerability,0.9918149928543588,3863,SAFE_FINAL_01
x_iiotid,E3_noport,mlp_softmax_en,7,TCP Relay,0.5458015267175572,155,SAFE_FINAL_01
x_iiotid,E3_noport,mlp_softmax_en,7,crypto-ransomware,0.6804123711340206,33,SAFE_FINAL_01
x_iiotid,E3_noport,mlp_softmax_en,7,fuzzing,0.5882352941176471,96,SAFE_FINAL_01
x_iiotid,E3_noport,mlp_softmax_en,7,insider_malcious,0.9988249118683902,1275,SAFE_FINAL_01
x_iiotid,E3_noport,mlp_edl_both,7,BruteForce,0.997832056655586,3453,SAFE_FINAL_01
x_iiotid,E3_noport,mlp_edl_both,7,C&C,0.8067226890756303,209,SAFE_FINAL_01
x_iiotid,E3_noport,mlp_edl_both,7,Dictionary,0.9082125603864735,188,SAFE_FINAL_01
x_iiotid,E3_noport,mlp_edl_both,7,Discovering_resources,0.8544545721846516,1692,SAFE_FINAL_01
x_iiotid,E3_noport,mlp_edl_both,7,Exfiltration,0.9990732159406858,1618,SAFE_FINAL_01
x_iiotid,E3_noport,mlp_edl_both,7,Fake_notification,0.0,2,SAFE_FINAL_01
x_iiotid,E3_noport,mlp_edl_both,7,False_data_injection,0.9601029601029601,373,SAFE_FINAL_01
x_iiotid,E3_noport,mlp_edl_both,7,Generic_scanning,0.9941615750169722,3675,SAFE_FINAL_01
x_iiotid,E3_noport,mlp_edl_both,7,MQTT_cloud_broker_subscription,0.9901563404748118,1720,SAFE_FINAL_01
x_iiotid,E3_noport,mlp_edl_both,7,MitM,0.37209302325581395,9,SAFE_FINAL_01
x_iiotid,E3_noport,mlp_edl_both,7,Modbus_register_reading,0.9942857142857143,435,SAFE_FINAL_01
x_iiotid,E3_noport,mlp_edl_both,7,Normal,0.9789617172231437,30804,SAFE_FINAL_01
x_iiotid,E3_noport,mlp_edl_both,7,RDOS,0.9991771140907111,10326,SAFE_FINAL_01
x_iiotid,E3_noport,mlp_edl_both,7,Reverse_shell,0.8727272727272727,74,SAFE_FINAL_01
x_iiotid,E3_noport,mlp_edl_both,7,Scanning_vulnerability,0.9911481385055975,3863,SAFE_FINAL_01
x_iiotid,E3_noport,mlp_edl_both,7,TCP Relay,0.5555555555555556,155,SAFE_FINAL_01
x_iiotid,E3_noport,mlp_edl_both,7,crypto-ransomware,0.7619047619047619,33,SAFE_FINAL_01
x_iiotid,E3_noport,mlp_edl_both,7,fuzzing,0.36438923395445133,96,SAFE_FINAL_01
x_iiotid,E3_noport,mlp_edl_both,7,insider_malcious,0.9988249118683902,1275,SAFE_FINAL_01
x_iiotid,E3_noport,rf,13,BruteForce,0.9998551774076756,3453,SAFE_FINAL_01
x_iiotid,E3_noport,rf,13,C&C,0.9172932330827067,209,SAFE_FINAL_01
x_iiotid,E3_noport,rf,13,Dictionary,0.9973333333333333,188,SAFE_FINAL_01
x_iiotid,E3_noport,rf,13,Discovering_resources,0.9740530867879511,1692,SAFE_FINAL_01
x_iiotid,E3_noport,rf,13,Exfiltration,1.0,1618,SAFE_FINAL_01
x_iiotid,E3_noport,rf,13,Fake_notification,1.0,2,SAFE_FINAL_01
x_iiotid,E3_noport,rf,13,False_data_injection,0.9919137466307277,373,SAFE_FINAL_01
x_iiotid,E3_noport,rf,13,Generic_scanning,0.998911860718172,3675,SAFE_FINAL_01
x_iiotid,E3_noport,rf,13,MQTT_cloud_broker_subscription,0.9991276533876127,1720,SAFE_FINAL_01
x_iiotid,E3_noport,rf,13,MitM,0.2,9,SAFE_FINAL_01
x_iiotid,E3_noport,rf,13,Modbus_register_reading,1.0,435,SAFE_FINAL_01
x_iiotid,E3_noport,rf,13,Normal,0.9963728220739685,30804,SAFE_FINAL_01
x_iiotid,E3_noport,rf,13,RDOS,1.0,10326,SAFE_FINAL_01
x_iiotid,E3_noport,rf,13,Reverse_shell,0.935251798561151,74,SAFE_FINAL_01
x_iiotid,E3_noport,rf,13,Scanning_vulnerability,0.9994819994819995,3863,SAFE_FINAL_01
x_iiotid,E3_noport,rf,13,TCP Relay,0.835820895522388,155,SAFE_FINAL_01
x_iiotid,E3_noport,rf,13,crypto-ransomware,1.0,33,SAFE_FINAL_01
x_iiotid,E3_noport,rf,13,fuzzing,0.8148148148148148,96,SAFE_FINAL_01
x_iiotid,E3_noport,rf,13,insider_malcious,1.0,1275,SAFE_FINAL_01
x_iiotid,E3_noport,lgbm,13,BruteForce,0.9998551774076756,3453,SAFE_FINAL_01
x_iiotid,E3_noport,lgbm,13,C&C,0.9302325581395349,209,SAFE_FINAL_01
x_iiotid,E3_noport,lgbm,13,Dictionary,1.0,188,SAFE_FINAL_01
x_iiotid,E3_noport,lgbm,13,Discovering_resources,0.9830011723329426,1692,SAFE_FINAL_01
x_iiotid,E3_noport,lgbm,13,Exfiltration,0.9993815708101422,1618,SAFE_FINAL_01
x_iiotid,E3_noport,lgbm,13,Fake_notification,1.0,2,SAFE_FINAL_01
x_iiotid,E3_noport,lgbm,13,False_data_injection,0.9932705248990579,373,SAFE_FINAL_01
x_iiotid,E3_noport,lgbm,13,Generic_scanning,0.999727965179543,3675,SAFE_FINAL_01
x_iiotid,E3_noport,lgbm,13,MQTT_cloud_broker_subscription,0.9988378849506101,1720,SAFE_FINAL_01
x_iiotid,E3_noport,lgbm,13,MitM,0.875,9,SAFE_FINAL_01
x_iiotid,E3_noport,lgbm,13,Modbus_register_reading,0.9977064220183486,435,SAFE_FINAL_01
x_iiotid,E3_noport,lgbm,13,Normal,0.997190509443461,30804,SAFE_FINAL_01
x_iiotid,E3_noport,lgbm,13,RDOS,1.0,10326,SAFE_FINAL_01
x_iiotid,E3_noport,lgbm,13,Reverse_shell,0.9655172413793104,74,SAFE_FINAL_01
x_iiotid,E3_noport,lgbm,13,Scanning_vulnerability,0.9997411338338079,3863,SAFE_FINAL_01
x_iiotid,E3_noport,lgbm,13,TCP Relay,0.8434504792332268,155,SAFE_FINAL_01
x_iiotid,E3_noport,lgbm,13,crypto-ransomware,0.9850746268656716,33,SAFE_FINAL_01
x_iiotid,E3_noport,lgbm,13,fuzzing,0.8913043478260869,96,SAFE_FINAL_01
x_iiotid,E3_noport,lgbm,13,insider_malcious,1.0,1275,SAFE_FINAL_01
x_iiotid,E3_noport,mlp_softmax_en,13,BruteForce,0.998987121979453,3453,SAFE_FINAL_01
x_iiotid,E3_noport,mlp_softmax_en,13,C&C,0.8351177730192719,209,SAFE_FINAL_01
x_iiotid,E3_noport,mlp_softmax_en,13,Dictionary,0.9817232375979112,188,SAFE_FINAL_01
x_iiotid,E3_noport,mlp_softmax_en,13,Discovering_resources,0.8593610032845626,1692,SAFE_FINAL_01
x_iiotid,E3_noport,mlp_softmax_en,13,Exfiltration,0.998455359901143,1618,SAFE_FINAL_01
x_iiotid,E3_noport,mlp_softmax_en,13,Fake_notification,0.4444444444444444,2,SAFE_FINAL_01
x_iiotid,E3_noport,mlp_softmax_en,13,False_data_injection,0.9763779527559056,373,SAFE_FINAL_01
x_iiotid,E3_noport,mlp_softmax_en,13,Generic_scanning,0.9949789659383905,3675,SAFE_FINAL_01
x_iiotid,E3_noport,mlp_softmax_en,13,MQTT_cloud_broker_subscription,0.9921942758022549,1720,SAFE_FINAL_01
x_iiotid,E3_noport,mlp_softmax_en,13,MitM,0.3157894736842105,9,SAFE_FINAL_01
x_iiotid,E3_noport,mlp_softmax_en,13,Modbus_register_reading,0.9954128440366973,435,SAFE_FINAL_01
x_iiotid,E3_noport,mlp_softmax_en,13,Normal,0.9826782472152706,30804,SAFE_FINAL_01
x_iiotid,E3_noport,mlp_softmax_en,13,RDOS,0.9996126658274427,10326,SAFE_FINAL_01
x_iiotid,E3_noport,mlp_softmax_en,13,Reverse_shell,0.8301886792452831,74,SAFE_FINAL_01
x_iiotid,E3_noport,mlp_softmax_en,13,Scanning_vulnerability,0.9948132780082988,3863,SAFE_FINAL_01
x_iiotid,E3_noport,mlp_softmax_en,13,TCP Relay,0.5681381957773513,155,SAFE_FINAL_01
x_iiotid,E3_noport,mlp_softmax_en,13,crypto-ransomware,0.8148148148148148,33,SAFE_FINAL_01
x_iiotid,E3_noport,mlp_softmax_en,13,fuzzing,0.49390243902439024,96,SAFE_FINAL_01
x_iiotid,E3_noport,mlp_softmax_en,13,insider_malcious,0.9992163009404389,1275,SAFE_FINAL_01
x_iiotid,E3_noport,mlp_edl_both,13,BruteForce,0.998987121979453,3453,SAFE_FINAL_01
x_iiotid,E3_noport,mlp_edl_both,13,C&C,0.7838383838383839,209,SAFE_FINAL_01
x_iiotid,E3_noport,mlp_edl_both,13,Dictionary,0.9261083743842364,188,SAFE_FINAL_01
x_iiotid,E3_noport,mlp_edl_both,13,Discovering_resources,0.8669086509376891,1692,SAFE_FINAL_01
x_iiotid,E3_noport,mlp_edl_both,13,Exfiltration,0.9981470043236566,1618,SAFE_FINAL_01
x_iiotid,E3_noport,mlp_edl_both,13,Fake_notification,0.25,2,SAFE_FINAL_01
x_iiotid,E3_noport,mlp_edl_both,13,False_data_injection,0.958656330749354,373,SAFE_FINAL_01
x_iiotid,E3_noport,mlp_edl_both,13,Generic_scanning,0.9947032459595274,3675,SAFE_FINAL_01
x_iiotid,E3_noport,mlp_edl_both,13,MQTT_cloud_broker_subscription,0.9898638864755285,1720,SAFE_FINAL_01
x_iiotid,E3_noport,mlp_edl_both,13,MitM,0.48,9,SAFE_FINAL_01
x_iiotid,E3_noport,mlp_edl_both,13,Modbus_register_reading,0.988558352402746,435,SAFE_FINAL_01
x_iiotid,E3_noport,mlp_edl_both,13,Normal,0.981897341888176,30804,SAFE_FINAL_01
x_iiotid,E3_noport,mlp_edl_both,13,RDOS,0.9994674412975066,10326,SAFE_FINAL_01
x_iiotid,E3_noport,mlp_edl_both,13,Reverse_shell,0.7472527472527473,74,SAFE_FINAL_01
x_iiotid,E3_noport,mlp_edl_both,13,Scanning_vulnerability,0.9902178166166689,3863,SAFE_FINAL_01
x_iiotid,E3_noport,mlp_edl_both,13,TCP Relay,0.5580524344569289,155,SAFE_FINAL_01
x_iiotid,E3_noport,mlp_edl_both,13,crypto-ransomware,0.7096774193548387,33,SAFE_FINAL_01
x_iiotid,E3_noport,mlp_edl_both,13,fuzzing,0.46111111111111114,96,SAFE_FINAL_01
x_iiotid,E3_noport,mlp_edl_both,13,insider_malcious,0.9992163009404389,1275,SAFE_FINAL_01
x_iiotid,E3_noport,rf,21,BruteForce,0.9998551774076756,3453,SAFE_FINAL_01
x_iiotid,E3_noport,rf,21,C&C,0.9141414141414141,209,SAFE_FINAL_01
x_iiotid,E3_noport,rf,21,Dictionary,1.0,188,SAFE_FINAL_01
x_iiotid,E3_noport,rf,21,Discovering_resources,0.9715483677747828,1692,SAFE_FINAL_01
x_iiotid,E3_noport,rf,21,Exfiltration,1.0,1618,SAFE_FINAL_01
x_iiotid,E3_noport,rf,21,Fake_notification,1.0,2,SAFE_FINAL_01
x_iiotid,E3_noport,rf,21,False_data_injection,0.9932885906040269,373,SAFE_FINAL_01
x_iiotid,E3_noport,rf,21,Generic_scanning,0.9989109719575279,3675,SAFE_FINAL_01
x_iiotid,E3_noport,rf,21,MQTT_cloud_broker_subscription,0.9988372093023256,1720,SAFE_FINAL_01
x_iiotid,E3_noport,rf,21,MitM,0.2,9,SAFE_FINAL_01
x_iiotid,E3_noport,rf,21,Modbus_register_reading,0.998849252013809,435,SAFE_FINAL_01
x_iiotid,E3_noport,rf,21,Normal,0.9959375252893097,30804,SAFE_FINAL_01
x_iiotid,E3_noport,rf,21,RDOS,0.9999031570792175,10326,SAFE_FINAL_01
x_iiotid,E3_noport,rf,21,Reverse_shell,0.9795918367346939,74,SAFE_FINAL_01
x_iiotid,E3_noport,rf,21,Scanning_vulnerability,0.9992232004142931,3863,SAFE_FINAL_01
x_iiotid,E3_noport,rf,21,TCP Relay,0.7550200803212851,155,SAFE_FINAL_01
x_iiotid,E3_noport,rf,21,crypto-ransomware,0.9523809523809523,33,SAFE_FINAL_01
x_iiotid,E3_noport,rf,21,fuzzing,0.8220858895705522,96,SAFE_FINAL_01
x_iiotid,E3_noport,rf,21,insider_malcious,0.999607996863975,1275,SAFE_FINAL_01
x_iiotid,E3_noport,lgbm,21,BruteForce,0.9998551774076756,3453,SAFE_FINAL_01
x_iiotid,E3_noport,lgbm,21,C&C,0.9645390070921985,209,SAFE_FINAL_01
x_iiotid,E3_noport,lgbm,21,Dictionary,1.0,188,SAFE_FINAL_01
x_iiotid,E3_noport,lgbm,21,Discovering_resources,0.9781582054309327,1692,SAFE_FINAL_01
x_iiotid,E3_noport,lgbm,21,Exfiltration,1.0,1618,SAFE_FINAL_01
x_iiotid,E3_noport,lgbm,21,Fake_notification,0.8,2,SAFE_FINAL_01
x_iiotid,E3_noport,lgbm,21,False_data_injection,0.9933065595716198,373,SAFE_FINAL_01
x_iiotid,E3_noport,lgbm,21,Generic_scanning,0.9998639270649068,3675,SAFE_FINAL_01
x_iiotid,E3_noport,lgbm,21,MQTT_cloud_broker_subscription,0.999418942475305,1720,SAFE_FINAL_01
x_iiotid,E3_noport,lgbm,21,MitM,0.875,9,SAFE_FINAL_01
x_iiotid,E3_noport,lgbm,21,Modbus_register_reading,1.0,435,SAFE_FINAL_01
x_iiotid,E3_noport,lgbm,21,Normal,0.997160704145372,30804,SAFE_FINAL_01
x_iiotid,E3_noport,lgbm,21,RDOS,1.0,10326,SAFE_FINAL_01
x_iiotid,E3_noport,lgbm,21,Reverse_shell,0.9795918367346939,74,SAFE_FINAL_01
x_iiotid,E3_noport,lgbm,21,Scanning_vulnerability,0.9994821336095288,3863,SAFE_FINAL_01
x_iiotid,E3_noport,lgbm,21,TCP Relay,0.8108108108108109,155,SAFE_FINAL_01
x_iiotid,E3_noport,lgbm,21,crypto-ransomware,0.9846153846153847,33,SAFE_FINAL_01
x_iiotid,E3_noport,lgbm,21,fuzzing,0.9333333333333333,96,SAFE_FINAL_01
x_iiotid,E3_noport,lgbm,21,insider_malcious,0.9976415094339622,1275,SAFE_FINAL_01
x_iiotid,E3_noport,mlp_softmax_en,21,BruteForce,0.9988425925925926,3453,SAFE_FINAL_01
x_iiotid,E3_noport,mlp_softmax_en,21,C&C,0.7414448669201521,209,SAFE_FINAL_01
x_iiotid,E3_noport,mlp_softmax_en,21,Dictionary,0.9376558603491272,188,SAFE_FINAL_01
x_iiotid,E3_noport,mlp_softmax_en,21,Discovering_resources,0.8323732718894009,1692,SAFE_FINAL_01
x_iiotid,E3_noport,mlp_softmax_en,21,Exfiltration,0.9984572662758407,1618,SAFE_FINAL_01
x_iiotid,E3_noport,mlp_softmax_en,21,Fake_notification,0.5714285714285714,2,SAFE_FINAL_01
x_iiotid,E3_noport,mlp_softmax_en,21,False_data_injection,0.9609375,373,SAFE_FINAL_01
x_iiotid,E3_noport,mlp_softmax_en,21,Generic_scanning,0.9918633034987795,3675,SAFE_FINAL_01
x_iiotid,E3_noport,mlp_softmax_en,21,MQTT_cloud_broker_subscription,0.9930273097036607,1720,SAFE_FINAL_01
x_iiotid,E3_noport,mlp_softmax_en,21,MitM,0.4,9,SAFE_FINAL_01
x_iiotid,E3_noport,mlp_softmax_en,21,Modbus_register_reading,0.9965397923875432,435,SAFE_FINAL_01
x_iiotid,E3_noport,mlp_softmax_en,21,Normal,0.9815396700706991,30804,SAFE_FINAL_01
x_iiotid,E3_noport,mlp_softmax_en,21,RDOS,0.9994189987411639,10326,SAFE_FINAL_01
x_iiotid,E3_noport,mlp_softmax_en,21,Reverse_shell,0.9154929577464789,74,SAFE_FINAL_01
x_iiotid,E3_noport,mlp_softmax_en,21,Scanning_vulnerability,0.9918064767850175,3863,SAFE_FINAL_01
x_iiotid,E3_noport,mlp_softmax_en,21,TCP Relay,0.6040816326530613,155,SAFE_FINAL_01
x_iiotid,E3_noport,mlp_softmax_en,21,crypto-ransomware,0.775,33,SAFE_FINAL_01
x_iiotid,E3_noport,mlp_softmax_en,21,fuzzing,0.624,96,SAFE_FINAL_01
x_iiotid,E3_noport,mlp_softmax_en,21,insider_malcious,0.999607996863975,1275,SAFE_FINAL_01
x_iiotid,E3_noport,mlp_edl_both,21,BruteForce,0.9971114962449451,3453,SAFE_FINAL_01
x_iiotid,E3_noport,mlp_edl_both,21,C&C,0.7235621521335807,209,SAFE_FINAL_01
x_iiotid,E3_noport,mlp_edl_both,21,Dictionary,0.9016786570743405,188,SAFE_FINAL_01
x_iiotid,E3_noport,mlp_edl_both,21,Discovering_resources,0.8287359806001818,1692,SAFE_FINAL_01
x_iiotid,E3_noport,mlp_edl_both,21,Exfiltration,0.9984572662758407,1618,SAFE_FINAL_01
x_iiotid,E3_noport,mlp_edl_both,21,Fake_notification,0.3333333333333333,2,SAFE_FINAL_01
x_iiotid,E3_noport,mlp_edl_both,21,False_data_injection,0.9598965071151359,373,SAFE_FINAL_01
x_iiotid,E3_noport,mlp_edl_both,21,Generic_scanning,0.9927998913191143,3675,SAFE_FINAL_01
x_iiotid,E3_noport,mlp_edl_both,21,MQTT_cloud_broker_subscription,0.9886858137510879,1720,SAFE_FINAL_01
x_iiotid,E3_noport,mlp_edl_both,21,MitM,0.25,9,SAFE_FINAL_01
x_iiotid,E3_noport,mlp_edl_both,21,Modbus_register_reading,0.9931192660550459,435,SAFE_FINAL_01
x_iiotid,E3_noport,mlp_edl_both,21,Normal,0.980941026604171,30804,SAFE_FINAL_01
x_iiotid,E3_noport,mlp_edl_both,21,RDOS,0.9993222308288149,10326,SAFE_FINAL_01
x_iiotid,E3_noport,mlp_edl_both,21,Reverse_shell,0.8518518518518519,74,SAFE_FINAL_01
x_iiotid,E3_noport,mlp_edl_both,21,Scanning_vulnerability,0.9874739039665971,3863,SAFE_FINAL_01
x_iiotid,E3_noport,mlp_edl_both,21,TCP Relay,0.5900900900900901,155,SAFE_FINAL_01
x_iiotid,E3_noport,mlp_edl_both,21,crypto-ransomware,0.7333333333333333,33,SAFE_FINAL_01
x_iiotid,E3_noport,mlp_edl_both,21,fuzzing,0.5776173285198556,96,SAFE_FINAL_01
x_iiotid,E3_noport,mlp_edl_both,21,insider_malcious,0.999607996863975,1275,SAFE_FINAL_01
x_iiotid,E3_noport,rf,99,BruteForce,1.0,3453,SAFE_FINAL_01
x_iiotid,E3_noport,rf,99,C&C,0.9010416666666666,209,SAFE_FINAL_01
x_iiotid,E3_noport,rf,99,Dictionary,0.989247311827957,188,SAFE_FINAL_01
x_iiotid,E3_noport,rf,99,Discovering_resources,0.9688249400479616,1692,SAFE_FINAL_01
x_iiotid,E3_noport,rf,99,Exfiltration,0.9993819530284301,1618,SAFE_FINAL_01
x_iiotid,E3_noport,rf,99,Fake_notification,1.0,2,SAFE_FINAL_01
x_iiotid,E3_noport,rf,99,False_data_injection,0.9932705248990579,373,SAFE_FINAL_01
x_iiotid,E3_noport,rf,99,Generic_scanning,0.998911860718172,3675,SAFE_FINAL_01
x_iiotid,E3_noport,rf,99,MQTT_cloud_broker_subscription,0.998546934030805,1720,SAFE_FINAL_01
x_iiotid,E3_noport,rf,99,MitM,0.7142857142857143,9,SAFE_FINAL_01
x_iiotid,E3_noport,rf,99,Modbus_register_reading,1.0,435,SAFE_FINAL_01
x_iiotid,E3_noport,rf,99,Normal,0.9958085867331251,30804,SAFE_FINAL_01
x_iiotid,E3_noport,rf,99,RDOS,1.0,10326,SAFE_FINAL_01
x_iiotid,E3_noport,rf,99,Reverse_shell,0.9577464788732394,74,SAFE_FINAL_01
x_iiotid,E3_noport,rf,99,Scanning_vulnerability,0.99909338168631,3863,SAFE_FINAL_01
x_iiotid,E3_noport,rf,99,TCP Relay,0.753968253968254,155,SAFE_FINAL_01
x_iiotid,E3_noport,rf,99,crypto-ransomware,0.9375,33,SAFE_FINAL_01
x_iiotid,E3_noport,rf,99,fuzzing,0.8502994011976048,96,SAFE_FINAL_01
x_iiotid,E3_noport,rf,99,insider_malcious,0.999607996863975,1275,SAFE_FINAL_01
x_iiotid,E3_noport,lgbm,99,BruteForce,1.0,3453,SAFE_FINAL_01
x_iiotid,E3_noport,lgbm,99,C&C,0.9339853300733496,209,SAFE_FINAL_01
x_iiotid,E3_noport,lgbm,99,Dictionary,0.9973333333333333,188,SAFE_FINAL_01
x_iiotid,E3_noport,lgbm,99,Discovering_resources,0.9776864357017029,1692,SAFE_FINAL_01
x_iiotid,E3_noport,lgbm,99,Exfiltration,0.9990720692854933,1618,SAFE_FINAL_01
x_iiotid,E3_noport,lgbm,99,Fake_notification,1.0,2,SAFE_FINAL_01
x_iiotid,E3_noport,lgbm,99,False_data_injection,0.9959731543624161,373,SAFE_FINAL_01
x_iiotid,E3_noport,lgbm,99,Generic_scanning,0.999455930359086,3675,SAFE_FINAL_01
x_iiotid,E3_noport,lgbm,99,MQTT_cloud_broker_subscription,0.999418942475305,1720,SAFE_FINAL_01
x_iiotid,E3_noport,lgbm,99,MitM,0.7142857142857143,9,SAFE_FINAL_01
x_iiotid,E3_noport,lgbm,99,Modbus_register_reading,0.998849252013809,435,SAFE_FINAL_01
x_iiotid,E3_noport,lgbm,99,Normal,0.9969822830813161,30804,SAFE_FINAL_01
x_iiotid,E3_noport,lgbm,99,RDOS,1.0,10326,SAFE_FINAL_01
x_iiotid,E3_noport,lgbm,99,Reverse_shell,0.951048951048951,74,SAFE_FINAL_01
x_iiotid,E3_noport,lgbm,99,Scanning_vulnerability,0.9994821336095288,3863,SAFE_FINAL_01
x_iiotid,E3_noport,lgbm,99,TCP Relay,0.8493150684931506,155,SAFE_FINAL_01
x_iiotid,E3_noport,lgbm,99,crypto-ransomware,0.96875,33,SAFE_FINAL_01
x_iiotid,E3_noport,lgbm,99,fuzzing,0.9130434782608695,96,SAFE_FINAL_01
x_iiotid,E3_noport,lgbm,99,insider_malcious,1.0,1275,SAFE_FINAL_01
x_iiotid,E3_noport,mlp_softmax_en,99,BruteForce,0.9955312094565374,3453,SAFE_FINAL_01
x_iiotid,E3_noport,mlp_softmax_en,99,C&C,0.7426326129666012,209,SAFE_FINAL_01
x_iiotid,E3_noport,mlp_softmax_en,99,Dictionary,0.9739583333333334,188,SAFE_FINAL_01
x_iiotid,E3_noport,mlp_softmax_en,99,Discovering_resources,0.8493234932349324,1692,SAFE_FINAL_01
x_iiotid,E3_noport,mlp_softmax_en,99,Exfiltration,0.9972213646187095,1618,SAFE_FINAL_01
x_iiotid,E3_noport,mlp_softmax_en,99,Fake_notification,0.3076923076923077,2,SAFE_FINAL_01
x_iiotid,E3_noport,mlp_softmax_en,99,False_data_injection,0.966321243523316,373,SAFE_FINAL_01
x_iiotid,E3_noport,mlp_softmax_en,99,Generic_scanning,0.9930697105584998,3675,SAFE_FINAL_01
x_iiotid,E3_noport,mlp_softmax_en,99,MQTT_cloud_broker_subscription,0.9915917657291968,1720,SAFE_FINAL_01
x_iiotid,E3_noport,mlp_softmax_en,99,MitM,0.32727272727272727,9,SAFE_FINAL_01
x_iiotid,E3_noport,mlp_softmax_en,99,Modbus_register_reading,0.9897142857142858,435,SAFE_FINAL_01
x_iiotid,E3_noport,mlp_softmax_en,99,Normal,0.9817225552488444,30804,SAFE_FINAL_01
x_iiotid,E3_noport,mlp_softmax_en,99,RDOS,0.9992737835875091,10326,SAFE_FINAL_01
x_iiotid,E3_noport,mlp_softmax_en,99,Reverse_shell,0.8441558441558441,74,SAFE_FINAL_01
x_iiotid,E3_noport,mlp_softmax_en,99,Scanning_vulnerability,0.9905034473786913,3863,SAFE_FINAL_01
x_iiotid,E3_noport,mlp_softmax_en,99,TCP Relay,0.5562130177514792,155,SAFE_FINAL_01
x_iiotid,E3_noport,mlp_softmax_en,99,crypto-ransomware,0.825,33,SAFE_FINAL_01
x_iiotid,E3_noport,mlp_softmax_en,99,fuzzing,0.581081081081081,96,SAFE_FINAL_01
x_iiotid,E3_noport,mlp_softmax_en,99,insider_malcious,0.9984338292873923,1275,SAFE_FINAL_01
x_iiotid,E3_noport,mlp_edl_both,99,BruteForce,0.9969683845820702,3453,SAFE_FINAL_01
x_iiotid,E3_noport,mlp_edl_both,99,C&C,0.7701863354037267,209,SAFE_FINAL_01
x_iiotid,E3_noport,mlp_edl_both,99,Dictionary,0.8723897911832946,188,SAFE_FINAL_01
x_iiotid,E3_noport,mlp_edl_both,99,Discovering_resources,0.8409720086127346,1692,SAFE_FINAL_01
x_iiotid,E3_noport,mlp_edl_both,99,Exfiltration,0.9972213646187095,1618,SAFE_FINAL_01
x_iiotid,E3_noport,mlp_edl_both,99,Fake_notification,0.21052631578947367,2,SAFE_FINAL_01
x_iiotid,E3_noport,mlp_edl_both,99,False_data_injection,0.9650711513583441,373,SAFE_FINAL_01
x_iiotid,E3_noport,mlp_edl_both,99,Generic_scanning,0.9923913043478261,3675,SAFE_FINAL_01
x_iiotid,E3_noport,mlp_edl_both,99,MQTT_cloud_broker_subscription,0.9878472222222222,1720,SAFE_FINAL_01
x_iiotid,E3_noport,mlp_edl_both,99,MitM,0.5142857142857142,9,SAFE_FINAL_01
x_iiotid,E3_noport,mlp_edl_both,99,Modbus_register_reading,0.9908256880733946,435,SAFE_FINAL_01
x_iiotid,E3_noport,mlp_edl_both,99,Normal,0.9813692993484969,30804,SAFE_FINAL_01
x_iiotid,E3_noport,mlp_edl_both,99,RDOS,0.9992737835875091,10326,SAFE_FINAL_01
x_iiotid,E3_noport,mlp_edl_both,99,Reverse_shell,0.7777777777777778,74,SAFE_FINAL_01
x_iiotid,E3_noport,mlp_edl_both,99,Scanning_vulnerability,0.9852422619824996,3863,SAFE_FINAL_01
x_iiotid,E3_noport,mlp_edl_both,99,TCP Relay,0.5341130604288499,155,SAFE_FINAL_01
x_iiotid,E3_noport,mlp_edl_both,99,crypto-ransomware,0.7586206896551724,33,SAFE_FINAL_01
x_iiotid,E3_noport,mlp_edl_both,99,fuzzing,0.5845070422535211,96,SAFE_FINAL_01
x_iiotid,E3_noport,mlp_edl_both,99,insider_malcious,0.9988249118683902,1275,SAFE_FINAL_01
x_iiotid,E4_network,rf,42,BruteForce,0.9960954446854664,3453,SAFE_FINAL_01
x_iiotid,E4_network,rf,42,C&C,0.9102844638949672,209,SAFE_FINAL_01
x_iiotid,E4_network,rf,42,Dictionary,0.9946524064171123,188,SAFE_FINAL_01
x_iiotid,E4_network,rf,42,Discovering_resources,0.8793296089385475,1692,SAFE_FINAL_01
x_iiotid,E4_network,rf,42,Exfiltration,0.9805134549953604,1618,SAFE_FINAL_01
x_iiotid,E4_network,rf,42,Fake_notification,0.6666666666666666,2,SAFE_FINAL_01
x_iiotid,E4_network,rf,42,False_data_injection,0.989247311827957,373,SAFE_FINAL_01
x_iiotid,E4_network,rf,42,Generic_scanning,0.8743992726328095,3675,SAFE_FINAL_01
x_iiotid,E4_network,rf,42,MQTT_cloud_broker_subscription,0.9988365328679465,1720,SAFE_FINAL_01
x_iiotid,E4_network,rf,42,MitM,0.5,9,SAFE_FINAL_01
x_iiotid,E4_network,rf,42,Modbus_register_reading,1.0,435,SAFE_FINAL_01
x_iiotid,E4_network,rf,42,Normal,0.9882567552160529,30804,SAFE_FINAL_01
x_iiotid,E4_network,rf,42,RDOS,0.9974330411197753,10326,SAFE_FINAL_01
x_iiotid,E4_network,rf,42,Reverse_shell,0.7152317880794702,74,SAFE_FINAL_01
x_iiotid,E4_network,rf,42,Scanning_vulnerability,0.8592753426516488,3863,SAFE_FINAL_01
x_iiotid,E4_network,rf,42,TCP Relay,0.7021943573667712,155,SAFE_FINAL_01
x_iiotid,E4_network,rf,42,crypto-ransomware,0.8923076923076924,33,SAFE_FINAL_01
x_iiotid,E4_network,rf,42,fuzzing,0.7868852459016393,96,SAFE_FINAL_01
x_iiotid,E4_network,rf,42,insider_malcious,0.985062893081761,1275,SAFE_FINAL_01
x_iiotid,E4_network,lgbm,42,BruteForce,0.9962416883492339,3453,SAFE_FINAL_01
x_iiotid,E4_network,lgbm,42,C&C,0.906318082788671,209,SAFE_FINAL_01
x_iiotid,E4_network,lgbm,42,Dictionary,1.0,188,SAFE_FINAL_01
x_iiotid,E4_network,lgbm,42,Discovering_resources,0.9378596087456847,1692,SAFE_FINAL_01
x_iiotid,E4_network,lgbm,42,Exfiltration,0.9811778992106861,1618,SAFE_FINAL_01
x_iiotid,E4_network,lgbm,42,Fake_notification,0.4,2,SAFE_FINAL_01
x_iiotid,E4_network,lgbm,42,False_data_injection,0.9893048128342246,373,SAFE_FINAL_01
x_iiotid,E4_network,lgbm,42,Generic_scanning,0.8912245156388502,3675,SAFE_FINAL_01
x_iiotid,E4_network,lgbm,42,MQTT_cloud_broker_subscription,0.9985452429444283,1720,SAFE_FINAL_01
x_iiotid,E4_network,lgbm,42,MitM,0.46153846153846156,9,SAFE_FINAL_01
x_iiotid,E4_network,lgbm,42,Modbus_register_reading,1.0,435,SAFE_FINAL_01
x_iiotid,E4_network,lgbm,42,Normal,0.9890084726356767,30804,SAFE_FINAL_01
x_iiotid,E4_network,lgbm,42,RDOS,0.9984,10326,SAFE_FINAL_01
x_iiotid,E4_network,lgbm,42,Reverse_shell,0.6936416184971098,74,SAFE_FINAL_01
x_iiotid,E4_network,lgbm,42,Scanning_vulnerability,0.8699413898967345,3863,SAFE_FINAL_01
x_iiotid,E4_network,lgbm,42,TCP Relay,0.5381818181818182,155,SAFE_FINAL_01
x_iiotid,E4_network,lgbm,42,crypto-ransomware,0.9565217391304348,33,SAFE_FINAL_01
x_iiotid,E4_network,lgbm,42,fuzzing,0.7336244541484717,96,SAFE_FINAL_01
x_iiotid,E4_network,lgbm,42,insider_malcious,0.9917872506843958,1275,SAFE_FINAL_01
x_iiotid,E4_network,mlp_softmax_en,42,BruteForce,0.9753820033955858,3453,SAFE_FINAL_01
x_iiotid,E4_network,mlp_softmax_en,42,C&C,0.8668171557562077,209,SAFE_FINAL_01
x_iiotid,E4_network,mlp_softmax_en,42,Dictionary,0.9690721649484536,188,SAFE_FINAL_01
x_iiotid,E4_network,mlp_softmax_en,42,Discovering_resources,0.7595762021189894,1692,SAFE_FINAL_01
x_iiotid,E4_network,mlp_softmax_en,42,Exfiltration,0.8511087645195353,1618,SAFE_FINAL_01
x_iiotid,E4_network,mlp_softmax_en,42,Fake_notification,0.05263157894736842,2,SAFE_FINAL_01
x_iiotid,E4_network,mlp_softmax_en,42,False_data_injection,0.970013037809648,373,SAFE_FINAL_01
x_iiotid,E4_network,mlp_softmax_en,42,Generic_scanning,0.8668487943936335,3675,SAFE_FINAL_01
x_iiotid,E4_network,mlp_softmax_en,42,MQTT_cloud_broker_subscription,0.9896133871898442,1720,SAFE_FINAL_01
x_iiotid,E4_network,mlp_softmax_en,42,MitM,0.02097902097902098,9,SAFE_FINAL_01
x_iiotid,E4_network,mlp_softmax_en,42,Modbus_register_reading,1.0,435,SAFE_FINAL_01
x_iiotid,E4_network,mlp_softmax_en,42,Normal,0.9658512314453935,30804,SAFE_FINAL_01
x_iiotid,E4_network,mlp_softmax_en,42,RDOS,0.99849667814364,10326,SAFE_FINAL_01
x_iiotid,E4_network,mlp_softmax_en,42,Reverse_shell,0.5968586387434555,74,SAFE_FINAL_01
x_iiotid,E4_network,mlp_softmax_en,42,Scanning_vulnerability,0.8180865399011829,3863,SAFE_FINAL_01
x_iiotid,E4_network,mlp_softmax_en,42,TCP Relay,0.48514851485148514,155,SAFE_FINAL_01
x_iiotid,E4_network,mlp_softmax_en,42,crypto-ransomware,0.7228915662650602,33,SAFE_FINAL_01
x_iiotid,E4_network,mlp_softmax_en,42,fuzzing,0.46956521739130436,96,SAFE_FINAL_01
x_iiotid,E4_network,mlp_softmax_en,42,insider_malcious,0.8712667353244078,1275,SAFE_FINAL_01
x_iiotid,E4_network,mlp_edl_both,42,BruteForce,0.9794004830231567,3453,SAFE_FINAL_01
x_iiotid,E4_network,mlp_edl_both,42,C&C,0.8152866242038217,209,SAFE_FINAL_01
x_iiotid,E4_network,mlp_edl_both,42,Dictionary,0.9516539440203562,188,SAFE_FINAL_01
x_iiotid,E4_network,mlp_edl_both,42,Discovering_resources,0.7699560025141421,1692,SAFE_FINAL_01
x_iiotid,E4_network,mlp_edl_both,42,Exfiltration,0.9730913642052565,1618,SAFE_FINAL_01
x_iiotid,E4_network,mlp_edl_both,42,Fake_notification,0.041666666666666664,2,SAFE_FINAL_01
x_iiotid,E4_network,mlp_edl_both,42,False_data_injection,0.9674902470741222,373,SAFE_FINAL_01
x_iiotid,E4_network,mlp_edl_both,42,Generic_scanning,0.8683112859015611,3675,SAFE_FINAL_01
x_iiotid,E4_network,mlp_edl_both,42,MQTT_cloud_broker_subscription,0.9584927877539005,1720,SAFE_FINAL_01
x_iiotid,E4_network,mlp_edl_both,42,MitM,0.025157232704402517,9,SAFE_FINAL_01
x_iiotid,E4_network,mlp_edl_both,42,Modbus_register_reading,0.992018244013683,435,SAFE_FINAL_01
x_iiotid,E4_network,mlp_edl_both,42,Normal,0.960551843069627,30804,SAFE_FINAL_01
x_iiotid,E4_network,mlp_edl_both,42,RDOS,0.9984482591407235,10326,SAFE_FINAL_01
x_iiotid,E4_network,mlp_edl_both,42,Reverse_shell,0.33,74,SAFE_FINAL_01
x_iiotid,E4_network,mlp_edl_both,42,Scanning_vulnerability,0.7855502831777131,3863,SAFE_FINAL_01
x_iiotid,E4_network,mlp_edl_both,42,TCP Relay,0.4488549618320611,155,SAFE_FINAL_01
x_iiotid,E4_network,mlp_edl_both,42,crypto-ransomware,0.5882352941176471,33,SAFE_FINAL_01
x_iiotid,E4_network,mlp_edl_both,42,fuzzing,0.417910447761194,96,SAFE_FINAL_01
x_iiotid,E4_network,mlp_edl_both,42,insider_malcious,0.9806201550387597,1275,SAFE_FINAL_01
x_iiotid,E4_network,rf,7,BruteForce,0.9975394413084383,3453,SAFE_FINAL_01
x_iiotid,E4_network,rf,7,C&C,0.8989247311827957,209,SAFE_FINAL_01
x_iiotid,E4_network,rf,7,Dictionary,1.0,188,SAFE_FINAL_01
x_iiotid,E4_network,rf,7,Discovering_resources,0.8879480666102173,1692,SAFE_FINAL_01
x_iiotid,E4_network,rf,7,Exfiltration,0.987012987012987,1618,SAFE_FINAL_01
x_iiotid,E4_network,rf,7,Fake_notification,1.0,2,SAFE_FINAL_01
x_iiotid,E4_network,rf,7,False_data_injection,0.9933065595716198,373,SAFE_FINAL_01
x_iiotid,E4_network,rf,7,Generic_scanning,0.877750292930608,3675,SAFE_FINAL_01
x_iiotid,E4_network,rf,7,MQTT_cloud_broker_subscription,0.9988372093023256,1720,SAFE_FINAL_01
x_iiotid,E4_network,rf,7,MitM,0.5,9,SAFE_FINAL_01
x_iiotid,E4_network,rf,7,Modbus_register_reading,1.0,435,SAFE_FINAL_01
x_iiotid,E4_network,rf,7,Normal,0.9894291066047723,30804,SAFE_FINAL_01
x_iiotid,E4_network,rf,7,RDOS,0.9978711050899942,10326,SAFE_FINAL_01
x_iiotid,E4_network,rf,7,Reverse_shell,0.7019867549668874,74,SAFE_FINAL_01
x_iiotid,E4_network,rf,7,Scanning_vulnerability,0.8648062855594689,3863,SAFE_FINAL_01
x_iiotid,E4_network,rf,7,TCP Relay,0.73125,155,SAFE_FINAL_01
x_iiotid,E4_network,rf,7,crypto-ransomware,0.9411764705882353,33,SAFE_FINAL_01
x_iiotid,E4_network,rf,7,fuzzing,0.8152173913043478,96,SAFE_FINAL_01
x_iiotid,E4_network,rf,7,insider_malcious,0.9870638965111721,1275,SAFE_FINAL_01
x_iiotid,E4_network,lgbm,7,BruteForce,0.9966777408637874,3453,SAFE_FINAL_01
x_iiotid,E4_network,lgbm,7,C&C,0.8989247311827957,209,SAFE_FINAL_01
x_iiotid,E4_network,lgbm,7,Dictionary,1.0,188,SAFE_FINAL_01
x_iiotid,E4_network,lgbm,7,Discovering_resources,0.9330652111462223,1692,SAFE_FINAL_01
x_iiotid,E4_network,lgbm,7,Exfiltration,0.9865771812080537,1618,SAFE_FINAL_01
x_iiotid,E4_network,lgbm,7,Fake_notification,0.5714285714285714,2,SAFE_FINAL_01
x_iiotid,E4_network,lgbm,7,False_data_injection,0.9827357237715804,373,SAFE_FINAL_01
x_iiotid,E4_network,lgbm,7,Generic_scanning,0.8982793522267206,3675,SAFE_FINAL_01
x_iiotid,E4_network,lgbm,7,MQTT_cloud_broker_subscription,0.998546934030805,1720,SAFE_FINAL_01
x_iiotid,E4_network,lgbm,7,MitM,0.5714285714285714,9,SAFE_FINAL_01
x_iiotid,E4_network,lgbm,7,Modbus_register_reading,1.0,435,SAFE_FINAL_01
x_iiotid,E4_network,lgbm,7,Normal,0.9892733337693767,30804,SAFE_FINAL_01
x_iiotid,E4_network,lgbm,7,RDOS,0.9990307259862363,10326,SAFE_FINAL_01
x_iiotid,E4_network,lgbm,7,Reverse_shell,0.718562874251497,74,SAFE_FINAL_01
x_iiotid,E4_network,lgbm,7,Scanning_vulnerability,0.8785594639865997,3863,SAFE_FINAL_01
x_iiotid,E4_network,lgbm,7,TCP Relay,0.576,155,SAFE_FINAL_01
x_iiotid,E4_network,lgbm,7,crypto-ransomware,0.9142857142857143,33,SAFE_FINAL_01
x_iiotid,E4_network,lgbm,7,fuzzing,0.711864406779661,96,SAFE_FINAL_01
x_iiotid,E4_network,lgbm,7,insider_malcious,0.9886762983209684,1275,SAFE_FINAL_01
x_iiotid,E4_network,mlp_softmax_en,7,BruteForce,0.9791400595998297,3453,SAFE_FINAL_01
x_iiotid,E4_network,mlp_softmax_en,7,C&C,0.7814569536423841,209,SAFE_FINAL_01
x_iiotid,E4_network,mlp_softmax_en,7,Dictionary,0.9393939393939394,188,SAFE_FINAL_01
x_iiotid,E4_network,mlp_softmax_en,7,Discovering_resources,0.7040094339622641,1692,SAFE_FINAL_01
x_iiotid,E4_network,mlp_softmax_en,7,Exfiltration,0.9268774703557312,1618,SAFE_FINAL_01
x_iiotid,E4_network,mlp_softmax_en,7,Fake_notification,0.1111111111111111,2,SAFE_FINAL_01
x_iiotid,E4_network,mlp_softmax_en,7,False_data_injection,0.9750328515111695,373,SAFE_FINAL_01
x_iiotid,E4_network,mlp_softmax_en,7,Generic_scanning,0.8726578350638501,3675,SAFE_FINAL_01
x_iiotid,E4_network,mlp_softmax_en,7,MQTT_cloud_broker_subscription,0.9930595720069404,1720,SAFE_FINAL_01
x_iiotid,E4_network,mlp_softmax_en,7,MitM,0.014723926380368098,9,SAFE_FINAL_01
x_iiotid,E4_network,mlp_softmax_en,7,Modbus_register_reading,0.9942857142857143,435,SAFE_FINAL_01
x_iiotid,E4_network,mlp_softmax_en,7,Normal,0.9553277187843281,30804,SAFE_FINAL_01
x_iiotid,E4_network,mlp_softmax_en,7,RDOS,0.9990306320279178,10326,SAFE_FINAL_01
x_iiotid,E4_network,mlp_softmax_en,7,Reverse_shell,0.5887850467289719,74,SAFE_FINAL_01
x_iiotid,E4_network,mlp_softmax_en,7,Scanning_vulnerability,0.8160455021703338,3863,SAFE_FINAL_01
x_iiotid,E4_network,mlp_softmax_en,7,TCP Relay,0.5246478873239436,155,SAFE_FINAL_01
x_iiotid,E4_network,mlp_softmax_en,7,crypto-ransomware,0.825,33,SAFE_FINAL_01
x_iiotid,E4_network,mlp_softmax_en,7,fuzzing,0.46703296703296704,96,SAFE_FINAL_01
x_iiotid,E4_network,mlp_softmax_en,7,insider_malcious,0.9322592456975467,1275,SAFE_FINAL_01
x_iiotid,E4_network,mlp_edl_both,7,BruteForce,0.9033949403591559,3453,SAFE_FINAL_01
x_iiotid,E4_network,mlp_edl_both,7,C&C,0.7629310344827587,209,SAFE_FINAL_01
x_iiotid,E4_network,mlp_edl_both,7,Dictionary,0.7983014861995754,188,SAFE_FINAL_01
x_iiotid,E4_network,mlp_edl_both,7,Discovering_resources,0.7598450613298903,1692,SAFE_FINAL_01
x_iiotid,E4_network,mlp_edl_both,7,Exfiltration,0.9281002638522428,1618,SAFE_FINAL_01
x_iiotid,E4_network,mlp_edl_both,7,Fake_notification,0.0,2,SAFE_FINAL_01
x_iiotid,E4_network,mlp_edl_both,7,False_data_injection,0.9738903394255874,373,SAFE_FINAL_01
x_iiotid,E4_network,mlp_edl_both,7,Generic_scanning,0.8711921324058527,3675,SAFE_FINAL_01
x_iiotid,E4_network,mlp_edl_both,7,MQTT_cloud_broker_subscription,0.9853658536585366,1720,SAFE_FINAL_01
x_iiotid,E4_network,mlp_edl_both,7,MitM,0.02197802197802198,9,SAFE_FINAL_01
x_iiotid,E4_network,mlp_edl_both,7,Modbus_register_reading,0.9977064220183486,435,SAFE_FINAL_01
x_iiotid,E4_network,mlp_edl_both,7,Normal,0.9620951751487111,30804,SAFE_FINAL_01
x_iiotid,E4_network,mlp_edl_both,7,RDOS,0.9990791450588863,10326,SAFE_FINAL_01
x_iiotid,E4_network,mlp_edl_both,7,Reverse_shell,0.3185011709601874,74,SAFE_FINAL_01
x_iiotid,E4_network,mlp_edl_both,7,Scanning_vulnerability,0.7216294859359845,3863,SAFE_FINAL_01
x_iiotid,E4_network,mlp_edl_both,7,TCP Relay,0.5267034990791897,155,SAFE_FINAL_01
x_iiotid,E4_network,mlp_edl_both,7,crypto-ransomware,0.5289256198347108,33,SAFE_FINAL_01
x_iiotid,E4_network,mlp_edl_both,7,fuzzing,0.6753246753246753,96,SAFE_FINAL_01
x_iiotid,E4_network,mlp_edl_both,7,insider_malcious,0.9336266960029336,1275,SAFE_FINAL_01
x_iiotid,E4_network,rf,13,BruteForce,0.9966700448820037,3453,SAFE_FINAL_01
x_iiotid,E4_network,rf,13,C&C,0.8717948717948718,209,SAFE_FINAL_01
x_iiotid,E4_network,rf,13,Dictionary,0.9973333333333333,188,SAFE_FINAL_01
x_iiotid,E4_network,rf,13,Discovering_resources,0.8886401790710688,1692,SAFE_FINAL_01
x_iiotid,E4_network,rf,13,Exfiltration,0.9799196787148594,1618,SAFE_FINAL_01
x_iiotid,E4_network,rf,13,Fake_notification,1.0,2,SAFE_FINAL_01
x_iiotid,E4_network,rf,13,False_data_injection,0.9919571045576407,373,SAFE_FINAL_01
x_iiotid,E4_network,rf,13,Generic_scanning,0.8730075777371309,3675,SAFE_FINAL_01
x_iiotid,E4_network,rf,13,MQTT_cloud_broker_subscription,0.999127145766657,1720,SAFE_FINAL_01
x_iiotid,E4_network,rf,13,MitM,0.2,9,SAFE_FINAL_01
x_iiotid,E4_network,rf,13,Modbus_register_reading,0.9977064220183486,435,SAFE_FINAL_01
x_iiotid,E4_network,rf,13,Normal,0.9886970684039088,30804,SAFE_FINAL_01
x_iiotid,E4_network,rf,13,RDOS,0.9974345321651581,10326,SAFE_FINAL_01
x_iiotid,E4_network,rf,13,Reverse_shell,0.6993006993006993,74,SAFE_FINAL_01
x_iiotid,E4_network,rf,13,Scanning_vulnerability,0.8611523411145594,3863,SAFE_FINAL_01
x_iiotid,E4_network,rf,13,TCP Relay,0.7317073170731707,155,SAFE_FINAL_01
x_iiotid,E4_network,rf,13,crypto-ransomware,0.9552238805970149,33,SAFE_FINAL_01
x_iiotid,E4_network,rf,13,fuzzing,0.8295454545454546,96,SAFE_FINAL_01
x_iiotid,E4_network,rf,13,insider_malcious,0.9802527646129542,1275,SAFE_FINAL_01
x_iiotid,E4_network,lgbm,13,BruteForce,0.9975422871186931,3453,SAFE_FINAL_01
x_iiotid,E4_network,lgbm,13,C&C,0.8702928870292888,209,SAFE_FINAL_01
x_iiotid,E4_network,lgbm,13,Dictionary,0.9973333333333333,188,SAFE_FINAL_01
x_iiotid,E4_network,lgbm,13,Discovering_resources,0.9323863636363636,1692,SAFE_FINAL_01
x_iiotid,E4_network,lgbm,13,Exfiltration,0.9838660578386605,1618,SAFE_FINAL_01
x_iiotid,E4_network,lgbm,13,Fake_notification,0.8,2,SAFE_FINAL_01
x_iiotid,E4_network,lgbm,13,False_data_injection,0.9879194630872483,373,SAFE_FINAL_01
x_iiotid,E4_network,lgbm,13,Generic_scanning,0.8891170431211499,3675,SAFE_FINAL_01
x_iiotid,E4_network,lgbm,13,MQTT_cloud_broker_subscription,0.9985452429444283,1720,SAFE_FINAL_01
x_iiotid,E4_network,lgbm,13,MitM,0.3076923076923077,9,SAFE_FINAL_01
x_iiotid,E4_network,lgbm,13,Modbus_register_reading,0.9977064220183486,435,SAFE_FINAL_01
x_iiotid,E4_network,lgbm,13,Normal,0.9888247132549045,30804,SAFE_FINAL_01
x_iiotid,E4_network,lgbm,13,RDOS,0.9987394550567246,10326,SAFE_FINAL_01
x_iiotid,E4_network,lgbm,13,Reverse_shell,0.7189542483660131,74,SAFE_FINAL_01
x_iiotid,E4_network,lgbm,13,Scanning_vulnerability,0.8731466227347611,3863,SAFE_FINAL_01
x_iiotid,E4_network,lgbm,13,TCP Relay,0.5736434108527132,155,SAFE_FINAL_01
x_iiotid,E4_network,lgbm,13,crypto-ransomware,0.9705882352941176,33,SAFE_FINAL_01
x_iiotid,E4_network,lgbm,13,fuzzing,0.7033898305084746,96,SAFE_FINAL_01
x_iiotid,E4_network,lgbm,13,insider_malcious,0.9902381882077314,1275,SAFE_FINAL_01
x_iiotid,E4_network,mlp_softmax_en,13,BruteForce,0.9722026245237759,3453,SAFE_FINAL_01
x_iiotid,E4_network,mlp_softmax_en,13,C&C,0.820627802690583,209,SAFE_FINAL_01
x_iiotid,E4_network,mlp_softmax_en,13,Dictionary,0.94,188,SAFE_FINAL_01
x_iiotid,E4_network,mlp_softmax_en,13,Discovering_resources,0.739760554505356,1692,SAFE_FINAL_01
x_iiotid,E4_network,mlp_softmax_en,13,Exfiltration,0.8495949277914758,1618,SAFE_FINAL_01
x_iiotid,E4_network,mlp_softmax_en,13,Fake_notification,0.13333333333333333,2,SAFE_FINAL_01
x_iiotid,E4_network,mlp_softmax_en,13,False_data_injection,0.9686684073107049,373,SAFE_FINAL_01
x_iiotid,E4_network,mlp_softmax_en,13,Generic_scanning,0.8736099485830444,3675,SAFE_FINAL_01
x_iiotid,E4_network,mlp_softmax_en,13,MQTT_cloud_broker_subscription,0.9913344887348353,1720,SAFE_FINAL_01
x_iiotid,E4_network,mlp_softmax_en,13,MitM,0.00619514713474445,9,SAFE_FINAL_01
x_iiotid,E4_network,mlp_softmax_en,13,Modbus_register_reading,0.9965635738831615,435,SAFE_FINAL_01
x_iiotid,E4_network,mlp_softmax_en,13,Normal,0.9419000438108719,30804,SAFE_FINAL_01
x_iiotid,E4_network,mlp_softmax_en,13,RDOS,0.9987394550567246,10326,SAFE_FINAL_01
x_iiotid,E4_network,mlp_softmax_en,13,Reverse_shell,0.3526170798898072,74,SAFE_FINAL_01
x_iiotid,E4_network,mlp_softmax_en,13,Scanning_vulnerability,0.7913513513513514,3863,SAFE_FINAL_01
x_iiotid,E4_network,mlp_softmax_en,13,TCP Relay,0.5268630849220104,155,SAFE_FINAL_01
x_iiotid,E4_network,mlp_softmax_en,13,crypto-ransomware,0.7857142857142857,33,SAFE_FINAL_01
x_iiotid,E4_network,mlp_softmax_en,13,fuzzing,0.6755555555555556,96,SAFE_FINAL_01
x_iiotid,E4_network,mlp_softmax_en,13,insider_malcious,0.8684660061496413,1275,SAFE_FINAL_01
x_iiotid,E4_network,mlp_edl_both,13,BruteForce,0.9749185206178262,3453,SAFE_FINAL_01
x_iiotid,E4_network,mlp_edl_both,13,C&C,0.8096280087527352,209,SAFE_FINAL_01
x_iiotid,E4_network,mlp_edl_both,13,Dictionary,0.82560706401766,188,SAFE_FINAL_01
x_iiotid,E4_network,mlp_edl_both,13,Discovering_resources,0.7573696145124716,1692,SAFE_FINAL_01
x_iiotid,E4_network,mlp_edl_both,13,Exfiltration,0.9269736842105263,1618,SAFE_FINAL_01
x_iiotid,E4_network,mlp_edl_both,13,Fake_notification,0.07272727272727272,2,SAFE_FINAL_01
x_iiotid,E4_network,mlp_edl_both,13,False_data_injection,0.96875,373,SAFE_FINAL_01
x_iiotid,E4_network,mlp_edl_both,13,Generic_scanning,0.8736678242126691,3675,SAFE_FINAL_01
x_iiotid,E4_network,mlp_edl_both,13,MQTT_cloud_broker_subscription,0.9679694387305319,1720,SAFE_FINAL_01
x_iiotid,E4_network,mlp_edl_both,13,MitM,0.005970149253731343,9,SAFE_FINAL_01
x_iiotid,E4_network,mlp_edl_both,13,Modbus_register_reading,0.9623893805309734,435,SAFE_FINAL_01
x_iiotid,E4_network,mlp_edl_both,13,Normal,0.9681742043551089,30804,SAFE_FINAL_01
x_iiotid,E4_network,mlp_edl_both,13,RDOS,0.9987394550567246,10326,SAFE_FINAL_01
x_iiotid,E4_network,mlp_edl_both,13,Reverse_shell,0.335,74,SAFE_FINAL_01
x_iiotid,E4_network,mlp_edl_both,13,Scanning_vulnerability,0.7742136406104018,3863,SAFE_FINAL_01
x_iiotid,E4_network,mlp_edl_both,13,TCP Relay,0.5104895104895105,155,SAFE_FINAL_01
x_iiotid,E4_network,mlp_edl_both,13,crypto-ransomware,0.6947368421052632,33,SAFE_FINAL_01
x_iiotid,E4_network,mlp_edl_both,13,fuzzing,0.4689265536723164,96,SAFE_FINAL_01
x_iiotid,E4_network,mlp_edl_both,13,insider_malcious,0.9321598826549322,1275,SAFE_FINAL_01
x_iiotid,E4_network,rf,21,BruteForce,0.9965267727930536,3453,SAFE_FINAL_01
x_iiotid,E4_network,rf,21,C&C,0.9106753812636166,209,SAFE_FINAL_01
x_iiotid,E4_network,rf,21,Dictionary,1.0,188,SAFE_FINAL_01
x_iiotid,E4_network,rf,21,Discovering_resources,0.8745819397993311,1692,SAFE_FINAL_01
x_iiotid,E4_network,rf,21,Exfiltration,0.980852378011118,1618,SAFE_FINAL_01
x_iiotid,E4_network,rf,21,Fake_notification,1.0,2,SAFE_FINAL_01
x_iiotid,E4_network,rf,21,False_data_injection,0.990578734858681,373,SAFE_FINAL_01
x_iiotid,E4_network,rf,21,Generic_scanning,0.8748696558915537,3675,SAFE_FINAL_01
x_iiotid,E4_network,rf,21,MQTT_cloud_broker_subscription,0.9988365328679465,1720,SAFE_FINAL_01
x_iiotid,E4_network,rf,21,MitM,0.2,9,SAFE_FINAL_01
x_iiotid,E4_network,rf,21,Modbus_register_reading,1.0,435,SAFE_FINAL_01
x_iiotid,E4_network,rf,21,Normal,0.9878960658141239,30804,SAFE_FINAL_01
x_iiotid,E4_network,rf,21,RDOS,0.9978211397859875,10326,SAFE_FINAL_01
x_iiotid,E4_network,rf,21,Reverse_shell,0.7361963190184049,74,SAFE_FINAL_01
x_iiotid,E4_network,rf,21,Scanning_vulnerability,0.8624796968056307,3863,SAFE_FINAL_01
x_iiotid,E4_network,rf,21,TCP Relay,0.6881028938906752,155,SAFE_FINAL_01
x_iiotid,E4_network,rf,21,crypto-ransomware,0.835820895522388,33,SAFE_FINAL_01
x_iiotid,E4_network,rf,21,fuzzing,0.7955801104972375,96,SAFE_FINAL_01
x_iiotid,E4_network,rf,21,insider_malcious,0.9834905660377359,1275,SAFE_FINAL_01
x_iiotid,E4_network,lgbm,21,BruteForce,0.9959525874530211,3453,SAFE_FINAL_01
x_iiotid,E4_network,lgbm,21,C&C,0.9043478260869565,209,SAFE_FINAL_01
x_iiotid,E4_network,lgbm,21,Dictionary,1.0,188,SAFE_FINAL_01
x_iiotid,E4_network,lgbm,21,Discovering_resources,0.9351398097434419,1692,SAFE_FINAL_01
x_iiotid,E4_network,lgbm,21,Exfiltration,0.9826589595375722,1618,SAFE_FINAL_01
x_iiotid,E4_network,lgbm,21,Fake_notification,0.6666666666666666,2,SAFE_FINAL_01
x_iiotid,E4_network,lgbm,21,False_data_injection,0.9879839786381842,373,SAFE_FINAL_01
x_iiotid,E4_network,lgbm,21,Generic_scanning,0.8924444444444445,3675,SAFE_FINAL_01
x_iiotid,E4_network,lgbm,21,MQTT_cloud_broker_subscription,0.9994186046511628,1720,SAFE_FINAL_01
x_iiotid,E4_network,lgbm,21,MitM,0.3333333333333333,9,SAFE_FINAL_01
x_iiotid,E4_network,lgbm,21,Modbus_register_reading,1.0,435,SAFE_FINAL_01
x_iiotid,E4_network,lgbm,21,Normal,0.9894121107153361,30804,SAFE_FINAL_01
x_iiotid,E4_network,lgbm,21,RDOS,0.998691162925978,10326,SAFE_FINAL_01
x_iiotid,E4_network,lgbm,21,Reverse_shell,0.7386363636363636,74,SAFE_FINAL_01
x_iiotid,E4_network,lgbm,21,Scanning_vulnerability,0.8721448467966574,3863,SAFE_FINAL_01
x_iiotid,E4_network,lgbm,21,TCP Relay,0.5714285714285714,155,SAFE_FINAL_01
x_iiotid,E4_network,lgbm,21,crypto-ransomware,0.8985507246376812,33,SAFE_FINAL_01
x_iiotid,E4_network,lgbm,21,fuzzing,0.7154471544715447,96,SAFE_FINAL_01
x_iiotid,E4_network,lgbm,21,insider_malcious,0.9886408147277712,1275,SAFE_FINAL_01
x_iiotid,E4_network,mlp_softmax_en,21,BruteForce,0.9760249680805788,3453,SAFE_FINAL_01
x_iiotid,E4_network,mlp_softmax_en,21,C&C,0.6049382716049383,209,SAFE_FINAL_01
x_iiotid,E4_network,mlp_softmax_en,21,Dictionary,0.9543147208121827,188,SAFE_FINAL_01
x_iiotid,E4_network,mlp_softmax_en,21,Discovering_resources,0.7396825396825397,1692,SAFE_FINAL_01
x_iiotid,E4_network,mlp_softmax_en,21,Exfiltration,0.9273378950798306,1618,SAFE_FINAL_01
x_iiotid,E4_network,mlp_softmax_en,21,Fake_notification,0.125,2,SAFE_FINAL_01
x_iiotid,E4_network,mlp_softmax_en,21,False_data_injection,0.9699346405228758,373,SAFE_FINAL_01
x_iiotid,E4_network,mlp_softmax_en,21,Generic_scanning,0.8706163973668462,3675,SAFE_FINAL_01
x_iiotid,E4_network,mlp_softmax_en,21,MQTT_cloud_broker_subscription,0.9927682962105873,1720,SAFE_FINAL_01
x_iiotid,E4_network,mlp_softmax_en,21,MitM,0.01020408163265306,9,SAFE_FINAL_01
x_iiotid,E4_network,mlp_softmax_en,21,Modbus_register_reading,0.9988518943742825,435,SAFE_FINAL_01
x_iiotid,E4_network,mlp_softmax_en,21,Normal,0.9604080884191575,30804,SAFE_FINAL_01
x_iiotid,E4_network,mlp_softmax_en,21,RDOS,0.9987879963155089,10326,SAFE_FINAL_01
x_iiotid,E4_network,mlp_softmax_en,21,Reverse_shell,0.3383084577114428,74,SAFE_FINAL_01
x_iiotid,E4_network,mlp_softmax_en,21,Scanning_vulnerability,0.7912291537986411,3863,SAFE_FINAL_01
x_iiotid,E4_network,mlp_softmax_en,21,TCP Relay,0.5573122529644269,155,SAFE_FINAL_01
x_iiotid,E4_network,mlp_softmax_en,21,crypto-ransomware,0.7142857142857143,33,SAFE_FINAL_01
x_iiotid,E4_network,mlp_softmax_en,21,fuzzing,0.71,96,SAFE_FINAL_01
x_iiotid,E4_network,mlp_softmax_en,21,insider_malcious,0.933579335793358,1275,SAFE_FINAL_01
x_iiotid,E4_network,mlp_edl_both,21,BruteForce,0.9828571428571429,3453,SAFE_FINAL_01
x_iiotid,E4_network,mlp_edl_both,21,C&C,0.7950310559006211,209,SAFE_FINAL_01
x_iiotid,E4_network,mlp_edl_both,21,Dictionary,0.827433628318584,188,SAFE_FINAL_01
x_iiotid,E4_network,mlp_edl_both,21,Discovering_resources,0.7539605560944067,1692,SAFE_FINAL_01
x_iiotid,E4_network,mlp_edl_both,21,Exfiltration,0.9722135497970652,1618,SAFE_FINAL_01
x_iiotid,E4_network,mlp_edl_both,21,Fake_notification,0.08695652173913043,2,SAFE_FINAL_01
x_iiotid,E4_network,mlp_edl_both,21,False_data_injection,0.9674902470741222,373,SAFE_FINAL_01
x_iiotid,E4_network,mlp_edl_both,21,Generic_scanning,0.8711185709147584,3675,SAFE_FINAL_01
x_iiotid,E4_network,mlp_edl_both,21,MQTT_cloud_broker_subscription,0.9647887323943662,1720,SAFE_FINAL_01
x_iiotid,E4_network,mlp_edl_both,21,MitM,0.005361930294906166,9,SAFE_FINAL_01
x_iiotid,E4_network,mlp_edl_both,21,Modbus_register_reading,0.9988518943742825,435,SAFE_FINAL_01
x_iiotid,E4_network,mlp_edl_both,21,Normal,0.9697605084690234,30804,SAFE_FINAL_01
x_iiotid,E4_network,mlp_edl_both,21,RDOS,0.998691162925978,10326,SAFE_FINAL_01
x_iiotid,E4_network,mlp_edl_both,21,Reverse_shell,0.32195121951219513,74,SAFE_FINAL_01
x_iiotid,E4_network,mlp_edl_both,21,Scanning_vulnerability,0.775625,3863,SAFE_FINAL_01
x_iiotid,E4_network,mlp_edl_both,21,TCP Relay,0.4726027397260274,155,SAFE_FINAL_01
x_iiotid,E4_network,mlp_edl_both,21,crypto-ransomware,0.6060606060606061,33,SAFE_FINAL_01
x_iiotid,E4_network,mlp_edl_both,21,fuzzing,0.6784140969162996,96,SAFE_FINAL_01
x_iiotid,E4_network,mlp_edl_both,21,insider_malcious,0.9820732657833203,1275,SAFE_FINAL_01
x_iiotid,E4_network,rf,99,BruteForce,0.9966671496884509,3453,SAFE_FINAL_01
x_iiotid,E4_network,rf,99,C&C,0.8850325379609545,209,SAFE_FINAL_01
x_iiotid,E4_network,rf,99,Dictionary,0.9919571045576407,188,SAFE_FINAL_01
x_iiotid,E4_network,rf,99,Discovering_resources,0.8794843049327354,1692,SAFE_FINAL_01
x_iiotid,E4_network,rf,99,Exfiltration,0.9842446709916589,1618,SAFE_FINAL_01
x_iiotid,E4_network,rf,99,Fake_notification,1.0,2,SAFE_FINAL_01
x_iiotid,E4_network,rf,99,False_data_injection,0.9851150202976996,373,SAFE_FINAL_01
x_iiotid,E4_network,rf,99,Generic_scanning,0.8753541076487252,3675,SAFE_FINAL_01
x_iiotid,E4_network,rf,99,MQTT_cloud_broker_subscription,0.9988378849506101,1720,SAFE_FINAL_01
x_iiotid,E4_network,rf,99,MitM,0.7142857142857143,9,SAFE_FINAL_01
x_iiotid,E4_network,rf,99,Modbus_register_reading,1.0,435,SAFE_FINAL_01
x_iiotid,E4_network,rf,99,Normal,0.9884207612005929,30804,SAFE_FINAL_01
x_iiotid,E4_network,rf,99,RDOS,0.9973364327570342,10326,SAFE_FINAL_01
x_iiotid,E4_network,rf,99,Reverse_shell,0.7702702702702703,74,SAFE_FINAL_01
x_iiotid,E4_network,rf,99,Scanning_vulnerability,0.8567508232711306,3863,SAFE_FINAL_01
x_iiotid,E4_network,rf,99,TCP Relay,0.675,155,SAFE_FINAL_01
x_iiotid,E4_network,rf,99,crypto-ransomware,0.9117647058823529,33,SAFE_FINAL_01
x_iiotid,E4_network,rf,99,fuzzing,0.8191489361702128,96,SAFE_FINAL_01
x_iiotid,E4_network,rf,99,insider_malcious,0.9886762983209684,1275,SAFE_FINAL_01
x_iiotid,E4_network,lgbm,99,BruteForce,0.9960954446854664,3453,SAFE_FINAL_01
x_iiotid,E4_network,lgbm,99,C&C,0.8898488120950324,209,SAFE_FINAL_01
x_iiotid,E4_network,lgbm,99,Dictionary,0.9946524064171123,188,SAFE_FINAL_01
x_iiotid,E4_network,lgbm,99,Discovering_resources,0.9281008307075337,1692,SAFE_FINAL_01
x_iiotid,E4_network,lgbm,99,Exfiltration,0.9838266707354287,1618,SAFE_FINAL_01
x_iiotid,E4_network,lgbm,99,Fake_notification,0.5714285714285714,2,SAFE_FINAL_01
x_iiotid,E4_network,lgbm,99,False_data_injection,0.9838274932614556,373,SAFE_FINAL_01
x_iiotid,E4_network,lgbm,99,Generic_scanning,0.8913480885311871,3675,SAFE_FINAL_01
x_iiotid,E4_network,lgbm,99,MQTT_cloud_broker_subscription,0.998546934030805,1720,SAFE_FINAL_01
x_iiotid,E4_network,lgbm,99,MitM,0.7142857142857143,9,SAFE_FINAL_01
x_iiotid,E4_network,lgbm,99,Modbus_register_reading,0.998849252013809,435,SAFE_FINAL_01
x_iiotid,E4_network,lgbm,99,Normal,0.9888672737081297,30804,SAFE_FINAL_01
x_iiotid,E4_network,lgbm,99,RDOS,0.9984968239344422,10326,SAFE_FINAL_01
x_iiotid,E4_network,lgbm,99,Reverse_shell,0.7151515151515152,74,SAFE_FINAL_01
x_iiotid,E4_network,lgbm,99,Scanning_vulnerability,0.868757912505275,3863,SAFE_FINAL_01
x_iiotid,E4_network,lgbm,99,TCP Relay,0.5540796963946869,155,SAFE_FINAL_01
x_iiotid,E4_network,lgbm,99,crypto-ransomware,0.9117647058823529,33,SAFE_FINAL_01
x_iiotid,E4_network,lgbm,99,fuzzing,0.7665198237885462,96,SAFE_FINAL_01
x_iiotid,E4_network,lgbm,99,insider_malcious,0.9894736842105263,1275,SAFE_FINAL_01
x_iiotid,E4_network,mlp_softmax_en,99,BruteForce,0.9780814118986622,3453,SAFE_FINAL_01
x_iiotid,E4_network,mlp_softmax_en,99,C&C,0.8027522935779816,209,SAFE_FINAL_01
x_iiotid,E4_network,mlp_softmax_en,99,Dictionary,0.9326683291770573,188,SAFE_FINAL_01
x_iiotid,E4_network,mlp_softmax_en,99,Discovering_resources,0.7372122762148338,1692,SAFE_FINAL_01
x_iiotid,E4_network,mlp_softmax_en,99,Exfiltration,0.9368727743606345,1618,SAFE_FINAL_01
x_iiotid,E4_network,mlp_softmax_en,99,Fake_notification,0.0547945205479452,2,SAFE_FINAL_01
x_iiotid,E4_network,mlp_softmax_en,99,False_data_injection,0.9726205997392438,373,SAFE_FINAL_01
x_iiotid,E4_network,mlp_softmax_en,99,Generic_scanning,0.8692023369500417,3675,SAFE_FINAL_01
x_iiotid,E4_network,mlp_softmax_en,99,MQTT_cloud_broker_subscription,0.9887640449438202,1720,SAFE_FINAL_01
x_iiotid,E4_network,mlp_softmax_en,99,MitM,0.028089887640449437,9,SAFE_FINAL_01
x_iiotid,E4_network,mlp_softmax_en,99,Modbus_register_reading,1.0,435,SAFE_FINAL_01
x_iiotid,E4_network,mlp_softmax_en,99,Normal,0.9641833338825002,30804,SAFE_FINAL_01
x_iiotid,E4_network,mlp_softmax_en,99,RDOS,0.9985452429444283,10326,SAFE_FINAL_01
x_iiotid,E4_network,mlp_softmax_en,99,Reverse_shell,0.32978723404255317,74,SAFE_FINAL_01
x_iiotid,E4_network,mlp_softmax_en,99,Scanning_vulnerability,0.7883969465648855,3863,SAFE_FINAL_01
x_iiotid,E4_network,mlp_softmax_en,99,TCP Relay,0.46710526315789475,155,SAFE_FINAL_01
x_iiotid,E4_network,mlp_softmax_en,99,crypto-ransomware,0.6185567010309279,33,SAFE_FINAL_01
x_iiotid,E4_network,mlp_softmax_en,99,fuzzing,0.4857142857142857,96,SAFE_FINAL_01
x_iiotid,E4_network,mlp_softmax_en,99,insider_malcious,0.9410018552875695,1275,SAFE_FINAL_01
x_iiotid,E4_network,mlp_edl_both,99,BruteForce,0.9778030734206034,3453,SAFE_FINAL_01
x_iiotid,E4_network,mlp_edl_both,99,C&C,0.589540412044374,209,SAFE_FINAL_01
x_iiotid,E4_network,mlp_edl_both,99,Dictionary,0.9121951219512195,188,SAFE_FINAL_01
x_iiotid,E4_network,mlp_edl_both,99,Discovering_resources,0.7417688831504197,1692,SAFE_FINAL_01
x_iiotid,E4_network,mlp_edl_both,99,Exfiltration,0.9743107769423559,1618,SAFE_FINAL_01
x_iiotid,E4_network,mlp_edl_both,99,Fake_notification,0.05970149253731343,2,SAFE_FINAL_01
x_iiotid,E4_network,mlp_edl_both,99,False_data_injection,0.9688311688311688,373,SAFE_FINAL_01
x_iiotid,E4_network,mlp_edl_both,99,Generic_scanning,0.8680912021009908,3675,SAFE_FINAL_01
x_iiotid,E4_network,mlp_edl_both,99,MQTT_cloud_broker_subscription,0.9587750294464076,1720,SAFE_FINAL_01
x_iiotid,E4_network,mlp_edl_both,99,MitM,0.029055690072639227,9,SAFE_FINAL_01
x_iiotid,E4_network,mlp_edl_both,99,Modbus_register_reading,0.9988518943742825,435,SAFE_FINAL_01
x_iiotid,E4_network,mlp_edl_both,99,Normal,0.9640463132236441,30804,SAFE_FINAL_01
x_iiotid,E4_network,mlp_edl_both,99,RDOS,0.9984968239344422,10326,SAFE_FINAL_01
x_iiotid,E4_network,mlp_edl_both,99,Reverse_shell,0.33163265306122447,74,SAFE_FINAL_01
x_iiotid,E4_network,mlp_edl_both,99,Scanning_vulnerability,0.7812163202463434,3863,SAFE_FINAL_01
x_iiotid,E4_network,mlp_edl_both,99,TCP Relay,0.45289256198347105,155,SAFE_FINAL_01
x_iiotid,E4_network,mlp_edl_both,99,crypto-ransomware,0.5043478260869565,33,SAFE_FINAL_01
x_iiotid,E4_network,mlp_edl_both,99,fuzzing,0.7188940092165899,96,SAFE_FINAL_01
x_iiotid,E4_network,mlp_edl_both,99,insider_malcious,0.9818041037553232,1275,SAFE_FINAL_01
