AUROC,AUROC_CI_low,AUROC_CI_high,AUPR,FPR@95TPR,DetRate@val5FPR,KnownFPR@val5,dataset,variant,family,group,near_far,n_siblings,seed,method,condition,n_known,n_unknown,run_id
0.860560382803315,0.8525360630566463,0.8685847025499838,0.35292306479305485,1.0,0.7224040464147575,0.044447815533980584,edge_iiotset,E3_clean_noports,Backdoor,Malware_C2,far,0,42,rf:maxprob,with_normal,59328,3361,SAFE_FINAL_01
0.8241239061817847,0.8151698376194116,0.8330779747441577,0.48646470482489734,1.0,0.3287711990479024,0.04620989390259491,edge_iiotset,E3_clean_noports,Backdoor,Malware_C2,far,0,42,rf:maxprob,attacks_only,15646,3361,SAFE_FINAL_01
0.8871637731865964,0.8797849753429192,0.8945425710302737,0.29290312227240634,0.2493089266450917,0.47991669146087473,0.05321264832793959,edge_iiotset,E3_clean_noports,Backdoor,Malware_C2,far,0,42,mlp:maxprob,with_normal,59328,3361,SAFE_FINAL_01
0.8102042672559415,0.8010013275701038,0.8194072069417793,0.462372601522286,0.3826537134091781,0.47218089854210055,0.051578678256423365,edge_iiotset,E3_clean_noports,Backdoor,Malware_C2,far,0,42,mlp:maxprob,attacks_only,15646,3361,SAFE_FINAL_01
0.8887173504812965,0.8813803024915974,0.8960543984709957,0.2775459253600212,0.2473705501618123,0.4867598928890211,0.052588996763754045,edge_iiotset,E3_clean_noports,Backdoor,Malware_C2,far,0,42,mlp:entropy,with_normal,59328,3361,SAFE_FINAL_01
0.8134104027204396,0.8042628507061385,0.8225579547347408,0.45321744141482145,0.38092803272401893,0.474561142517108,0.05183433465422472,edge_iiotset,E3_clean_noports,Backdoor,Malware_C2,far,0,42,mlp:entropy,attacks_only,15646,3361,SAFE_FINAL_01
0.9042200343941402,0.8973282647937255,0.9111118039945549,0.21436729928791662,0.1416700377562028,0.10354061291282357,0.05026294498381877,edge_iiotset,E3_clean_noports,Backdoor,Malware_C2,far,0,42,mlp:energy,with_normal,59328,3361,SAFE_FINAL_01
0.8349438539072394,0.8261989816796114,0.8436887261348673,0.42703936137314386,0.30672376326217565,0.1487652484379649,0.05445481273168861,edge_iiotset,E3_clean_noports,Backdoor,Malware_C2,far,0,42,mlp:energy,attacks_only,15646,3361,SAFE_FINAL_01
0.9071470899543498,0.9003457439947674,0.9139484359139322,0.24135189383192096,0.18315129449838188,0.34989586432609343,0.048358279395900754,edge_iiotset,E3_clean_noports,Backdoor,Malware_C2,far,0,42,mlp:mahalanobis,with_normal,59328,3361,SAFE_FINAL_01
0.7391280519457897,0.7289562437446514,0.749299860146928,0.2740524117604399,0.5015339383868082,0.0008925914906277894,0.042438962035024924,edge_iiotset,E3_clean_noports,Backdoor,Malware_C2,far,0,42,mlp:mahalanobis,attacks_only,15646,3361,SAFE_FINAL_01
0.9211553210296288,0.9148191047283423,0.9274915373309154,0.28429061549153983,0.13647855987055016,0.4632549836358227,0.05321264832793959,edge_iiotset,E3_clean_noports,Backdoor,Malware_C2,far,0,42,edl:vacuity,with_normal,59328,3361,SAFE_FINAL_01
0.8212126864600194,0.8122047347808542,0.8302206381391847,0.39708349667142673,0.3048702543781158,0.18952692650996728,0.05356001533938387,edge_iiotset,E3_clean_noports,Backdoor,Malware_C2,far,0,42,edl:vacuity,attacks_only,15646,3361,SAFE_FINAL_01
0.9241816411848005,0.9179537031266393,0.9304095792429617,0.3538660712736028,0.16599244875943905,0.47307349003272836,0.04820658036677454,edge_iiotset,E3_clean_noports,Backdoor,Malware_C2,far,0,42,fusion_rank,with_normal,59328,3361,SAFE_FINAL_01
0.7947856896160183,0.785331719026228,0.8042396602058085,0.3952088065472945,0.4654863862968171,0.20618863433501933,0.04742426179215135,edge_iiotset,E3_clean_noports,Backdoor,Malware_C2,far,0,42,fusion_rank,attacks_only,15646,3361,SAFE_FINAL_01
0.9434257104142415,0.9379667339630939,0.9488846868653891,0.44540711756245377,0.1532328748651564,0.7557274620648616,0.05095401833872708,edge_iiotset,E3_clean_noports,Backdoor,Malware_C2,far,0,42,fusion_z,with_normal,59328,3361,SAFE_FINAL_01
0.8591271634998728,0.850905311904106,0.8673490150956397,0.5014484661854125,0.43640547104691296,0.38946742041059207,0.04442029911798543,edge_iiotset,E3_clean_noports,Backdoor,Malware_C2,far,0,42,fusion_z,attacks_only,15646,3361,SAFE_FINAL_01
0.8642161368288834,0.8562733512260564,0.8721589224317104,0.3529167069280845,1.0,0.7298423088366558,0.044902912621359224,edge_iiotset,E3_clean_noports,Backdoor,Malware_C2,far,0,7,rf:maxprob,with_normal,59328,3361,SAFE_FINAL_01
0.8244343488100283,0.8154860849856358,0.8333826126344208,0.484557412559107,1.0,0.3281761380541505,0.052729132046529466,edge_iiotset,E3_clean_noports,Backdoor,Malware_C2,far,0,7,rf:maxprob,attacks_only,15646,3361,SAFE_FINAL_01
0.9212865588190831,0.9149549761685711,0.927618141469595,0.2925367043142015,0.14731661272923408,0.48021422195775065,0.04928532901833873,edge_iiotset,E3_clean_noports,Backdoor,Malware_C2,far,0,7,mlp:maxprob,with_normal,59328,3361,SAFE_FINAL_01
0.840723354333644,0.8320962396767762,0.8493504689905118,0.4566918737920016,0.30371980058800974,0.41773281761380543,0.052153905151476415,edge_iiotset,E3_clean_noports,Backdoor,Malware_C2,far,0,7,mlp:maxprob,attacks_only,15646,3361,SAFE_FINAL_01
0.922433491542848,0.9161426403798256,0.9287243427058705,0.2978017082866439,0.14650755124056095,0.5135376376078548,0.04931903991370011,edge_iiotset,E3_clean_noports,Backdoor,Malware_C2,far,0,7,mlp:entropy,with_normal,59328,3361,SAFE_FINAL_01
0.8444691084958666,0.8359206551735395,0.8530175618181938,0.46836160103479324,0.30391154288636074,0.44123772686700385,0.050172568068515916,edge_iiotset,E3_clean_noports,Backdoor,Malware_C2,far,0,7,mlp:entropy,attacks_only,15646,3361,SAFE_FINAL_01
0.9157346747521461,0.9092117477682896,0.9222576017360026,0.23611564098394022,0.12129180151024811,0.10830110086283844,0.05270698489751888,edge_iiotset,E3_clean_noports,Backdoor,Malware_C2,far,0,7,mlp:energy,with_normal,59328,3361,SAFE_FINAL_01
0.8712006528860439,0.8632721770900372,0.8791291286820505,0.45041101503269176,0.23827176275086284,0.11901219875037192,0.053432187140483194,edge_iiotset,E3_clean_noports,Backdoor,Malware_C2,far,0,7,mlp:energy,attacks_only,15646,3361,SAFE_FINAL_01
0.8921651145010971,0.8849225007320238,0.8994077282701705,0.210979250066208,0.19569174757281554,0.0809282951502529,0.049184196332254584,edge_iiotset,E3_clean_noports,Backdoor,Malware_C2,far,0,7,mlp:mahalanobis,with_normal,59328,3361,SAFE_FINAL_01
0.7019328414755763,0.6914242304044348,0.7124414525467179,0.24554691590649896,0.5313818228301164,0.003867896459387087,0.05221781925092676,edge_iiotset,E3_clean_noports,Backdoor,Malware_C2,far,0,7,mlp:mahalanobis,attacks_only,15646,3361,SAFE_FINAL_01
0.9138479578840286,0.9072621034392924,0.9204338123287649,0.2784337645830264,0.1557106256742179,0.4400476048795002,0.051611380798274,edge_iiotset,E3_clean_noports,Backdoor,Malware_C2,far,0,7,edl:vacuity,with_normal,59328,3361,SAFE_FINAL_01
0.7933297184436542,0.7838533101342068,0.8028061267531016,0.37394719801959864,0.3689760961268056,0.19428741445998216,0.05170650645532404,edge_iiotset,E3_clean_noports,Backdoor,Malware_C2,far,0,7,edl:vacuity,attacks_only,15646,3361,SAFE_FINAL_01
0.9105826449329786,0.9038902615819808,0.9172750282839763,0.2900777073137667,0.18020159115426107,0.46742041059208567,0.051257416396979505,edge_iiotset,E3_clean_noports,Backdoor,Malware_C2,far,0,7,fusion_rank,with_normal,59328,3361,SAFE_FINAL_01
0.7616539877396745,0.7517395950641281,0.7715683804152209,0.33459582563342694,0.5045379010609741,0.11692948527224041,0.05164259235587371,edge_iiotset,E3_clean_noports,Backdoor,Malware_C2,far,0,7,fusion_rank,attacks_only,15646,3361,SAFE_FINAL_01
0.9378966772391095,0.932200893016169,0.94359246146205,0.41445463037095454,0.1708468176914779,0.7313299613210354,0.050465210355987056,edge_iiotset,E3_clean_noports,Backdoor,Malware_C2,far,0,7,fusion_z,with_normal,59328,3361,SAFE_FINAL_01
0.846630635417965,0.8381284357913363,0.8551328350445937,0.4649601661103504,0.47699092419787803,0.27134781315084794,0.05004473986961524,edge_iiotset,E3_clean_noports,Backdoor,Malware_C2,far,0,7,fusion_z,attacks_only,15646,3361,SAFE_FINAL_01
0.8456137205410303,0.8372770544227092,0.8539503866593515,0.33968827843524485,1.0,0.6709312704552216,0.04486920172599784,edge_iiotset,E3_clean_noports,Backdoor,Malware_C2,far,0,13,rf:maxprob,with_normal,59328,3361,SAFE_FINAL_01
0.8061646337444462,0.7968935016355851,0.8154357658533073,0.4660583884423185,1.0,0.32936626004165426,0.05042822446631727,edge_iiotset,E3_clean_noports,Backdoor,Malware_C2,far,0,13,rf:maxprob,attacks_only,15646,3361,SAFE_FINAL_01
0.9121269870872727,0.905484617951394,0.9187693562231514,0.3203594358798267,0.19886057173678534,0.4793216304671229,0.04891450916936354,edge_iiotset,E3_clean_noports,Backdoor,Malware_C2,far,0,13,mlp:maxprob,with_normal,59328,3361,SAFE_FINAL_01
0.8292484915150562,0.8203917189419323,0.8381052640881801,0.5262245507900827,0.3802249776300652,0.4769413864921154,0.054326984532787934,edge_iiotset,E3_clean_noports,Backdoor,Malware_C2,far,0,13,mlp:maxprob,attacks_only,15646,3361,SAFE_FINAL_01
0.9130181493001294,0.9064049409747316,0.9196313576255272,0.3143746991570294,0.1971244606256742,0.49122285034216007,0.04852683387270766,edge_iiotset,E3_clean_noports,Backdoor,Malware_C2,far,0,13,mlp:entropy,with_normal,59328,3361,SAFE_FINAL_01
0.8325588178010028,0.8237665938106523,0.8413510417913533,0.5289208358563837,0.37920235203885977,0.47813150847961916,0.05336827304103285,edge_iiotset,E3_clean_noports,Backdoor,Malware_C2,far,0,13,mlp:entropy,attacks_only,15646,3361,SAFE_FINAL_01
0.8837822950578162,0.8763142964030645,0.891250293712568,0.18483892364571256,0.2003101402373247,0.10354061291282357,0.050836030204962246,edge_iiotset,E3_clean_noports,Backdoor,Malware_C2,far,0,13,mlp:energy,with_normal,59328,3361,SAFE_FINAL_01
0.7965290270227899,0.7871022037804795,0.8059558502651004,0.351354788085018,0.303400230090758,0.13150847961916096,0.04991691167071456,edge_iiotset,E3_clean_noports,Backdoor,Malware_C2,far,0,13,mlp:energy,attacks_only,15646,3361,SAFE_FINAL_01
0.8937362267772954,0.8865374809798872,0.9009349725747036,0.20772629905053044,0.18429746494066881,0.062183873847069325,0.05027980043149946,edge_iiotset,E3_clean_noports,Backdoor,Malware_C2,far,0,13,mlp:mahalanobis,with_normal,59328,3361,SAFE_FINAL_01
0.69287173902601,0.6822966202376793,0.7034468578143406,0.23686813356203415,0.5231369040010226,0.0044629574531389465,0.05292087434488048,edge_iiotset,E3_clean_noports,Backdoor,Malware_C2,far,0,13,mlp:mahalanobis,attacks_only,15646,3361,SAFE_FINAL_01
0.925489914293885,0.9193097310992453,0.9316700974885248,0.365538650211409,0.1413497842502697,0.47723891698899135,0.047228964401294496,edge_iiotset,E3_clean_noports,Backdoor,Malware_C2,far,0,13,edl:vacuity,with_normal,59328,3361,SAFE_FINAL_01
0.837153796567868,0.8284534430566917,0.8458541500790444,0.5371003281923972,0.3212961779368529,0.45700684320142815,0.0456985811069922,edge_iiotset,E3_clean_noports,Backdoor,Malware_C2,far,0,13,edl:vacuity,attacks_only,15646,3361,SAFE_FINAL_01
0.9111248828293128,0.904449985657744,0.9177997800008816,0.2750736928023802,0.16756000539374324,0.38113656649806604,0.04989212513484358,edge_iiotset,E3_clean_noports,Backdoor,Malware_C2,far,0,13,fusion_rank,with_normal,59328,3361,SAFE_FINAL_01
0.7507058980448218,0.7406610869183101,0.7607507091713335,0.3093853394646073,0.4892624312923431,0.10473073490032728,0.0559248370190464,edge_iiotset,E3_clean_noports,Backdoor,Malware_C2,far,0,13,fusion_rank,attacks_only,15646,3361,SAFE_FINAL_01
0.9348089457823687,0.9289868981746728,0.9406309933900646,0.3791619539606023,0.1664475458468177,0.6980065456709312,0.04975728155339806,edge_iiotset,E3_clean_noports,Backdoor,Malware_C2,far,0,13,fusion_z,with_normal,59328,3361,SAFE_FINAL_01
0.8321848889421686,0.8233853057148751,0.840984472169462,0.4289650534858789,0.48421321743576634,0.2267182386194585,0.05368784353828455,edge_iiotset,E3_clean_noports,Backdoor,Malware_C2,far,0,13,fusion_z,attacks_only,15646,3361,SAFE_FINAL_01
0.8596850463550842,0.8539646646234007,0.8654054280867678,0.43215999769360625,1.0,0.7052023121387283,0.049615522326985045,edge_iiotset,E3_clean_noports,DDoS_HTTP,DDoS,near,3,42,rf:maxprob,with_normal,58651,6747,SAFE_FINAL_01
0.8170891201927983,0.8104409437414734,0.8237372966441233,0.5803583331894671,1.0,0.06343560100785535,0.04996993787160131,edge_iiotset,E3_clean_noports,DDoS_HTTP,DDoS,near,3,42,rf:maxprob,attacks_only,14969,6747,SAFE_FINAL_01
0.7470431964888395,0.7400784452801547,0.7540079476975244,0.17179922099064737,0.5668445550800498,0.006373202904994812,0.052224173500878074,edge_iiotset,E3_clean_noports,DDoS_HTTP,DDoS,near,3,42,mlp:maxprob,with_normal,58651,6747,SAFE_FINAL_01
0.6542404819572625,0.646125209889202,0.662355754025323,0.3554078119637692,0.4446522813815218,0.00044464206313917296,0.05164005611597301,edge_iiotset,E3_clean_noports,DDoS_HTTP,DDoS,near,3,42,mlp:maxprob,attacks_only,14969,6747,SAFE_FINAL_01
0.7469978700529989,0.7400327952578526,0.7539629448481452,0.17148940087839026,0.5675095053792775,0.00029642804209278195,0.051525123186305435,edge_iiotset,E3_clean_noports,DDoS_HTTP,DDoS,near,3,42,mlp:entropy,with_normal,58651,6747,SAFE_FINAL_01
0.6516339439832193,0.6435068210313902,0.6597610669350483,0.3528807836507545,0.4459883759770192,0.0,0.05230810341372169,edge_iiotset,E3_clean_noports,DDoS_HTTP,DDoS,near,3,42,mlp:entropy,attacks_only,14969,6747,SAFE_FINAL_01
0.6916840681238452,0.6844081118329061,0.6989600244147843,0.14466272665474444,0.636954186629384,0.0,0.04816627167482225,edge_iiotset,E3_clean_noports,DDoS_HTTP,DDoS,near,3,42,mlp:energy,with_normal,58651,6747,SAFE_FINAL_01
0.6500573345380165,0.6419231992784128,0.6581914697976202,0.3544977979916617,0.44665642327476784,0.0,0.05063798516934999,edge_iiotset,E3_clean_noports,DDoS_HTTP,DDoS,near,3,42,mlp:energy,attacks_only,14969,6747,SAFE_FINAL_01
0.9674940251751868,0.9645157084510033,0.9704723418993703,0.7021868261605179,0.10601694770762647,0.785830739587965,0.04799577159809722,edge_iiotset,E3_clean_noports,DDoS_HTTP,DDoS,near,3,42,mlp:mahalanobis,with_normal,58651,6747,SAFE_FINAL_01
0.8878175510649483,0.8824092926368795,0.8932258094930171,0.7263069928134076,0.3494555414523348,0.3835778864680599,0.049502304763177234,edge_iiotset,E3_clean_noports,DDoS_HTTP,DDoS,near,3,42,mlp:mahalanobis,attacks_only,14969,6747,SAFE_FINAL_01
0.8564224388138413,0.8506509097521902,0.8621939678754924,0.2626218984487365,0.1545242195358988,0.0,0.052462873608293124,edge_iiotset,E3_clean_noports,DDoS_HTTP,DDoS,near,3,42,edl:vacuity,with_normal,58651,6747,SAFE_FINAL_01
0.6595791274300271,0.65148913604325,0.6676691188168042,0.35928234689136146,0.38038613133809873,0.0,0.04963591422272697,edge_iiotset,E3_clean_noports,DDoS_HTTP,DDoS,near,3,42,edl:vacuity,attacks_only,14969,6747,SAFE_FINAL_01
0.9737382562828525,0.9710500946315975,0.9764264179341074,0.799935375691643,0.08857478985865544,0.8212538906180524,0.048677771904997356,edge_iiotset,E3_clean_noports,DDoS_HTTP,DDoS,near,3,42,fusion_rank,with_normal,58651,6747,SAFE_FINAL_01
0.9128202435024975,0.9079971826293259,0.917643304375669,0.8198182217994243,0.29714743803861315,0.5025937453683118,0.05057118043957512,edge_iiotset,E3_clean_noports,DDoS_HTTP,DDoS,near,3,42,fusion_rank,attacks_only,14969,6747,SAFE_FINAL_01
0.9738030460593031,0.9711180872444924,0.9764880048741138,0.8045127111062784,0.08661403897631755,0.7879057358826145,0.05239467357760311,edge_iiotset,E3_clean_noports,DDoS_HTTP,DDoS,near,3,42,fusion_z,with_normal,58651,6747,SAFE_FINAL_01
0.9241811467428417,0.919661102418934,0.9287011910667494,0.8365749512226275,0.24189992651479725,0.6230917444790277,0.05210768922439709,edge_iiotset,E3_clean_noports,DDoS_HTTP,DDoS,near,3,42,fusion_z,attacks_only,14969,6747,SAFE_FINAL_01
0.867391627079604,0.8617967066237645,0.8729865475354436,0.46200141023946234,1.0,0.6871202015710687,0.04381851971833387,edge_iiotset,E3_clean_noports,DDoS_HTTP,DDoS,near,3,7,rf:maxprob,with_normal,58651,6747,SAFE_FINAL_01
0.8284016996620347,0.8219196775755704,0.834883721748499,0.6132474063951028,1.0,0.12198013932117978,0.049101476384528026,edge_iiotset,E3_clean_noports,DDoS_HTTP,DDoS,near,3,7,rf:maxprob,attacks_only,14969,6747,SAFE_FINAL_01
0.8670702153557485,0.8614699278718597,0.8726705028396372,0.2755285168683558,0.15433666945150126,0.006966058989180376,0.04920632214284496,edge_iiotset,E3_clean_noports,DDoS_HTTP,DDoS,near,3,7,mlp:maxprob,with_normal,58651,6747,SAFE_FINAL_01
0.7343666857654725,0.7267812172606823,0.7419521542702626,0.412578067412952,0.29708063330883827,0.002074996294649474,0.05070478989912486,edge_iiotset,E3_clean_noports,DDoS_HTTP,DDoS,near,3,7,mlp:maxprob,attacks_only,14969,6747,SAFE_FINAL_01
0.8657572434665561,0.8601351553808112,0.8713793315523011,0.27422860339907584,0.15580297011133656,0.0,0.04963257233465755,edge_iiotset,E3_clean_noports,DDoS_HTTP,DDoS,near,3,7,mlp:entropy,with_normal,58651,6747,SAFE_FINAL_01
0.7341840495355832,0.7265969858290082,0.7417711132421583,0.4125831073098962,0.2963457812813147,0.0,0.051506446656423274,edge_iiotset,E3_clean_noports,DDoS_HTTP,DDoS,near,3,7,mlp:entropy,attacks_only,14969,6747,SAFE_FINAL_01
0.848369654739518,0.8424766360878279,0.8542626733912081,0.25116532036410133,0.16758452541303642,0.008744627241737067,0.04884827198172239,edge_iiotset,E3_clean_noports,DDoS_HTTP,DDoS,near,3,7,mlp:energy,with_normal,58651,6747,SAFE_FINAL_01
0.7506418259214886,0.7432062434624634,0.7580774083805139,0.42449632192407877,0.3016233549335293,0.010078553431154587,0.04696372503173225,edge_iiotset,E3_clean_noports,DDoS_HTTP,DDoS,near,3,7,mlp:energy,attacks_only,14969,6747,SAFE_FINAL_01
0.9655579458839124,0.9624961887800901,0.9686197029877347,0.667835194006677,0.11027944962575233,0.7459611679264858,0.049427972242587506,edge_iiotset,E3_clean_noports,DDoS_HTTP,DDoS,near,3,7,mlp:mahalanobis,with_normal,58651,6747,SAFE_FINAL_01
0.8844409368413311,0.8789608644552083,0.8899210092274539,0.6932019674143455,0.34745139955908877,0.37201719282644136,0.05230810341372169,edge_iiotset,E3_clean_noports,DDoS_HTTP,DDoS,near,3,7,mlp:mahalanobis,attacks_only,14969,6747,SAFE_FINAL_01
0.8548127722787607,0.8490164248656262,0.8606091196918952,0.26052130857485867,0.16108847248981262,0.0,0.049001722050774923,edge_iiotset,E3_clean_noports,DDoS_HTTP,DDoS,near,3,7,edl:vacuity,with_normal,58651,6747,SAFE_FINAL_01
0.6635633953765799,0.6554931598720773,0.6716336308810825,0.3624899628645514,0.39648607121384194,0.0,0.051172423007548935,edge_iiotset,E3_clean_noports,DDoS_HTTP,DDoS,near,3,7,edl:vacuity,attacks_only,14969,6747,SAFE_FINAL_01
0.9737873176988832,0.9711015809601962,0.9764730544375702,0.7999129084325978,0.08715963922183766,0.8359270787016452,0.05019522258785016,edge_iiotset,E3_clean_noports,DDoS_HTTP,DDoS,near,3,7,fusion_rank,with_normal,58651,6747,SAFE_FINAL_01
0.9178501138903311,0.9131579144069505,0.9225423133737117,0.8287521964593093,0.27570311978088047,0.45472061657032753,0.04836662435700448,edge_iiotset,E3_clean_noports,DDoS_HTTP,DDoS,near,3,7,fusion_rank,attacks_only,14969,6747,SAFE_FINAL_01
0.9750592679822434,0.9724372984697939,0.9776812374946929,0.8079276921539084,0.08412473785613203,0.7975396472506299,0.050348672656902696,edge_iiotset,E3_clean_noports,DDoS_HTTP,DDoS,near,3,7,fusion_z,with_normal,58651,6747,SAFE_FINAL_01
0.9299841578628142,0.9256299367330092,0.9343383789926192,0.8416802876324374,0.23054312245306968,0.6005632132799763,0.04482597367893647,edge_iiotset,E3_clean_noports,DDoS_HTTP,DDoS,near,3,7,fusion_z,attacks_only,14969,6747,SAFE_FINAL_01
0.8665710231235529,0.8609624236685403,0.8721796225785656,0.4414586290823316,1.0,0.658070253445976,0.04385261973367888,edge_iiotset,E3_clean_noports,DDoS_HTTP,DDoS,near,3,13,rf:maxprob,with_normal,58651,6747,SAFE_FINAL_01
0.8222626301559759,0.8156891372786845,0.8288361230332673,0.5852162172353687,1.0,0.05320883355565437,0.049034671654753156,edge_iiotset,E3_clean_noports,DDoS_HTTP,DDoS,near,3,13,rf:maxprob,attacks_only,14969,6747,SAFE_FINAL_01
0.8665306762401234,0.8609214062311087,0.872139946249138,0.2744572585932633,0.14801111660500246,0.0011857121683711278,0.0488823719970674,edge_iiotset,E3_clean_noports,DDoS_HTTP,DDoS,near,3,13,mlp:maxprob,with_normal,58651,6747,SAFE_FINAL_01
0.7174460635968949,0.7097207209721519,0.7251714062216379,0.3984771611713252,0.3145166677800788,0.00029642804209278195,0.05264212706259603,edge_iiotset,E3_clean_noports,DDoS_HTTP,DDoS,near,3,13,mlp:maxprob,attacks_only,14969,6747,SAFE_FINAL_01
0.8661555571184518,0.8605400616984205,0.8717710525384832,0.27427978005005477,0.14799406659732997,0.0,0.050058822526470134,edge_iiotset,E3_clean_noports,DDoS_HTTP,DDoS,near,3,13,mlp:entropy,with_normal,58651,6747,SAFE_FINAL_01
0.71697897506534,0.7092499946828422,0.7247079554478378,0.3982756329713533,0.3141826441312045,0.0,0.051105618277774066,edge_iiotset,E3_clean_noports,DDoS_HTTP,DDoS,near,3,13,mlp:entropy,attacks_only,14969,6747,SAFE_FINAL_01
0.8983470127488191,0.8933312455279379,0.9033627799697004,0.3241935229901018,0.12911970810386864,0.0,0.050485072718282724,edge_iiotset,E3_clean_noports,DDoS_HTTP,DDoS,near,3,13,mlp:energy,with_normal,58651,6747,SAFE_FINAL_01
0.8278950500962697,0.8214053595031617,0.8343847406893777,0.5197883710710504,0.2660832386932995,0.0008892841262783459,0.05391141692831852,edge_iiotset,E3_clean_noports,DDoS_HTTP,DDoS,near,3,13,mlp:energy,attacks_only,14969,6747,SAFE_FINAL_01
0.9740492540328505,0.9713765065749048,0.9767220014907961,0.7320973781673901,0.09462754258239416,0.8329627982807174,0.04937682221957,edge_iiotset,E3_clean_noports,DDoS_HTTP,DDoS,near,3,13,mlp:mahalanobis,with_normal,58651,6747,SAFE_FINAL_01
0.9107286029584407,0.9058525596751988,0.9156046462416826,0.7517014829168973,0.29855033736388537,0.4000296428042093,0.049168281114302895,edge_iiotset,E3_clean_noports,DDoS_HTTP,DDoS,near,3,13,mlp:mahalanobis,attacks_only,14969,6747,SAFE_FINAL_01
0.849717718511257,0.8438445785504913,0.8555908584720227,0.25586209127275805,0.15532556989650645,0.0,0.0498883224497451,edge_iiotset,E3_clean_noports,DDoS_HTTP,DDoS,near,3,13,edl:vacuity,with_normal,58651,6747,SAFE_FINAL_01
0.6393116595897914,0.6311328358369616,0.6474904833426213,0.3492474143576654,0.37717950430890507,0.0,0.048099405437905,edge_iiotset,E3_clean_noports,DDoS_HTTP,DDoS,near,3,13,edl:vacuity,attacks_only,14969,6747,SAFE_FINAL_01
0.9816331591056049,0.9793733760812473,0.9838929421299625,0.8476748540332198,0.07663978448790303,0.9087001630354231,0.050416872687592706,edge_iiotset,E3_clean_noports,DDoS_HTTP,DDoS,near,3,13,fusion_rank,with_normal,58651,6747,SAFE_FINAL_01
0.9404301422584294,0.936396740241903,0.9444635442749557,0.8645245857924103,0.24858039949228405,0.608418556395435,0.051773665575522744,edge_iiotset,E3_clean_noports,DDoS_HTTP,DDoS,near,3,13,fusion_rank,attacks_only,14969,6747,SAFE_FINAL_01
0.9782894951657998,0.9758379918218809,0.9807409985097186,0.8350606762465402,0.07882218546998346,0.8025789239662072,0.05063852278733525,edge_iiotset,E3_clean_noports,DDoS_HTTP,DDoS,near,3,13,fusion_z,with_normal,58651,6747,SAFE_FINAL_01
0.9376075904431037,0.9334844052433444,0.941730775642863,0.8589851411335134,0.21497762041552543,0.6800059285608419,0.049235085844077764,edge_iiotset,E3_clean_noports,DDoS_HTTP,DDoS,near,3,13,fusion_z,attacks_only,14969,6747,SAFE_FINAL_01
0.9673956312790937,0.9654328130099648,0.9693584495482226,0.8922059230216044,0.03273411665376768,0.9949809402795425,0.04954970801379019,edge_iiotset,E3_clean_noports,DDoS_ICMP,DDoS,near,3,42,rf:maxprob,with_normal,56852,15740,SAFE_FINAL_01
0.915941367360072,0.9126663852651757,0.9192163494549683,0.9323676999144885,0.08466211085801063,6.353240152477763e-05,0.05565679574791192,edge_iiotset,E3_clean_noports,DDoS_ICMP,DDoS,near,3,42,rf:maxprob,attacks_only,13170,15740,SAFE_FINAL_01
0.39374699670496915,0.3889985539817388,0.3984954394281995,0.3063862810870597,0.6063638922113558,6.353240152477763e-05,0.050833743755716594,edge_iiotset,E3_clean_noports,DDoS_ICMP,DDoS,near,3,42,mlp:maxprob,with_normal,56852,15740,SAFE_FINAL_01
0.3905767362387467,0.38404916008761125,0.3971043123898822,0.6479911369508619,0.6095671981776766,6.353240152477763e-05,0.05041761579347001,edge_iiotset,E3_clean_noports,DDoS_ICMP,DDoS,near,3,42,mlp:maxprob,attacks_only,13170,15740,SAFE_FINAL_01
0.39202865600519093,0.3872881779901759,0.39676913402020597,0.3031692249919242,0.6080524871596426,6.353240152477763e-05,0.05107999718567509,edge_iiotset,E3_clean_noports,DDoS_ICMP,DDoS,near,3,42,mlp:entropy,with_normal,56852,15740,SAFE_FINAL_01
0.3887878360294805,0.38226612679253963,0.3953095452664214,0.6432665806379659,0.6113135914958239,6.353240152477763e-05,0.04760820045558087,edge_iiotset,E3_clean_noports,DDoS_ICMP,DDoS,near,3,42,mlp:entropy,attacks_only,13170,15740,SAFE_FINAL_01
0.7561446438515629,0.7514734458702703,0.7608158418328554,0.522990764238475,0.24340392598325478,6.353240152477763e-05,0.049408991768099625,edge_iiotset,E3_clean_noports,DDoS_ICMP,DDoS,near,3,42,mlp:energy,with_normal,56852,15740,SAFE_FINAL_01
0.5824899226130004,0.5759520716733677,0.589027773552633,0.7341242052024449,0.41738800303720575,6.353240152477763e-05,0.048443432042520884,edge_iiotset,E3_clean_noports,DDoS_ICMP,DDoS,near,3,42,mlp:energy,attacks_only,13170,15740,SAFE_FINAL_01
0.9993886403234651,0.9991155758560962,0.9996617047908339,0.9977249282198993,0.0005980440441849011,0.9999364675984752,0.05078097516358263,edge_iiotset,E3_clean_noports,DDoS_ICMP,DDoS,near,3,42,mlp:mahalanobis,with_normal,56852,15740,SAFE_FINAL_01
0.9983510447389672,0.9979021180545025,0.9987999714234319,0.9985783635035166,0.0015945330296127562,0.9999364675984752,0.05239179954441914,edge_iiotset,E3_clean_noports,DDoS_ICMP,DDoS,near,3,42,mlp:mahalanobis,attacks_only,13170,15740,SAFE_FINAL_01
0.7368239200139893,0.7320480938778393,0.7415997461501393,0.49964466331626134,0.2632097375642018,6.353240152477763e-05,0.05035882642651094,edge_iiotset,E3_clean_noports,DDoS_ICMP,DDoS,near,3,42,edl:vacuity,with_normal,56852,15740,SAFE_FINAL_01
0.23223814230679055,0.22668912534854818,0.2377871592650329,0.5943772902475346,0.7678815489749431,6.353240152477763e-05,0.04654517843583903,edge_iiotset,E3_clean_noports,DDoS_ICMP,DDoS,near,3,42,edl:vacuity,attacks_only,13170,15740,SAFE_FINAL_01
0.9993915972420331,0.9991191935487733,0.9996640009352928,0.9977393042630406,0.0005804545134735805,1.0,0.05324350946316752,edge_iiotset,E3_clean_noports,DDoS_ICMP,DDoS,near,3,42,fusion_rank,with_normal,56852,15740,SAFE_FINAL_01
0.9974606431968231,0.9969033278951297,0.9980179584985166,0.9978136821679169,0.0024297646165527716,1.0,0.052543659832953685,edge_iiotset,E3_clean_noports,DDoS_ICMP,DDoS,near,3,42,fusion_rank,attacks_only,13170,15740,SAFE_FINAL_01
0.9998844929937346,0.9997657732490913,1.0,0.9995888320226776,8.794765355660311e-05,0.9996823379923762,0.052786181664673186,edge_iiotset,E3_clean_noports,DDoS_ICMP,DDoS,near,3,42,fusion_z,with_normal,56852,15740,SAFE_FINAL_01
0.9996794604618134,0.9994816460905733,0.9998772748330536,0.999735330360918,0.00022779043280182233,0.9996188055908514,0.04745634016704632,edge_iiotset,E3_clean_noports,DDoS_ICMP,DDoS,near,3,42,fusion_z,attacks_only,13170,15740,SAFE_FINAL_01
0.96718910124516,0.9652202858297034,0.9691579166606166,0.8919184876669882,0.032874832899458244,0.9949809402795425,0.046471540139309084,edge_iiotset,E3_clean_noports,DDoS_ICMP,DDoS,near,3,7,rf:maxprob,with_normal,56852,15740,SAFE_FINAL_01
0.9207993890855484,0.9176222187553177,0.923976559415779,0.9363882702369415,0.07934700075930144,6.353240152477763e-05,0.043659832953682615,edge_iiotset,E3_clean_noports,DDoS_ICMP,DDoS,near,3,7,rf:maxprob,attacks_only,13170,15740,SAFE_FINAL_01
0.2950101568923559,0.290841845675303,0.29917846810940874,0.2730266160329604,0.7056919721381834,6.353240152477763e-05,0.049444170829522266,edge_iiotset,E3_clean_noports,DDoS_ICMP,DDoS,near,3,7,mlp:maxprob,with_normal,56852,15740,SAFE_FINAL_01
0.36534627088440774,0.35891171681491535,0.37178082495390014,0.6331454665425408,0.6352315869400151,6.353240152477763e-05,0.04791192103264996,edge_iiotset,E3_clean_noports,DDoS_ICMP,DDoS,near,3,7,mlp:maxprob,attacks_only,13170,15740,SAFE_FINAL_01
0.29172235120218076,0.287577721863286,0.2958669805410755,0.27178096209091923,0.7086997818898192,6.353240152477763e-05,0.04998944628157321,edge_iiotset,E3_clean_noports,DDoS_ICMP,DDoS,near,3,7,mlp:entropy,with_normal,56852,15740,SAFE_FINAL_01
0.3614104096658012,0.35499238021193824,0.3678284391196641,0.6309120782469642,0.6390280941533789,6.353240152477763e-05,0.050037965072133636,edge_iiotset,E3_clean_noports,DDoS_ICMP,DDoS,near,3,7,mlp:entropy,attacks_only,13170,15740,SAFE_FINAL_01
0.6584596669155276,0.6533939565400716,0.6635253772909836,0.4400915049428767,0.33773657918806727,6.353240152477763e-05,0.05174839935270527,edge_iiotset,E3_clean_noports,DDoS_ICMP,DDoS,near,3,7,mlp:energy,with_normal,56852,15740,SAFE_FINAL_01
0.5109043743288576,0.5042287079740189,0.5175800406836963,0.7026758188667003,0.48792710706150344,6.353240152477763e-05,0.04943052391799545,edge_iiotset,E3_clean_noports,DDoS_ICMP,DDoS,near,3,7,mlp:energy,attacks_only,13170,15740,SAFE_FINAL_01
0.9995119670718622,0.9992679800426497,0.9997559541010747,0.9981859027350352,0.0004749173292056568,0.9999364675984752,0.04719271089847323,edge_iiotset,E3_clean_noports,DDoS_ICMP,DDoS,near,3,7,mlp:mahalanobis,with_normal,56852,15740,SAFE_FINAL_01
0.998287997151896,0.9978305560487536,0.9987454382550384,0.998525036331256,0.0016704631738800305,0.9999364675984752,0.04198936977980258,edge_iiotset,E3_clean_noports,DDoS_ICMP,DDoS,near,3,7,mlp:mahalanobis,attacks_only,13170,15740,SAFE_FINAL_01
0.7351317971020142,0.7303474790907899,0.7399161151132384,0.5027155607348627,0.2648279743896433,6.353240152477763e-05,0.05030605783437698,edge_iiotset,E3_clean_noports,DDoS_ICMP,DDoS,near,3,7,edl:vacuity,with_normal,56852,15740,SAFE_FINAL_01
0.18466151267898337,0.17961628764354265,0.1897067377144241,0.5863693315560561,0.8151860288534548,6.353240152477763e-05,0.04722854973424449,edge_iiotset,E3_clean_noports,DDoS_ICMP,DDoS,near,3,7,edl:vacuity,attacks_only,13170,15740,SAFE_FINAL_01
0.9995380552290701,0.9993006760782249,0.9997754343799153,0.998303523509665,0.00043973826778301555,1.0,0.04835361992542039,edge_iiotset,E3_clean_noports,DDoS_ICMP,DDoS,near,3,7,fusion_rank,with_normal,56852,15740,SAFE_FINAL_01
0.9980900288380179,0.9976068211378506,0.9985732365381852,0.9983751883617511,0.0018223234624145787,0.9999364675984752,0.036522399392558844,edge_iiotset,E3_clean_noports,DDoS_ICMP,DDoS,near,3,7,fusion_rank,attacks_only,13170,15740,SAFE_FINAL_01
0.9999366614856149,0.9998487463907856,1.0,0.9997831367143035,3.517906142264124e-05,0.9996823379923762,0.05013016252726377,edge_iiotset,E3_clean_noports,DDoS_ICMP,DDoS,near,3,7,fusion_z,with_normal,56852,15740,SAFE_FINAL_01
0.999755942956876,0.9995833401023607,0.9999285458113912,0.9998008270986986,0.00015186028853454822,0.9996188055908514,0.04973424449506454,edge_iiotset,E3_clean_noports,DDoS_ICMP,DDoS,near,3,7,fusion_z,attacks_only,13170,15740,SAFE_FINAL_01
0.9677888332808404,0.9658374911605054,0.9697401754011754,0.8934813451635051,0.03238232603954126,0.9949809402795425,0.049426581298810945,edge_iiotset,E3_clean_noports,DDoS_ICMP,DDoS,near,3,13,rf:maxprob,with_normal,56852,15740,SAFE_FINAL_01
0.918991105946189,0.9157771750892907,0.9222050368030874,0.9347595061098936,0.08170083523158694,6.353240152477763e-05,0.05353075170842825,edge_iiotset,E3_clean_noports,DDoS_ICMP,DDoS,near,3,13,rf:maxprob,attacks_only,13170,15740,SAFE_FINAL_01
0.21003833009063144,0.2065774625268478,0.21349919765441508,0.25107044132041656,0.7907197635967073,6.353240152477763e-05,0.05157250404559206,edge_iiotset,E3_clean_noports,DDoS_ICMP,DDoS,near,3,13,mlp:maxprob,with_normal,56852,15740,SAFE_FINAL_01
0.08971077802830546,0.08610627918395346,0.09331527687265746,0.549381109487251,0.9120728929384966,6.353240152477763e-05,0.05406226271829916,edge_iiotset,E3_clean_noports,DDoS_ICMP,DDoS,near,3,13,mlp:maxprob,attacks_only,13170,15740,SAFE_FINAL_01
0.20389205803409746,0.20049038291635124,0.20729373315184368,0.24956716506896043,0.7968760993456695,6.353240152477763e-05,0.051924294659818473,edge_iiotset,E3_clean_noports,DDoS_ICMP,DDoS,near,3,13,mlp:entropy,with_normal,56852,15740,SAFE_FINAL_01
0.08944171083061023,0.0858424720943593,0.09304094956686115,0.5492602076321167,0.9119969627942293,6.353240152477763e-05,0.05216400911161731,edge_iiotset,E3_clean_noports,DDoS_ICMP,DDoS,near,3,13,mlp:entropy,attacks_only,13170,15740,SAFE_FINAL_01
0.004745140216050423,0.0043393907814556175,0.005150889650645229,0.21062722453534155,0.9953211848307887,6.353240152477763e-05,0.05137901920776754,edge_iiotset,E3_clean_noports,DDoS_ICMP,DDoS,near,3,13,mlp:energy,with_normal,56852,15740,SAFE_FINAL_01
0.020121464110705593,0.01840639312495233,0.021836535096458855,0.5320609131474467,0.9799544419134396,6.353240152477763e-05,0.0489749430523918,edge_iiotset,E3_clean_noports,DDoS_ICMP,DDoS,near,3,13,mlp:energy,attacks_only,13170,15740,SAFE_FINAL_01
0.9996504633936163,0.9994439648460365,0.9998569619411961,0.9987016470983329,0.0003342010835150918,0.9999364675984752,0.05064025891789207,edge_iiotset,E3_clean_noports,DDoS_ICMP,DDoS,near,3,13,mlp:mahalanobis,with_normal,56852,15740,SAFE_FINAL_01
0.9987282955081579,0.9983341175358017,0.9991224734805141,0.9989052794041939,0.0012148823082763858,0.9999364675984752,0.05626423690205012,edge_iiotset,E3_clean_noports,DDoS_ICMP,DDoS,near,3,13,mlp:mahalanobis,attacks_only,13170,15740,SAFE_FINAL_01
0.7546337070747283,0.7499538073514694,0.7593136067979872,0.5219310487189289,0.24537395342292267,6.353240152477763e-05,0.04960247660592415,edge_iiotset,E3_clean_noports,DDoS_ICMP,DDoS,near,3,13,edl:vacuity,with_normal,56852,15740,SAFE_FINAL_01
0.264181594610214,0.2583547519555654,0.2700084372648626,0.6111214369297638,0.7358390280941534,6.353240152477763e-05,0.052543659832953685,edge_iiotset,E3_clean_noports,DDoS_ICMP,DDoS,near,3,13,edl:vacuity,attacks_only,13170,15740,SAFE_FINAL_01
0.9992736356357546,0.998976009966672,0.9995712613048371,0.9973071906388011,0.0007035812284528249,1.0,0.05280377119538451,edge_iiotset,E3_clean_noports,DDoS_ICMP,DDoS,near,3,13,fusion_rank,with_normal,56852,15740,SAFE_FINAL_01
0.9969524708170643,0.996341798491397,0.9975631431427315,0.9973816362394337,0.00296127562642369,1.0,0.055125284738041,edge_iiotset,E3_clean_noports,DDoS_ICMP,DDoS,near,3,13,fusion_rank,attacks_only,13170,15740,SAFE_FINAL_01
0.9999357244575652,0.9998471614829185,1.0,0.9997811738289751,3.517906142264124e-05,0.9996823379923762,0.05218813762048829,edge_iiotset,E3_clean_noports,DDoS_ICMP,DDoS,near,3,13,fusion_z,with_normal,56852,15740,SAFE_FINAL_01
0.999751355309659,0.9995771374073766,0.9999255732119413,0.9997981393386647,0.00015186028853454822,0.9996188055908514,0.04783599088838269,edge_iiotset,E3_clean_noports,DDoS_ICMP,DDoS,near,3,13,fusion_z,attacks_only,13170,15740,SAFE_FINAL_01
0.9693053559701933,0.9664121738571723,0.9721985380832143,0.6340176527673282,0.03741026821491295,1.0,0.0484935290807714,edge_iiotset,E3_clean_noports,DDoS_TCP,DDoS,near,3,42,rf:maxprob,with_normal,58647,6768,SAFE_FINAL_01
0.9288039655571432,0.9244217365617929,0.9331861945524934,0.7426880358097265,0.08853992649515537,0.11805555555555555,0.046241229535583024,edge_iiotset,E3_clean_noports,DDoS_TCP,DDoS,near,3,42,rf:maxprob,attacks_only,14965,6768,SAFE_FINAL_01
0.5328268956800113,0.5254575602814462,0.5401962310785764,0.1262922740090919,0.7298071512609341,0.0,0.05089774413013454,edge_iiotset,E3_clean_noports,DDoS_TCP,DDoS,near,3,42,mlp:maxprob,with_normal,58647,6768,SAFE_FINAL_01
0.5025188155736119,0.4942253722181906,0.5108122589290331,0.2927928507649824,0.7009689274974942,0.0,0.05566321416638824,edge_iiotset,E3_clean_noports,DDoS_TCP,DDoS,near,3,42,mlp:maxprob,attacks_only,14965,6768,SAFE_FINAL_01
0.5365042333058057,0.5291256177214704,0.5438828488901409,0.130742985053013,0.7315122683172199,0.0,0.05151158627039746,edge_iiotset,E3_clean_noports,DDoS_TCP,DDoS,near,3,42,mlp:entropy,with_normal,58647,6768,SAFE_FINAL_01
0.519669704092844,0.5113483473602677,0.5279910608254202,0.3048826359589229,0.7034413631807551,0.0,0.051520213832275306,edge_iiotset,E3_clean_noports,DDoS_TCP,DDoS,near,3,42,mlp:entropy,attacks_only,14965,6768,SAFE_FINAL_01
0.4224049032938629,0.4155508969920116,0.42925890959571417,0.27273439124081933,0.9867000869609699,0.40381205673758863,0.05024979964874589,edge_iiotset,E3_clean_noports,DDoS_TCP,DDoS,near,3,42,mlp:energy,with_normal,58647,6768,SAFE_FINAL_01
0.4460618610485143,0.4379453906912261,0.4541783314058025,0.4214915621272655,0.9516204477113265,0.4036643026004728,0.05005011693952556,edge_iiotset,E3_clean_noports,DDoS_TCP,DDoS,near,3,42,mlp:energy,attacks_only,14965,6768,SAFE_FINAL_01
0.9986653982288792,0.9980504731144427,0.9992803233433157,0.9575545674459003,0.0017903729091002098,1.0,0.050624925401128784,edge_iiotset,E3_clean_noports,DDoS_TCP,DDoS,near,3,42,mlp:mahalanobis,with_normal,58647,6768,SAFE_FINAL_01
0.9956125364226537,0.9944980944217644,0.996726978423543,0.9645545573273904,0.0061476779151353154,1.0,0.05085198797193451,edge_iiotset,E3_clean_noports,DDoS_TCP,DDoS,near,3,42,mlp:mahalanobis,attacks_only,14965,6768,SAFE_FINAL_01
0.8114774197858317,0.8051143394521288,0.8178405001195345,0.21274867651527363,0.2658618514160997,0.0,0.05139222807645745,edge_iiotset,E3_clean_noports,DDoS_TCP,DDoS,near,3,42,edl:vacuity,with_normal,58647,6768,SAFE_FINAL_01
0.5120079091165438,0.5036975237524767,0.520318294480611,0.2889054247009559,0.7362512529234881,0.0,0.051787504176411626,edge_iiotset,E3_clean_noports,DDoS_TCP,DDoS,near,3,42,edl:vacuity,attacks_only,14965,6768,SAFE_FINAL_01
0.9992812898855802,0.9988298569054591,0.9997327228657013,0.9855741840554374,0.0009207632103943935,1.0,0.049243780585537196,edge_iiotset,E3_clean_noports,DDoS_TCP,DDoS,near,3,42,fusion_rank,with_normal,58647,6768,SAFE_FINAL_01
0.997279749083559,0.9964017879759866,0.9981577101911314,0.9859381684133285,0.003474774473772135,1.0,0.04169729368526562,edge_iiotset,E3_clean_noports,DDoS_TCP,DDoS,near,3,42,fusion_rank,attacks_only,14965,6768,SAFE_FINAL_01
0.9995344435862425,0.9991710540650205,0.9998978331074646,0.9817612208499521,0.0006308933108257882,1.0,0.04967005984960868,edge_iiotset,E3_clean_noports,DDoS_TCP,DDoS,near,3,42,fusion_z,with_normal,58647,6768,SAFE_FINAL_01
0.9984428007352065,0.997778300426165,0.999107301044248,0.9847665451362574,0.002205145339124624,1.0,0.04858002004677581,edge_iiotset,E3_clean_noports,DDoS_TCP,DDoS,near,3,42,fusion_z,attacks_only,14965,6768,SAFE_FINAL_01
0.9737758400815457,0.9710936813756812,0.9764579987874102,0.6638072754841452,0.030896721059900763,1.0,0.048084300987262775,edge_iiotset,E3_clean_noports,DDoS_TCP,DDoS,near,3,7,rf:maxprob,with_normal,58647,6768,SAFE_FINAL_01
0.940198302540443,0.9361633667387903,0.9442332383420957,0.7697682620186383,0.0717674574006014,0.2222222222222222,0.05452723020380889,edge_iiotset,E3_clean_noports,DDoS_TCP,DDoS,near,3,7,rf:maxprob,attacks_only,14965,6768,SAFE_FINAL_01
0.8362631920331449,0.8302085996287456,0.8423177844375442,0.2369219908277677,0.2640373761658738,0.0,0.049891725066925845,edge_iiotset,E3_clean_noports,DDoS_TCP,DDoS,near,3,7,mlp:maxprob,with_normal,58647,6768,SAFE_FINAL_01
0.6284937016158271,0.6202847226862661,0.636702680545388,0.34274816381088813,0.4876712328767123,0.0,0.04938189107918477,edge_iiotset,E3_clean_noports,DDoS_TCP,DDoS,near,3,7,mlp:maxprob,attacks_only,14965,6768,SAFE_FINAL_01
0.8403942437223374,0.834396252082181,0.8463922353624938,0.24361987853370576,0.2653844186403397,0.0,0.04907326887990861,edge_iiotset,E3_clean_noports,DDoS_TCP,DDoS,near,3,7,mlp:entropy,with_normal,58647,6768,SAFE_FINAL_01
0.6638569141629919,0.6557976790004588,0.6719161493255249,0.37892797692928504,0.4887403942532576,0.0,0.0473103909121283,edge_iiotset,E3_clean_noports,DDoS_TCP,DDoS,near,3,7,mlp:entropy,attacks_only,14965,6768,SAFE_FINAL_01
0.4218359136934242,0.41498572817348883,0.4286860992133596,0.3236987251390627,0.9891554555220216,0.41725768321513,0.05200607021672038,edge_iiotset,E3_clean_noports,DDoS_TCP,DDoS,near,3,7,mlp:energy,with_normal,58647,6768,SAFE_FINAL_01
0.4388516220669348,0.43076710832944887,0.4469361358044207,0.48042914094291356,0.958904109589041,0.41725768321513,0.05045105245573004,edge_iiotset,E3_clean_noports,DDoS_TCP,DDoS,near,3,7,mlp:energy,attacks_only,14965,6768,SAFE_FINAL_01
0.9946142562660331,0.9933821542231945,0.9958463583088716,0.9291378481211476,0.013760294644227327,1.0,0.051119409347451704,edge_iiotset,E3_clean_noports,DDoS_TCP,DDoS,near,3,7,mlp:mahalanobis,with_normal,58647,6768,SAFE_FINAL_01
0.9807966717454991,0.9784761143182205,0.9831172291727778,0.9347367126197323,0.04978282659538924,1.0,0.052322084864684267,edge_iiotset,E3_clean_noports,DDoS_TCP,DDoS,near,3,7,mlp:mahalanobis,attacks_only,14965,6768,SAFE_FINAL_01
0.8184493305218654,0.8121678791116457,0.8247307819320852,0.21883518392226964,0.23610755878391051,0.0,0.04980646921411155,edge_iiotset,E3_clean_noports,DDoS_TCP,DDoS,near,3,7,edl:vacuity,with_normal,58647,6768,SAFE_FINAL_01
0.5313351523926197,0.5230017574771861,0.5396685473080534,0.2947221130824869,0.6505178750417642,0.0,0.05312395589709322,edge_iiotset,E3_clean_noports,DDoS_TCP,DDoS,near,3,7,edl:vacuity,attacks_only,14965,6768,SAFE_FINAL_01
0.9993471339078409,0.9989168583966601,0.9997774094190217,0.9833691583039766,0.0011083260865858442,1.0,0.052415298310228994,edge_iiotset,E3_clean_noports,DDoS_TCP,DDoS,near,3,7,fusion_rank,with_normal,58647,6768,SAFE_FINAL_01
0.997449145523953,0.9965989165871669,0.9982993744607391,0.9833868369413818,0.004276645506181089,1.0,0.04363514868025393,edge_iiotset,E3_clean_noports,DDoS_TCP,DDoS,near,3,7,fusion_rank,attacks_only,14965,6768,SAFE_FINAL_01
0.999215479874963,0.9987438511042207,0.9996871086457052,0.9905347624188121,0.002336010367111702,1.0,0.04828891503401708,edge_iiotset,E3_clean_noports,DDoS_TCP,DDoS,near,3,7,fusion_z,with_normal,58647,6768,SAFE_FINAL_01
0.9971643251116276,0.9962679622716057,0.9980606879516494,0.9922467216418966,0.008686936184430337,1.0,0.039224858002004676,edge_iiotset,E3_clean_noports,DDoS_TCP,DDoS,near,3,7,fusion_z,attacks_only,14965,6768,SAFE_FINAL_01
0.9710227184777973,0.9682084234231135,0.9738370135324811,0.6451492187334984,0.035244769553429846,1.0,0.04764097055262844,edge_iiotset,E3_clean_noports,DDoS_TCP,DDoS,near,3,13,rf:maxprob,with_normal,58647,6768,SAFE_FINAL_01
0.9344215551416662,0.9302060332662428,0.9386370770170896,0.7559864073876426,0.08192449047778148,0.13002364066193853,0.0502505846976278,edge_iiotset,E3_clean_noports,DDoS_TCP,DDoS,near,3,13,rf:maxprob,attacks_only,14965,6768,SAFE_FINAL_01
0.9084869999537643,0.9036994412809606,0.9132745586265679,0.3529305430225926,0.135454498951353,0.0,0.05134107456476887,edge_iiotset,E3_clean_noports,DDoS_TCP,DDoS,near,3,13,mlp:maxprob,with_normal,58647,6768,SAFE_FINAL_01
0.7739127309664237,0.7667284388794567,0.7810970230533906,0.45054416228158456,0.30390912128299363,0.0,0.05111927831607083,edge_iiotset,E3_clean_noports,DDoS_TCP,DDoS,near,3,13,mlp:maxprob,attacks_only,14965,6768,SAFE_FINAL_01
0.9179357872063898,0.9133708321399976,0.922500742272782,0.41802721508258667,0.13564206182754446,0.4165189125295508,0.049925827408051564,edge_iiotset,E3_clean_noports,DDoS_TCP,DDoS,near,3,13,mlp:entropy,with_normal,58647,6768,SAFE_FINAL_01
0.8353307935221586,0.8289644412435325,0.8416971458007846,0.608210811183538,0.30424323421316407,0.41312056737588654,0.049582358837287004,edge_iiotset,E3_clean_noports,DDoS_TCP,DDoS,near,3,13,mlp:entropy,attacks_only,14965,6768,SAFE_FINAL_01
0.5898808618991835,0.5824271704447396,0.5973345533536275,0.3515004969611165,0.7082033181577916,0.4171099290780142,0.05069313008338022,edge_iiotset,E3_clean_noports,DDoS_TCP,DDoS,near,3,13,mlp:energy,with_normal,58647,6768,SAFE_FINAL_01
0.6589166881904902,0.6508329931473883,0.6670003832335921,0.5585985963807183,0.6023387905111928,0.41725768321513,0.053057133311059136,edge_iiotset,E3_clean_noports,DDoS_TCP,DDoS,near,3,13,mlp:energy,attacks_only,14965,6768,SAFE_FINAL_01
0.9913724075015314,0.9898162086153857,0.9929286063876772,0.8959508949121652,0.019779357852916603,1.0,0.04796494279332276,edge_iiotset,E3_clean_noports,DDoS_TCP,DDoS,near,3,13,mlp:mahalanobis,with_normal,58647,6768,SAFE_FINAL_01
0.9681398242866135,0.9651636922436321,0.9711159563295949,0.9021423893079857,0.07337119946541931,0.5840721040189125,0.049849649181423324,edge_iiotset,E3_clean_noports,DDoS_TCP,DDoS,near,3,13,mlp:mahalanobis,attacks_only,14965,6768,SAFE_FINAL_01
0.7627143459116554,0.7558788857761759,0.769549806047135,0.1799819748105418,0.35919995907719066,0.0,0.04955070165566866,edge_iiotset,E3_clean_noports,DDoS_TCP,DDoS,near,3,13,edl:vacuity,with_normal,58647,6768,SAFE_FINAL_01
0.36771447206602637,0.36005921014418674,0.375369733987866,0.24575298399386594,0.9985967256932843,0.0,0.044236551954560645,edge_iiotset,E3_clean_noports,DDoS_TCP,DDoS,near,3,13,edl:vacuity,attacks_only,14965,6768,SAFE_FINAL_01
0.9989590320836518,0.998415849125384,0.9995022150419196,0.9734592082670914,0.0020290892969802377,1.0,0.049925827408051564,edge_iiotset,E3_clean_noports,DDoS_TCP,DDoS,near,3,13,fusion_rank,with_normal,58647,6768,SAFE_FINAL_01
0.9959926886138579,0.9949274972884395,0.9970578799392763,0.9736361291795376,0.007684597393919144,1.0,0.049849649181423324,edge_iiotset,E3_clean_noports,DDoS_TCP,DDoS,near,3,13,fusion_rank,attacks_only,14965,6768,SAFE_FINAL_01
0.9982246199271911,0.9975155806914321,0.9989336591629502,0.9793393606163171,0.004586764881409109,1.0,0.049891725066925845,edge_iiotset,E3_clean_noports,DDoS_TCP,DDoS,near,3,13,fusion_z,with_normal,58647,6768,SAFE_FINAL_01
0.9932269365319709,0.9918432913191761,0.9946105817447657,0.9798383283313133,0.017507517540928833,1.0,0.049582358837287004,edge_iiotset,E3_clean_noports,DDoS_TCP,DDoS,near,3,13,fusion_z,attacks_only,14965,6768,SAFE_FINAL_01
0.992596693570423,0.9916696706017898,0.9935237165390562,0.9727153797106592,0.011725499876573686,1.0,0.05060478894100222,edge_iiotset,E3_clean_noports,DDoS_UDP,DDoS,near,3,42,rf:maxprob,with_normal,56714,16434,SAFE_FINAL_01
0.9884785668708653,0.9873116338058529,0.9896454999358778,0.9901107403991881,0.023480662983425413,1.0,0.053023327194597916,edge_iiotset,E3_clean_noports,DDoS_UDP,DDoS,near,3,42,rf:maxprob,attacks_only,13032,16434,SAFE_FINAL_01
0.1987599182074442,0.19544764040159712,0.2020721960132913,0.2314399377728106,0.864848185633177,0.0,0.05025214232817294,edge_iiotset,E3_clean_noports,DDoS_UDP,DDoS,near,3,42,mlp:maxprob,with_normal,56714,16434,SAFE_FINAL_01
0.11903935383627631,0.11490570331516584,0.12317300435738679,0.5300782712624259,0.9231890730509515,0.0,0.05072130141190915,edge_iiotset,E3_clean_noports,DDoS_UDP,DDoS,near,3,42,mlp:maxprob,attacks_only,13032,16434,SAFE_FINAL_01
0.19387671483428,0.1906120404366337,0.1971413892319263,0.23039120929381607,0.868304122438904,0.0,0.048964982191346054,edge_iiotset,E3_clean_noports,DDoS_UDP,DDoS,near,3,42,mlp:entropy,with_normal,56714,16434,SAFE_FINAL_01
0.10708022437051813,0.10314855607983542,0.11101189266120084,0.5271666399365186,0.9348526703499079,0.0,0.04841927562922038,edge_iiotset,E3_clean_noports,DDoS_UDP,DDoS,near,3,42,mlp:entropy,attacks_only,13032,16434,SAFE_FINAL_01
0.005944191907497151,0.005488451078449201,0.006399932736545101,0.20831181207853278,0.9978664879923829,0.0,0.047871777691575274,edge_iiotset,E3_clean_noports,DDoS_UDP,DDoS,near,3,42,mlp:energy,with_normal,56714,16434,SAFE_FINAL_01
0.022208161290734676,0.02039843169078033,0.024017890890689023,0.5378966229951022,0.9907151626764886,0.0,0.047728667894413754,edge_iiotset,E3_clean_noports,DDoS_UDP,DDoS,near,3,42,mlp:energy,attacks_only,13032,16434,SAFE_FINAL_01
0.9999833075453256,0.9999391372780477,1.0,0.9999068773320767,1.763233064146419e-05,1.0,0.04991712804598512,edge_iiotset,E3_clean_noports,DDoS_UDP,DDoS,near,3,42,mlp:mahalanobis,with_normal,56714,16434,SAFE_FINAL_01
0.9999273560562917,0.9998352046614053,1.0,0.9999068773320767,7.67341927562922e-05,1.0,0.05179558011049724,edge_iiotset,E3_clean_noports,DDoS_UDP,DDoS,near,3,42,mlp:mahalanobis,attacks_only,13032,16434,SAFE_FINAL_01
0.003985014016747972,0.0036137327310621853,0.004356295302433759,0.20798717415187443,0.9999823676693586,0.0,0.05012871601368269,edge_iiotset,E3_clean_noports,DDoS_UDP,DDoS,near,3,42,edl:vacuity,with_normal,56714,16434,SAFE_FINAL_01
0.0001457968339305632,0.0,0.0002923939750412581,0.5323426320217348,0.9999232658072437,0.0,0.050107427869858806,edge_iiotset,E3_clean_noports,DDoS_UDP,DDoS,near,3,42,edl:vacuity,attacks_only,13032,16434,SAFE_FINAL_01
0.9999947373383354,0.9999699360104383,1.0,0.9999818417841669,5.289699192439257e-05,1.0,0.052085904714885216,edge_iiotset,E3_clean_noports,DDoS_UDP,DDoS,near,3,42,fusion_rank,with_normal,56714,16434,SAFE_FINAL_01
0.9999770974068717,0.9999253565633972,1.0,0.9999818417841669,0.00023020257826887662,1.0,0.05294659300184162,edge_iiotset,E3_clean_noports,DDoS_UDP,DDoS,near,3,42,fusion_rank,attacks_only,13032,16434,SAFE_FINAL_01
1.0,1.0,1.0,1.0,0.0,1.0,0.05206827238424375,edge_iiotset,E3_clean_noports,DDoS_UDP,DDoS,near,3,42,fusion_z,with_normal,56714,16434,SAFE_FINAL_01
1.0,1.0,1.0,1.0,0.0,1.0,0.055785758133824435,edge_iiotset,E3_clean_noports,DDoS_UDP,DDoS,near,3,42,fusion_z,attacks_only,13032,16434,SAFE_FINAL_01
0.9903732335015106,0.989317236991375,0.9914292300116463,0.9644019891521808,0.01250132242479811,1.0,0.050040554360475366,edge_iiotset,E3_clean_noports,DDoS_UDP,DDoS,near,3,7,rf:maxprob,with_normal,56714,16434,SAFE_FINAL_01
0.9832395461638955,0.9818288487286339,0.9846502435991572,0.9852080844658738,0.02470841006752609,1.0,0.05256292203806016,edge_iiotset,E3_clean_noports,DDoS_UDP,DDoS,near,3,7,rf:maxprob,attacks_only,13032,16434,SAFE_FINAL_01
0.6329801553043323,0.6279526809635217,0.6380076296451428,0.3918032779930105,0.38939238988609515,0.0,0.050287406989455864,edge_iiotset,E3_clean_noports,DDoS_UDP,DDoS,near,3,7,mlp:maxprob,with_normal,56714,16434,SAFE_FINAL_01
0.40928293601139687,0.4027345791583333,0.41583129286446047,0.6193951475828395,0.6079650092081031,0.0,0.050107427869858806,edge_iiotset,E3_clean_noports,DDoS_UDP,DDoS,near,3,7,mlp:maxprob,attacks_only,13032,16434,SAFE_FINAL_01
0.595326881329445,0.5902557072270694,0.6003980554318206,0.3686874658312974,0.4310223225305921,0.0,0.04997002503790951,edge_iiotset,E3_clean_noports,DDoS_UDP,DDoS,near,3,7,mlp:entropy,with_normal,56714,16434,SAFE_FINAL_01
0.40528025377922205,0.3987420913355318,0.4118184162229123,0.6166955551289593,0.6121853898096992,0.0,0.05348373235113567,edge_iiotset,E3_clean_noports,DDoS_UDP,DDoS,near,3,7,mlp:entropy,attacks_only,13032,16434,SAFE_FINAL_01
0.006474012650533064,0.005997755714927156,0.006950269586138973,0.20829077383315076,0.9955919173396339,0.0,0.05270303628733646,edge_iiotset,E3_clean_noports,DDoS_UDP,DDoS,near,3,7,mlp:energy,with_normal,56714,16434,SAFE_FINAL_01
0.025390538473256084,0.023455630424975067,0.0273254465215371,0.537972223809959,0.9836556169429097,0.0,0.0521792510742787,edge_iiotset,E3_clean_noports,DDoS_UDP,DDoS,near,3,7,mlp:energy,attacks_only,13032,16434,SAFE_FINAL_01
0.9999365057992557,0.999850361290478,1.0,0.9997798743703212,7.052932256585676e-05,1.0,0.04915893782840216,edge_iiotset,E3_clean_noports,DDoS_UDP,DDoS,near,3,7,mlp:mahalanobis,with_normal,56714,16434,SAFE_FINAL_01
0.9997236793967919,0.9995439355829915,0.9999034232105922,0.9997798743703212,0.0003069367710251688,1.0,0.0501841620626151,edge_iiotset,E3_clean_noports,DDoS_UDP,DDoS,near,3,7,mlp:mahalanobis,attacks_only,13032,16434,SAFE_FINAL_01
0.0007335753380906983,0.0005756365992851437,0.000891514076896253,0.2078709524202118,0.9999647353387171,0.0,0.051257185174736396,edge_iiotset,E3_clean_noports,DDoS_UDP,DDoS,near,3,7,edl:vacuity,with_normal,56714,16434,SAFE_FINAL_01
0.0002072346158636189,3.245783509686325e-05,0.00038201139663037457,0.532993453210036,1.0,0.0,0.05110497237569061,edge_iiotset,E3_clean_noports,DDoS_UDP,DDoS,near,3,7,edl:vacuity,attacks_only,13032,16434,SAFE_FINAL_01
0.9999982457794452,0.9999839267029857,1.0,0.9999939465248221,1.763233064146419e-05,1.0,0.049352893465458264,edge_iiotset,E3_clean_noports,DDoS_UDP,DDoS,near,3,7,fusion_rank,with_normal,56714,16434,SAFE_FINAL_01
0.9999923658022906,0.9999624934453762,1.0,0.9999939465248221,7.67341927562922e-05,1.0,0.05356046654389196,edge_iiotset,E3_clean_noports,DDoS_UDP,DDoS,near,3,7,fusion_rank,attacks_only,13032,16434,SAFE_FINAL_01
1.0,1.0,1.0,1.0,0.0,1.0,0.05173325810205593,edge_iiotset,E3_clean_noports,DDoS_UDP,DDoS,near,3,7,fusion_z,with_normal,56714,16434,SAFE_FINAL_01
1.0,1.0,1.0,1.0,0.0,1.0,0.05386740331491713,edge_iiotset,E3_clean_noports,DDoS_UDP,DDoS,near,3,7,fusion_z,attacks_only,13032,16434,SAFE_FINAL_01
0.9925655478404614,0.9916365905263841,0.9934945051545386,0.9721626154936631,0.00913354727227845,1.0,0.04862996790915823,edge_iiotset,E3_clean_noports,DDoS_UDP,DDoS,near,3,13,rf:maxprob,with_normal,56714,16434,SAFE_FINAL_01
0.989167507689108,0.9880363549927387,0.9902986603854773,0.9902210658861822,0.014426028238182934,1.0,0.0452731737262124,edge_iiotset,E3_clean_noports,DDoS_UDP,DDoS,near,3,13,rf:maxprob,attacks_only,13032,16434,SAFE_FINAL_01
0.3257901983588486,0.32147636666375445,0.33010403005394273,0.27002829328082634,0.742003738054096,0.04107338444687842,0.05093980322319004,edge_iiotset,E3_clean_noports,DDoS_UDP,DDoS,near,3,13,mlp:maxprob,with_normal,56714,16434,SAFE_FINAL_01
0.32084479210067196,0.314651678398781,0.3270379058025629,0.5952720257265641,0.7366482504604052,0.016976998904709748,0.047268262737875995,edge_iiotset,E3_clean_noports,DDoS_UDP,DDoS,near,3,13,mlp:maxprob,attacks_only,13032,16434,SAFE_FINAL_01
0.32611777678442766,0.32180191812377346,0.33043363544508186,0.27322914533365583,0.7431851042070741,0.04186442740659608,0.04956448143315583,edge_iiotset,E3_clean_noports,DDoS_UDP,DDoS,near,3,13,mlp:entropy,with_normal,56714,16434,SAFE_FINAL_01
0.32927763194825926,0.32303854204056587,0.33551672185595266,0.6198427819257647,0.7402547575199508,0.04216867469879518,0.04619398403928791,edge_iiotset,E3_clean_noports,DDoS_UDP,DDoS,near,3,13,mlp:entropy,attacks_only,13032,16434,SAFE_FINAL_01
0.19173659794486728,0.18849301653320807,0.19498017935652648,0.23291061731477206,0.8395105265013929,0.0,0.049652643086363156,edge_iiotset,E3_clean_noports,DDoS_UDP,DDoS,near,3,13,mlp:energy,with_normal,56714,16434,SAFE_FINAL_01
0.23246265798727023,0.22692122676739757,0.2380040892071429,0.5621596662296997,0.7890577041129527,0.0,0.047268262737875995,edge_iiotset,E3_clean_noports,DDoS_UDP,DDoS,near,3,13,mlp:energy,attacks_only,13032,16434,SAFE_FINAL_01
0.9999047742561913,0.9997992793691849,1.0,0.9996630924532025,0.00010579398384878514,1.0,0.052561977642204744,edge_iiotset,E3_clean_noports,DDoS_UDP,DDoS,near,3,13,mlp:mahalanobis,with_normal,56714,16434,SAFE_FINAL_01
0.9998618560407151,0.9997347744407293,0.9999889376407008,0.9998876142902526,0.0001534683855125844,1.0,0.045349907918968695,edge_iiotset,E3_clean_noports,DDoS_UDP,DDoS,near,3,13,mlp:mahalanobis,attacks_only,13032,16434,SAFE_FINAL_01
3.350400322140115e-05,0.0,6.719367570054546e-05,0.2072292411803798,0.9999823676693586,0.0,0.050869273900624186,edge_iiotset,E3_clean_noports,DDoS_UDP,DDoS,near,3,13,edl:vacuity,with_normal,56714,16434,SAFE_FINAL_01
7.673419275633364e-05,0.0,0.0001830859429692961,0.5316104879475188,0.9999232658072437,0.0,0.04565684468999386,edge_iiotset,E3_clean_noports,DDoS_UDP,DDoS,near,3,13,edl:vacuity,attacks_only,13032,16434,SAFE_FINAL_01
1.0,1.0,1.0,1.0,0.0,1.0,0.051803787424621786,edge_iiotset,E3_clean_noports,DDoS_UDP,DDoS,near,3,13,fusion_rank,with_normal,56714,16434,SAFE_FINAL_01
1.0,1.0,1.0,1.0,0.0,1.0,0.04803560466543892,edge_iiotset,E3_clean_noports,DDoS_UDP,DDoS,near,3,13,fusion_rank,attacks_only,13032,16434,SAFE_FINAL_01
0.9999682609465111,0.9999073544102124,1.0,0.9998877624777394,3.526466128292838e-05,1.0,0.050587156610360756,edge_iiotset,E3_clean_noports,DDoS_UDP,DDoS,near,3,13,fusion_z,with_normal,56714,16434,SAFE_FINAL_01
0.9999309373588257,0.9998410863403285,1.0,0.9999438770179265,7.67341927562922e-05,1.0,0.0531767955801105,edge_iiotset,E3_clean_noports,DDoS_UDP,DDoS,near,3,13,fusion_z,attacks_only,13032,16434,SAFE_FINAL_01
0.8236132463890413,0.8174000804509629,0.8298264123271197,0.4429967191681593,1.0,0.6323008849557522,0.046586181024486736,edge_iiotset,E3_clean_noports,Password,CredentialAttack,far,0,42,rf:maxprob,with_normal,58644,6780,SAFE_FINAL_01
0.7883398168181419,0.7813281394019018,0.795351494234382,0.6067492448622872,1.0,0.1980825958702065,0.05059484026199706,edge_iiotset,E3_clean_noports,Password,CredentialAttack,far,0,42,rf:maxprob,attacks_only,14962,6780,SAFE_FINAL_01
0.7195562447297116,0.7124329399512535,0.7266795495081697,0.15514494025397305,0.41844007912147874,0.00014749262536873156,0.05187231430325353,edge_iiotset,E3_clean_noports,Password,CredentialAttack,far,0,42,mlp:maxprob,with_normal,58644,6780,SAFE_FINAL_01
0.7114688873563273,0.7037127577373753,0.7192250169752793,0.3944091108727184,0.3765539366394867,0.0,0.04845608875818741,edge_iiotset,E3_clean_noports,Password,CredentialAttack,far,0,42,mlp:maxprob,attacks_only,14962,6780,SAFE_FINAL_01
0.7168477641401676,0.7097094808847045,0.7239860473956307,0.15376252238355556,0.4284837323511357,0.0,0.04980901712025101,edge_iiotset,E3_clean_noports,Password,CredentialAttack,far,0,42,mlp:entropy,with_normal,58644,6780,SAFE_FINAL_01
0.7102378286546174,0.7024725354713759,0.7180031218378589,0.393290930607619,0.38544312257719554,0.0,0.04838925277369335,edge_iiotset,E3_clean_noports,Password,CredentialAttack,far,0,42,mlp:entropy,attacks_only,14962,6780,SAFE_FINAL_01
0.7425321332920463,0.7355518925457548,0.7495123740383377,0.171473539834304,0.5413341518313894,0.00014749262536873156,0.04938271604938271,edge_iiotset,E3_clean_noports,Password,CredentialAttack,far,0,42,mlp:energy,with_normal,58644,6780,SAFE_FINAL_01
0.7336527117468483,0.7260758014144459,0.7412296220792507,0.4196734814450743,0.4459965245288063,0.0058997050147492625,0.04925812057211603,edge_iiotset,E3_clean_noports,Password,CredentialAttack,far,0,42,mlp:energy,attacks_only,14962,6780,SAFE_FINAL_01
0.9527441314313112,0.9491973393267268,0.9562909235358956,0.6250155463598558,0.1164995566468863,0.5808259587020649,0.05180410613191461,edge_iiotset,E3_clean_noports,Password,CredentialAttack,far,0,42,mlp:mahalanobis,with_normal,58644,6780,SAFE_FINAL_01
0.8389216792669255,0.832617270562303,0.8452260879715481,0.6513936874337747,0.3793610479882369,0.2597345132743363,0.05340195161074723,edge_iiotset,E3_clean_noports,Password,CredentialAttack,far,0,42,mlp:mahalanobis,attacks_only,14962,6780,SAFE_FINAL_01
0.8632626815388648,0.8576131028796856,0.8689122601980439,0.2693769007609583,0.1614487415592388,0.023008849557522124,0.051190232589864264,edge_iiotset,E3_clean_noports,Password,CredentialAttack,far,0,42,edl:vacuity,with_normal,58644,6780,SAFE_FINAL_01
0.692939744304056,0.6850540932875891,0.7008253953205229,0.3805247400139582,0.3967384039566903,0.0029498525073746312,0.05106269215345542,edge_iiotset,E3_clean_noports,Password,CredentialAttack,far,0,42,edl:vacuity,attacks_only,14962,6780,SAFE_FINAL_01
0.9582598007999471,0.9549138767705792,0.9616057248293151,0.6869653595059961,0.10238046517972853,0.657669616519174,0.05327058181570152,edge_iiotset,E3_clean_noports,Password,CredentialAttack,far,0,42,fusion_rank,with_normal,58644,6780,SAFE_FINAL_01
0.8624469255249976,0.856546773521091,0.8683470775289042,0.7178190140191554,0.33765539366394864,0.3345132743362832,0.05587488303702714,edge_iiotset,E3_clean_noports,Password,CredentialAttack,far,0,42,fusion_rank,attacks_only,14962,6780,SAFE_FINAL_01
0.9632922384131117,0.9601438123155457,0.9664406645106778,0.7323364303055939,0.12456517290771435,0.71047197640118,0.05258850010231226,edge_iiotset,E3_clean_noports,Password,CredentialAttack,far,0,42,fusion_z,with_normal,58644,6780,SAFE_FINAL_01
0.8970190855181208,0.8918262308857906,0.902211940150451,0.7786229447241508,0.36699639085683733,0.45309734513274336,0.05754578264937842,edge_iiotset,E3_clean_noports,Password,CredentialAttack,far,0,42,fusion_z,attacks_only,14962,6780,SAFE_FINAL_01
0.8203476506610862,0.8140944271925994,0.826600874129573,0.42706710436783246,1.0,0.5616519174041298,0.04506854921219562,edge_iiotset,E3_clean_noports,Password,CredentialAttack,far,0,7,rf:maxprob,with_normal,58644,6780,SAFE_FINAL_01
0.7822824015529608,0.7751987473158404,0.7893660557900812,0.592104182381105,1.0,0.25737463126843657,0.049124448603127924,edge_iiotset,E3_clean_noports,Password,CredentialAttack,far,0,7,rf:maxprob,attacks_only,14962,6780,SAFE_FINAL_01
0.8603884188762392,0.8546927031607653,0.8660841345917131,0.27446742012388453,0.3207318736784667,0.003097345132743363,0.05028647431962349,edge_iiotset,E3_clean_noports,Password,CredentialAttack,far,0,7,mlp:maxprob,with_normal,58644,6780,SAFE_FINAL_01
0.7598938845665657,0.7525651088069857,0.7672226603261457,0.43618982128896155,0.3498863788263601,0.0002949852507374631,0.050795348215479215,edge_iiotset,E3_clean_noports,Password,CredentialAttack,far,0,7,mlp:maxprob,attacks_only,14962,6780,SAFE_FINAL_01
0.8580856851068162,0.8523536565681308,0.8638177136455015,0.27224102481364987,0.33797148898438034,0.0,0.051002660118682215,edge_iiotset,E3_clean_noports,Password,CredentialAttack,far,0,7,mlp:entropy,with_normal,58644,6780,SAFE_FINAL_01
0.7578322458192022,0.7504824889809838,0.7651820026574205,0.4345807866981599,0.35209196631466383,0.0,0.04925812057211603,edge_iiotset,E3_clean_noports,Password,CredentialAttack,far,0,7,mlp:entropy,attacks_only,14962,6780,SAFE_FINAL_01
0.7025036674467346,0.6952924286551416,0.7097149062383277,0.1699523578621682,0.7948468726553441,0.0,0.05134370097537685,edge_iiotset,E3_clean_noports,Password,CredentialAttack,far,0,7,mlp:energy,with_normal,58644,6780,SAFE_FINAL_01
0.6853162229269903,0.677382410318223,0.6932500355357577,0.3761696080051176,0.49665820077529743,0.002654867256637168,0.04752038497527068,edge_iiotset,E3_clean_noports,Password,CredentialAttack,far,0,7,mlp:energy,attacks_only,14962,6780,SAFE_FINAL_01
0.9575730335473541,0.954201266934013,0.9609448001606953,0.6874629344347688,0.13339813109610532,0.6551622418879056,0.050439942705136076,edge_iiotset,E3_clean_noports,Password,CredentialAttack,far,0,7,mlp:mahalanobis,with_normal,58644,6780,SAFE_FINAL_01
0.8583103251935386,0.8523350613799902,0.864285589007087,0.7142349111778017,0.4072316535222564,0.3625368731563422,0.05213206790536025,edge_iiotset,E3_clean_noports,Password,CredentialAttack,far,0,7,mlp:mahalanobis,attacks_only,14962,6780,SAFE_FINAL_01
0.87721182978178,0.871799705176185,0.8826239543873751,0.2916628438647216,0.13933224200259192,0.019616519174041298,0.049706704863242614,edge_iiotset,E3_clean_noports,Password,CredentialAttack,far,0,7,edl:vacuity,with_normal,58644,6780,SAFE_FINAL_01
0.741810891426422,0.7343068012720593,0.7493149815807847,0.42010633782004875,0.31767143430022726,0.00663716814159292,0.04858976072717551,edge_iiotset,E3_clean_noports,Password,CredentialAttack,far,0,7,edl:vacuity,attacks_only,14962,6780,SAFE_FINAL_01
0.9610228705620172,0.957783538646837,0.9642622024771974,0.7420334094687995,0.14651115203601392,0.6612094395280236,0.0498601732487552,edge_iiotset,E3_clean_noports,Password,CredentialAttack,far,0,7,fusion_rank,with_normal,58644,6780,SAFE_FINAL_01
0.87478593262223,0.8691210708787072,0.8804507943657529,0.7669495899500045,0.43623847079267475,0.4581120943952802,0.04952546451009223,edge_iiotset,E3_clean_noports,Password,CredentialAttack,far,0,7,fusion_rank,attacks_only,14962,6780,SAFE_FINAL_01
0.9617712942792258,0.9585615932820222,0.9649809952764294,0.7527202323639642,0.14333947206875383,0.6910029498525073,0.04883705067867131,edge_iiotset,E3_clean_noports,Password,CredentialAttack,far,0,7,fusion_z,with_normal,58644,6780,SAFE_FINAL_01
0.8916722363320411,0.8863596419553691,0.896984830708713,0.7946842841725305,0.4182595909637749,0.4970501474926254,0.04671835316134207,edge_iiotset,E3_clean_noports,Password,CredentialAttack,far,0,7,fusion_z,attacks_only,14962,6780,SAFE_FINAL_01
0.8507130407283265,0.8448685080565599,0.8565575734000932,0.46396113951394125,1.0,0.6789085545722714,0.04576768296841962,edge_iiotset,E3_clean_noports,Password,CredentialAttack,far,0,13,rf:maxprob,with_normal,58644,6780,SAFE_FINAL_01
0.8152843940144925,0.8086245158272589,0.8219442722017261,0.629690481183014,1.0,0.21548672566371682,0.0501269883705387,edge_iiotset,E3_clean_noports,Password,CredentialAttack,far,0,13,rf:maxprob,attacks_only,14962,6780,SAFE_FINAL_01
0.8450419965658494,0.8391146679484311,0.8509693251832677,0.2451429246267861,0.23269217652274743,0.0364306784660767,0.05182115817474933,edge_iiotset,E3_clean_noports,Password,CredentialAttack,far,0,13,mlp:maxprob,with_normal,58644,6780,SAFE_FINAL_01
0.7393883876518647,0.7318622756959352,0.7469144996077941,0.4151310876267004,0.36171634808180725,0.019616519174041298,0.054604999331640154,edge_iiotset,E3_clean_noports,Password,CredentialAttack,far,0,13,mlp:maxprob,attacks_only,14962,6780,SAFE_FINAL_01
0.8447415976687696,0.8388099709865734,0.8506732243509657,0.2475427438872849,0.23436327672055113,0.027876106194690265,0.05170179387490621,edge_iiotset,E3_clean_noports,Password,CredentialAttack,far,0,13,mlp:entropy,with_normal,58644,6780,SAFE_FINAL_01
0.7404019829585984,0.732885043871814,0.7479189220453828,0.4210336488544002,0.3643229514770753,0.019616519174041298,0.05139687207592568,edge_iiotset,E3_clean_noports,Password,CredentialAttack,far,0,13,mlp:entropy,attacks_only,14962,6780,SAFE_FINAL_01
0.8671024884614509,0.8615159884823343,0.8726889884405674,0.2947473844990243,0.16786030966509788,0.019616519174041298,0.051207284632698996,edge_iiotset,E3_clean_noports,Password,CredentialAttack,far,0,13,mlp:energy,with_normal,58644,6780,SAFE_FINAL_01
0.7418298332176027,0.7343259165910185,0.7493337498441868,0.434388691781578,0.3283651918192755,0.019616519174041298,0.050795348215479215,edge_iiotset,E3_clean_noports,Password,CredentialAttack,far,0,13,mlp:energy,attacks_only,14962,6780,SAFE_FINAL_01
0.94937779032285,0.9457153040663138,0.9530402765793862,0.6310612058940749,0.13416547302366824,0.5566371681415929,0.048700634335993455,edge_iiotset,E3_clean_noports,Password,CredentialAttack,far,0,13,mlp:mahalanobis,with_normal,58644,6780,SAFE_FINAL_01
0.835240835288138,0.8288779309621185,0.8416037396141575,0.6626744676355748,0.4101056008555006,0.3566371681415929,0.04925812057211603,edge_iiotset,E3_clean_noports,Password,CredentialAttack,far,0,13,mlp:mahalanobis,attacks_only,14962,6780,SAFE_FINAL_01
0.8836295497013227,0.8783347878654149,0.8889243115372305,0.3010721913065375,0.13338107905327057,0.001032448377581121,0.05142896118955051,edge_iiotset,E3_clean_noports,Password,CredentialAttack,far,0,13,edl:vacuity,with_normal,58644,6780,SAFE_FINAL_01
0.763136903557843,0.7558416618272111,0.7704321452884749,0.4387824073254494,0.2998262264403155,0.0,0.04812190883571715,edge_iiotset,E3_clean_noports,Password,CredentialAttack,far,0,13,edl:vacuity,attacks_only,14962,6780,SAFE_FINAL_01
0.9559567363013747,0.9525251155701008,0.9593883570326486,0.7038252885337253,0.1211377122979333,0.6028023598820059,0.05079803560466544,edge_iiotset,E3_clean_noports,Password,CredentialAttack,far,0,13,fusion_rank,with_normal,58644,6780,SAFE_FINAL_01
0.8596093584573545,0.8536574871251029,0.8655612297896061,0.7351765836830115,0.3739473332442187,0.3992625368731563,0.049191284587621974,edge_iiotset,E3_clean_noports,Password,CredentialAttack,far,0,13,fusion_rank,attacks_only,14962,6780,SAFE_FINAL_01
0.9651798354211271,0.9621095378335407,0.9682501330087134,0.7517220044502666,0.12393424732282927,0.7634218289085546,0.051906418388922994,edge_iiotset,E3_clean_noports,Password,CredentialAttack,far,0,13,fusion_z,with_normal,58644,6780,SAFE_FINAL_01
0.9017535327450977,0.8966703470622861,0.9068367184279094,0.7966525165126164,0.35977810453147974,0.4772861356932153,0.05032749632402085,edge_iiotset,E3_clean_noports,Password,CredentialAttack,far,0,13,fusion_z,attacks_only,14962,6780,SAFE_FINAL_01
0.9656582799444628,0.9611205094396934,0.9701960504492323,0.628050369569068,0.07087051692204074,0.9167213114754098,0.049957905371274626,edge_iiotset,E3_clean_noports,Port_Scanning,Reconnaissance,near,2,42,rf:maxprob,with_normal,59390,3050,SAFE_FINAL_01
0.9516674493940647,0.9463036606053322,0.9570312381827971,0.8036661346690068,0.17850776674306085,0.7534426229508197,0.048828622358034125,edge_iiotset,E3_clean_noports,Port_Scanning,Reconnaissance,near,2,42,rf:maxprob,attacks_only,15708,3050,SAFE_FINAL_01
0.622031177628292,0.611180591654888,0.6328817636016959,0.45942511631528254,0.9204916652635123,0.5688524590163935,0.051405960599427515,edge_iiotset,E3_clean_noports,Port_Scanning,Reconnaissance,near,2,42,mlp:maxprob,with_normal,59390,3050,SAFE_FINAL_01
0.6211223162886615,0.6097474842199343,0.6324971483573888,0.5991073864187595,0.9045709192768017,0.5688524590163935,0.050547491723962314,edge_iiotset,E3_clean_noports,Port_Scanning,Reconnaissance,near,2,42,mlp:maxprob,attacks_only,15708,3050,SAFE_FINAL_01
0.6181102796463499,0.6072569848584323,0.6289635744342675,0.406203643572474,0.9364202727731942,0.5688524590163935,0.05093450075770332,edge_iiotset,E3_clean_noports,Port_Scanning,Reconnaissance,near,2,42,mlp:entropy,with_normal,59390,3050,SAFE_FINAL_01
0.6195527808738994,0.6081745321231906,0.6309310296246082,0.584233990878365,0.9073720397249809,0.5688524590163935,0.05029284441049147,edge_iiotset,E3_clean_noports,Port_Scanning,Reconnaissance,near,2,42,mlp:entropy,attacks_only,15708,3050,SAFE_FINAL_01
0.5771104728675965,0.5662855635509262,0.5879353821842669,0.5435147134938805,0.9816804175787169,0.5688524590163935,0.05214682606499411,edge_iiotset,E3_clean_noports,Port_Scanning,Reconnaissance,near,2,42,mlp:energy,with_normal,59390,3050,SAFE_FINAL_01
0.5997523346149191,0.5883444313284919,0.6111602379013462,0.6014213205375947,0.9344919786096256,0.5688524590163935,0.051438757321110265,edge_iiotset,E3_clean_noports,Port_Scanning,Reconnaissance,near,2,42,mlp:energy,attacks_only,15708,3050,SAFE_FINAL_01
0.9858464719180521,0.9828905576485721,0.988802386187532,0.6938095238477897,0.07568614244822361,0.8852459016393442,0.04832463377673009,edge_iiotset,E3_clean_noports,Port_Scanning,Reconnaissance,near,2,42,mlp:mahalanobis,with_normal,59390,3050,SAFE_FINAL_01
0.9542938337779224,0.9490694463801871,0.9595182211756578,0.7176090767514676,0.24045072574484339,0.8852459016393442,0.052393684746625924,edge_iiotset,E3_clean_noports,Port_Scanning,Reconnaissance,near,2,42,mlp:mahalanobis,attacks_only,15708,3050,SAFE_FINAL_01
0.866965529329605,0.858698933899714,0.8752321247594961,0.2488176311530159,0.28265701296514567,0.5688524590163935,0.05086714935174272,edge_iiotset,E3_clean_noports,Port_Scanning,Reconnaissance,near,2,42,edl:vacuity,with_normal,59390,3050,SAFE_FINAL_01
0.6635192571812631,0.6522979990890888,0.6747405152734375,0.35879432098544056,0.738795518207283,0.11475409836065574,0.04723707664884135,edge_iiotset,E3_clean_noports,Port_Scanning,Reconnaissance,near,2,42,edl:vacuity,attacks_only,15708,3050,SAFE_FINAL_01
0.9954794702425479,0.9937975178225458,0.99716142266255,0.9264586638477375,0.025593534265027782,1.0,0.05047987876746927,edge_iiotset,E3_clean_noports,Port_Scanning,Reconnaissance,near,2,42,fusion_rank,with_normal,59390,3050,SAFE_FINAL_01
0.9864240316096633,0.9835222342769195,0.9893258289424071,0.9357680218533093,0.0735930735930736,0.8498360655737704,0.04831932773109244,edge_iiotset,E3_clean_noports,Port_Scanning,Reconnaissance,near,2,42,fusion_rank,attacks_only,15708,3050,SAFE_FINAL_01
0.9939865849248782,0.9920487201792171,0.9959244496705394,0.8731646041571752,0.0173261491833642,0.9645901639344262,0.05058090587641017,edge_iiotset,E3_clean_noports,Port_Scanning,Reconnaissance,near,2,42,fusion_z,with_normal,59390,3050,SAFE_FINAL_01
0.9829477722534617,0.9797020864956756,0.9861934580112479,0.8878478929381475,0.04666412019353196,0.9645901639344262,0.049783549783549784,edge_iiotset,E3_clean_noports,Port_Scanning,Reconnaissance,near,2,42,fusion_z,attacks_only,15708,3050,SAFE_FINAL_01
0.9703870442393845,0.9661587025151994,0.9746153859635696,0.6239160612713175,0.054756693045967336,0.9252459016393443,0.04866139080653309,edge_iiotset,E3_clean_noports,Port_Scanning,Reconnaissance,near,2,7,rf:maxprob,with_normal,59390,3050,SAFE_FINAL_01
0.9551403482406374,0.9499619009923868,0.9603187954888881,0.7910092140199386,0.13521772345301758,0.7865573770491803,0.05474917239623122,edge_iiotset,E3_clean_noports,Port_Scanning,Reconnaissance,near,2,7,rf:maxprob,attacks_only,15708,3050,SAFE_FINAL_01
0.6842456559723307,0.6735727515665811,0.6949185603780802,0.40227055649105653,0.739097491160128,0.5688524590163935,0.049385418420609534,edge_iiotset,E3_clean_noports,Port_Scanning,Reconnaissance,near,2,7,mlp:maxprob,with_normal,59390,3050,SAFE_FINAL_01
0.6921029276091958,0.6810549804749193,0.7031508747434723,0.578311086380313,0.7509549274255156,0.5685245901639344,0.04755538579067991,edge_iiotset,E3_clean_noports,Port_Scanning,Reconnaissance,near,2,7,mlp:maxprob,attacks_only,15708,3050,SAFE_FINAL_01
0.6806343757159536,0.6699439330486291,0.6913248183832782,0.410317099290959,0.7404276814278498,0.5688524590163935,0.04975585115339283,edge_iiotset,E3_clean_noports,Port_Scanning,Reconnaissance,near,2,7,mlp:entropy,with_normal,59390,3050,SAFE_FINAL_01
0.6795922407711223,0.6684612441767978,0.6907232373654469,0.58418032799772,0.7550292844410491,0.5688524590163935,0.04596384008148714,edge_iiotset,E3_clean_noports,Port_Scanning,Reconnaissance,near,2,7,mlp:entropy,attacks_only,15708,3050,SAFE_FINAL_01
0.5777827779142595,0.566956585685415,0.588608970143104,0.5475059649455618,0.9846943929954538,0.5688524590163935,0.0526519616096986,edge_iiotset,E3_clean_noports,Port_Scanning,Reconnaissance,near,2,7,mlp:energy,with_normal,59390,3050,SAFE_FINAL_01
0.5977044275236174,0.5862948636548219,0.609113991392413,0.6044000092149469,0.9435319582378406,0.5688524590163935,0.05124777183600713,edge_iiotset,E3_clean_noports,Port_Scanning,Reconnaissance,near,2,7,mlp:energy,attacks_only,15708,3050,SAFE_FINAL_01
0.9837626911855228,0.9806013507705111,0.9869240316005345,0.6245104019347678,0.06937194813941741,0.8852459016393442,0.049856878262333724,edge_iiotset,E3_clean_noports,Port_Scanning,Reconnaissance,near,2,7,mlp:mahalanobis,with_normal,59390,3050,SAFE_FINAL_01
0.9464813168188289,0.9408550608057766,0.9521075728318811,0.6510856491551444,0.22179781003310414,0.8852459016393442,0.050674815380697735,edge_iiotset,E3_clean_noports,Port_Scanning,Reconnaissance,near,2,7,mlp:mahalanobis,attacks_only,15708,3050,SAFE_FINAL_01
0.8622722763395063,0.8538943010360996,0.870650251642913,0.19870988010120616,0.2798619296177808,0.5226229508196721,0.04994106751978448,edge_iiotset,E3_clean_noports,Port_Scanning,Reconnaissance,near,2,7,edl:vacuity,with_normal,59390,3050,SAFE_FINAL_01
0.6290155167879372,0.6176602758625812,0.6403707577132932,0.2810380408443351,0.7743824802648333,0.11475409836065574,0.052393684746625924,edge_iiotset,E3_clean_noports,Port_Scanning,Reconnaissance,near,2,7,edl:vacuity,attacks_only,15708,3050,SAFE_FINAL_01
0.9969000218063979,0.9955058009275591,0.9982942426852367,0.9260531932149482,0.014817309311331874,1.0,0.04946960767806028,edge_iiotset,E3_clean_noports,Port_Scanning,Reconnaissance,near,2,7,fusion_rank,with_normal,59390,3050,SAFE_FINAL_01
0.9909358914951971,0.9885587289193268,0.9933130540710674,0.9349014262965121,0.03813343519225872,0.9731147540983607,0.049146931499872676,edge_iiotset,E3_clean_noports,Port_Scanning,Reconnaissance,near,2,7,fusion_rank,attacks_only,15708,3050,SAFE_FINAL_01
0.9943236069438196,0.9924403821572303,0.9962068317304089,0.845968303372251,0.01643374305438626,0.9731147540983607,0.05044620306448897,edge_iiotset,E3_clean_noports,Port_Scanning,Reconnaissance,near,2,7,fusion_z,with_normal,59390,3050,SAFE_FINAL_01
0.9832492162289654,0.9800317885930375,0.9864666438648934,0.8587325146288773,0.04367201426024955,0.9731147540983607,0.04755538579067991,edge_iiotset,E3_clean_noports,Port_Scanning,Reconnaissance,near,2,7,fusion_z,attacks_only,15708,3050,SAFE_FINAL_01
0.9731178732413417,0.9690812187578307,0.9771545277248527,0.6150565477293974,0.054588314531065836,0.9252459016393443,0.04850985014312174,edge_iiotset,E3_clean_noports,Port_Scanning,Reconnaissance,near,2,13,rf:maxprob,with_normal,59390,3050,SAFE_FINAL_01
0.9562515811093438,0.9511342231269164,0.9613689390917712,0.7807898494919561,0.1343264578558696,0.7452459016393442,0.04997453526865291,edge_iiotset,E3_clean_noports,Port_Scanning,Reconnaissance,near,2,13,rf:maxprob,attacks_only,15708,3050,SAFE_FINAL_01
0.6846293354017208,0.6739583491341105,0.6953003216693311,0.234426510946544,0.7177807711735983,0.5688524590163935,0.051187068530055564,edge_iiotset,E3_clean_noports,Port_Scanning,Reconnaissance,near,2,13,mlp:maxprob,with_normal,59390,3050,SAFE_FINAL_01
0.7060944616296593,0.6951531073944252,0.7170358158648934,0.43523044551038714,0.6847466259230965,0.5688524590163935,0.050993124522536286,edge_iiotset,E3_clean_noports,Port_Scanning,Reconnaissance,near,2,13,mlp:maxprob,attacks_only,15708,3050,SAFE_FINAL_01
0.6894016462450211,0.678755404237358,0.7000478882526842,0.32517972873744294,0.7214345849469608,0.5688524590163935,0.05177639333221081,edge_iiotset,E3_clean_noports,Port_Scanning,Reconnaissance,near,2,13,mlp:entropy,with_normal,59390,3050,SAFE_FINAL_01
0.7135239848547466,0.7026452883652345,0.7244026813442586,0.5510607842988716,0.6975426534250063,0.5688524590163935,0.050674815380697735,edge_iiotset,E3_clean_noports,Port_Scanning,Reconnaissance,near,2,13,mlp:entropy,attacks_only,15708,3050,SAFE_FINAL_01
0.5742371873611223,0.5634180622253318,0.5850563124969128,0.40678116369683837,0.9847280686984341,0.5688524590163935,0.04970533759892238,edge_iiotset,E3_clean_noports,Port_Scanning,Reconnaissance,near,2,13,mlp:energy,with_normal,59390,3050,SAFE_FINAL_01
0.5944031025226783,0.5829914106035736,0.6058147944417829,0.5749746078483639,0.943659281894576,0.5688524590163935,0.04895594601476955,edge_iiotset,E3_clean_noports,Port_Scanning,Reconnaissance,near,2,13,mlp:energy,attacks_only,15708,3050,SAFE_FINAL_01
0.9875736435178412,0.9848005479584214,0.9903467390772609,0.7416784579102357,0.06864792052534097,0.8852459016393442,0.04884660717292474,edge_iiotset,E3_clean_noports,Port_Scanning,Reconnaissance,near,2,13,mlp:mahalanobis,with_normal,59390,3050,SAFE_FINAL_01
0.9580962608590382,0.9530823567466347,0.9631101649714418,0.7675594501448751,0.2363127069009422,0.8852459016393442,0.04672778202189967,edge_iiotset,E3_clean_noports,Port_Scanning,Reconnaissance,near,2,13,mlp:mahalanobis,attacks_only,15708,3050,SAFE_FINAL_01
0.8973154888911585,0.8898695051469419,0.9047614726353752,0.3534133547862052,0.22825391480047147,0.5688524590163935,0.05165852837177976,edge_iiotset,E3_clean_noports,Port_Scanning,Reconnaissance,near,2,13,edl:vacuity,with_normal,59390,3050,SAFE_FINAL_01
0.7296548276538635,0.7189271434356281,0.7403825118720988,0.4765457276102263,0.6160555131143366,0.5524590163934426,0.047937356760886174,edge_iiotset,E3_clean_noports,Port_Scanning,Reconnaissance,near,2,13,edl:vacuity,attacks_only,15708,3050,SAFE_FINAL_01
0.997270200591257,0.995961529863638,0.9985788713188761,0.9475955670610217,0.01650109446034686,1.0,0.049082337093786836,edge_iiotset,E3_clean_noports,Port_Scanning,Reconnaissance,near,2,13,fusion_rank,with_normal,59390,3050,SAFE_FINAL_01
0.9914202745181531,0.9891068672431167,0.9937336817931894,0.9563780895510063,0.04316271963330787,0.980655737704918,0.047173414820473644,edge_iiotset,E3_clean_noports,Port_Scanning,Reconnaissance,near,2,13,fusion_rank,attacks_only,15708,3050,SAFE_FINAL_01
0.9959690459562933,0.9943802345060372,0.9975578574065495,0.9028179523930046,0.012055901666947297,0.980655737704918,0.050900825054723015,edge_iiotset,E3_clean_noports,Port_Scanning,Reconnaissance,near,2,13,fusion_z,with_normal,59390,3050,SAFE_FINAL_01
0.9869041148501129,0.9840533054220499,0.9897549242781758,0.9113733964659827,0.043799337916984975,0.980655737704918,0.043799337916984975,edge_iiotset,E3_clean_noports,Port_Scanning,Reconnaissance,near,2,13,fusion_z,attacks_only,15708,3050,SAFE_FINAL_01
0.7445907794115469,0.7299756129174183,0.7592059459056756,0.12986475094269803,1.0,0.46242383209207855,0.04904111883426849,edge_iiotset,E3_clean_noports,Ransomware,Ransomware,far,0,42,rf:maxprob,with_normal,59705,1477,SAFE_FINAL_01
0.7005976006646842,0.6852235338262458,0.7159716675031227,0.23074872574993469,1.0,0.22342586323628977,0.04580914934781252,edge_iiotset,E3_clean_noports,Ransomware,Ransomware,far,0,42,rf:maxprob,attacks_only,16023,1477,SAFE_FINAL_01
0.8504989182596423,0.8381270475015248,0.8628707890177598,0.15430398125628617,0.32312201658152584,0.41909275558564657,0.05076626748178544,edge_iiotset,E3_clean_noports,Ransomware,Ransomware,far,0,42,mlp:maxprob,with_normal,59705,1477,SAFE_FINAL_01
0.7992046892984024,0.785353748746774,0.8130556298500308,0.3010767701682825,0.38625725519565624,0.26675693974272174,0.04537227735130749,edge_iiotset,E3_clean_noports,Ransomware,Ransomware,far,0,42,mlp:maxprob,attacks_only,16023,1477,SAFE_FINAL_01
0.8492345943497756,0.8368243967527657,0.8616447919467854,0.15079997380162952,0.32199983250984004,0.4041976980365606,0.051201741897663515,edge_iiotset,E3_clean_noports,Ransomware,Ransomware,far,0,42,mlp:entropy,with_normal,59705,1477,SAFE_FINAL_01
0.8039492019997827,0.7902050425547124,0.817693361444853,0.3050282365258675,0.38282468950883103,0.27149627623561273,0.04499781564001747,edge_iiotset,E3_clean_noports,Ransomware,Ransomware,far,0,42,mlp:entropy,attacks_only,16023,1477,SAFE_FINAL_01
0.9054044096405612,0.8950927535145033,0.9157160657666191,0.13995794124767735,0.17502721715099237,0.1976980365605958,0.04949334226614186,edge_iiotset,E3_clean_noports,Ransomware,Ransomware,far,0,42,mlp:energy,with_normal,59705,1477,SAFE_FINAL_01
0.8742379934463707,0.8625615225760802,0.8859144643166611,0.3973447596538787,0.27529176808338013,0.5484089370345294,0.0472445859077576,edge_iiotset,E3_clean_noports,Ransomware,Ransomware,far,0,42,mlp:energy,attacks_only,16023,1477,SAFE_FINAL_01
0.8483361746370117,0.8358989513952853,0.8607733978787382,0.07463528249521598,0.18928062976300142,0.0006770480704129993,0.052508165145297714,edge_iiotset,E3_clean_noports,Ransomware,Ransomware,far,0,42,mlp:mahalanobis,with_normal,59705,1477,SAFE_FINAL_01
0.594098251873967,0.578272426514746,0.6099240772331881,0.09514770395443278,0.5122636210447482,0.0,0.050801972165012796,edge_iiotset,E3_clean_noports,Ransomware,Ransomware,far,0,42,mlp:mahalanobis,attacks_only,16023,1477,SAFE_FINAL_01
0.8698054024024802,0.8580641163530853,0.881546688451875,0.08249832345945304,0.19591324009714428,0.0,0.04748346034670463,edge_iiotset,E3_clean_noports,Ransomware,Ransomware,far,0,42,edl:vacuity,with_normal,59705,1477,SAFE_FINAL_01
0.643964217652426,0.6282150372715214,0.6597133980333305,0.10636915641974277,0.4950383823254072,0.0,0.05710541097172814,edge_iiotset,E3_clean_noports,Ransomware,Ransomware,far,0,42,edl:vacuity,attacks_only,16023,1477,SAFE_FINAL_01
0.8611901995916846,0.8491566615813798,0.8732237376019895,0.09031649775185778,0.1904195628506825,0.11645226811103589,0.05277614940122268,edge_iiotset,E3_clean_noports,Ransomware,Ransomware,far,0,42,fusion_rank,with_normal,59705,1477,SAFE_FINAL_01
0.6300873942590397,0.6142940723362728,0.6458807161818066,0.11660163531770242,0.5169443924358734,0.10900473933649289,0.04580914934781252,edge_iiotset,E3_clean_noports,Ransomware,Ransomware,far,0,42,fusion_rank,attacks_only,16023,1477,SAFE_FINAL_01
0.8934782427503948,0.8826430839144704,0.9043134015863191,0.1325485421667169,0.19199397035424168,0.42044685172647256,0.052424420065321164,edge_iiotset,E3_clean_noports,Ransomware,Ransomware,far,0,42,fusion_z,with_normal,59705,1477,SAFE_FINAL_01
0.7309118227179439,0.7158777354689934,0.7459459099668944,0.1653766155653549,0.5199400861261936,0.1103588354773189,0.04743181676340261,edge_iiotset,E3_clean_noports,Ransomware,Ransomware,far,0,42,fusion_z,attacks_only,16023,1477,SAFE_FINAL_01
0.7329449062267727,0.7181807401726447,0.7477090722809007,0.12695657364074642,1.0,0.47054840893703453,0.05009630684197303,edge_iiotset,E3_clean_noports,Ransomware,Ransomware,far,0,7,rf:maxprob,with_normal,59705,1477,SAFE_FINAL_01
0.687252997140916,0.6717611575147054,0.7027448367671266,0.22356016773161141,1.0,0.23425863236289776,0.05223740872495787,edge_iiotset,E3_clean_noports,Ransomware,Ransomware,far,0,7,rf:maxprob,attacks_only,16023,1477,SAFE_FINAL_01
0.9107589974789725,0.9006995690420759,0.920818425915869,0.23308644520294816,0.16799263043296206,0.36357481381178064,0.052106188761410266,edge_iiotset,E3_clean_noports,Ransomware,Ransomware,far,0,7,mlp:maxprob,with_normal,59705,1477,SAFE_FINAL_01
0.8050942215724003,0.791376368036826,0.8188120751079746,0.31050255923624126,0.3555513948698746,0.27488151658767773,0.05535792298570805,edge_iiotset,E3_clean_noports,Ransomware,Ransomware,far,0,7,mlp:maxprob,attacks_only,16023,1477,SAFE_FINAL_01
0.909327410206932,0.8991994275682292,0.9194553928456347,0.16640847022229727,0.16434134494598443,0.3967501692620176,0.052374173017335234,edge_iiotset,E3_clean_noports,Ransomware,Ransomware,far,0,7,mlp:entropy,with_normal,59705,1477,SAFE_FINAL_01
0.8106524976304584,0.7970653629347237,0.8242396323261931,0.27238906629259124,0.35193159832740434,0.29519295870006773,0.053360793858827936,edge_iiotset,E3_clean_noports,Ransomware,Ransomware,far,0,7,mlp:entropy,attacks_only,16023,1477,SAFE_FINAL_01
0.9131671022790512,0.9032249030237142,0.9231093015343882,0.14922916716636694,0.1491834854702286,0.21530128639133378,0.05190520056946654,edge_iiotset,E3_clean_noports,Ransomware,Ransomware,far,0,7,mlp:energy,with_normal,59705,1477,SAFE_FINAL_01
0.8594064659337239,0.8472068677883109,0.871606064079137,0.359839766986621,0.3057479872683018,0.5077860528097495,0.05292392186232291,edge_iiotset,E3_clean_noports,Ransomware,Ransomware,far,0,7,mlp:energy,attacks_only,16023,1477,SAFE_FINAL_01
0.8511151845252247,0.8387621209635332,0.8634682480869162,0.07505379720992995,0.20273008960723557,0.007447528774542992,0.050146553889958964,edge_iiotset,E3_clean_noports,Ransomware,Ransomware,far,0,7,mlp:mahalanobis,with_normal,59705,1477,SAFE_FINAL_01
0.5926732944952903,0.5768485533156715,0.608498035674909,0.09417664103229177,0.5569493852586906,0.0,0.058852898957748236,edge_iiotset,E3_clean_noports,Ransomware,Ransomware,far,0,7,mlp:mahalanobis,attacks_only,16023,1477,SAFE_FINAL_01
0.8919254434052506,0.881025708609716,0.9028251782007852,0.12550364266863612,0.19026882170672474,0.24712254570074474,0.05317812578511012,edge_iiotset,E3_clean_noports,Ransomware,Ransomware,far,0,7,edl:vacuity,with_normal,59705,1477,SAFE_FINAL_01
0.7109007697169917,0.6956307192494187,0.7261708201845647,0.18135498798397479,0.4854896086875117,0.1083276912660799,0.05286151157710791,edge_iiotset,E3_clean_noports,Ransomware,Ransomware,far,0,7,edl:vacuity,attacks_only,16023,1477,SAFE_FINAL_01
0.8638425712699263,0.8518970719755763,0.8757880705642762,0.09091266378624452,0.1972364123607738,0.12796208530805686,0.050917008625743235,edge_iiotset,E3_clean_noports,Ransomware,Ransomware,far,0,7,fusion_rank,with_normal,59705,1477,SAFE_FINAL_01
0.6277932564017762,0.6119943630294122,0.6435921497741401,0.11504656478080391,0.5453410722087,0.1103588354773189,0.05329838357361293,edge_iiotset,E3_clean_noports,Ransomware,Ransomware,far,0,7,fusion_rank,attacks_only,16023,1477,SAFE_FINAL_01
0.8922705332361657,0.8813850819962026,0.9031559844761288,0.1288361711839699,0.19799011808056277,0.3906567366283006,0.05135248304162131,edge_iiotset,E3_clean_noports,Ransomware,Ransomware,far,0,7,fusion_z,with_normal,59705,1477,SAFE_FINAL_01
0.7200238688706244,0.7048557304426011,0.7351920072986478,0.15835247243589082,0.5432815327966048,0.11442112389979689,0.049553766460712724,edge_iiotset,E3_clean_noports,Ransomware,Ransomware,far,0,7,fusion_z,attacks_only,16023,1477,SAFE_FINAL_01
0.7397536193665345,0.7250745730179637,0.7544326657151053,0.13118347161302069,1.0,0.45565335138794855,0.048371158194456074,edge_iiotset,E3_clean_noports,Ransomware,Ransomware,far,0,13,rf:maxprob,with_normal,59705,1477,SAFE_FINAL_01
0.6948640307215791,0.6794370516078336,0.7102910098353246,0.2322353436860178,1.0,0.2173324306025728,0.04637084191474755,edge_iiotset,E3_clean_noports,Ransomware,Ransomware,far,0,13,rf:maxprob,attacks_only,16023,1477,SAFE_FINAL_01
0.8787241967205381,0.8673055160543899,0.8901428773866864,0.23173478630764105,0.2854367305920777,0.4969532836831415,0.05265890628925551,edge_iiotset,E3_clean_noports,Ransomware,Ransomware,far,0,13,mlp:maxprob,with_normal,59705,1477,SAFE_FINAL_01
0.8086511430272604,0.7950163583970367,0.8222859276574841,0.3297175996542205,0.3851962803470012,0.24238320920785375,0.050614741309367786,edge_iiotset,E3_clean_noports,Ransomware,Ransomware,far,0,13,mlp:maxprob,attacks_only,16023,1477,SAFE_FINAL_01
0.8830116216285022,0.871755808398041,0.8942674348589634,0.1698868625416865,0.27570555229880245,0.4969532836831415,0.052558412193283645,edge_iiotset,E3_clean_noports,Ransomware,Ransomware,far,0,13,mlp:entropy,with_normal,59705,1477,SAFE_FINAL_01
0.812272672015021,0.7987245981932594,0.8258207458367826,0.2902747819918835,0.37920489296636084,0.27691266079891674,0.05223740872495787,edge_iiotset,E3_clean_noports,Ransomware,Ransomware,far,0,13,mlp:entropy,attacks_only,16023,1477,SAFE_FINAL_01
0.9061842708142386,0.8959086493635733,0.9164598922649039,0.14259276108359098,0.14318733774390754,0.2051455653351388,0.05031404404991207,edge_iiotset,E3_clean_noports,Ransomware,Ransomware,far,0,13,mlp:energy,with_normal,59705,1477,SAFE_FINAL_01
0.8198766279228518,0.8065178186907802,0.8332354371549233,0.2622245860441586,0.30225301129626164,0.16858496953283683,0.05198776758409786,edge_iiotset,E3_clean_noports,Ransomware,Ransomware,far,0,13,mlp:energy,attacks_only,16023,1477,SAFE_FINAL_01
0.8508299182785232,0.8384681386907853,0.863191697866261,0.07634410475016934,0.19515953437735534,0.005416384563303994,0.047567205426681185,edge_iiotset,E3_clean_noports,Ransomware,Ransomware,far,0,13,mlp:mahalanobis,with_normal,59705,1477,SAFE_FINAL_01
0.6009075647054583,0.5850790171165088,0.6167361122944077,0.09648363976426226,0.5381638894089746,0.0,0.049740997316357734,edge_iiotset,E3_clean_noports,Ransomware,Ransomware,far,0,13,mlp:mahalanobis,attacks_only,16023,1477,SAFE_FINAL_01
0.8865172122221097,0.8753985422740214,0.897635882170198,0.11753142053299168,0.18651704212377523,0.18618821936357483,0.05059877732183234,edge_iiotset,E3_clean_noports,Ransomware,Ransomware,far,0,13,edl:vacuity,with_normal,59705,1477,SAFE_FINAL_01
0.7106618401585973,0.6953892456562946,0.7259344346609001,0.17716095641848115,0.46963739624290085,0.1083276912660799,0.04293827622792236,edge_iiotset,E3_clean_noports,Ransomware,Ransomware,far,0,13,edl:vacuity,attacks_only,16023,1477,SAFE_FINAL_01
0.86236215443602,0.8503673085917016,0.8743570002803385,0.08550723917413902,0.19589649108114898,0.12525389302640488,0.04741646428272339,edge_iiotset,E3_clean_noports,Ransomware,Ransomware,far,0,13,fusion_rank,with_normal,59705,1477,SAFE_FINAL_01
0.6318771370082386,0.6160884992550076,0.6476657747614695,0.10671746062733567,0.5409099419584348,0.0013540961408259986,0.05654371840479311,edge_iiotset,E3_clean_noports,Ransomware,Ransomware,far,0,13,fusion_rank,attacks_only,16023,1477,SAFE_FINAL_01
0.8924364244717752,0.8815578533070342,0.9033149956365162,0.1238079793122672,0.19308265639393685,0.4184157075152336,0.052106188761410266,edge_iiotset,E3_clean_noports,Ransomware,Ransomware,far,0,13,fusion_z,with_normal,59705,1477,SAFE_FINAL_01
0.7285019490643337,0.7134370054630196,0.7435668926656479,0.1580910019952174,0.5332334768769893,0.006770480704129994,0.04743181676340261,edge_iiotset,E3_clean_noports,Ransomware,Ransomware,far,0,13,fusion_z,attacks_only,16023,1477,SAFE_FINAL_01
0.9937541250559423,0.9924428227000722,0.9950654274118124,0.9181766176823976,0.008956598880851645,1.0,0.050122833356080254,edge_iiotset,E3_clean_noports,SQL_injection,WebApplication,near,2,42,rf:maxprob,with_normal,58616,6922,SAFE_FINAL_01
0.9916009523092013,0.9900780129315541,0.9931238916868486,0.970086140611744,0.012923530199544663,1.0,0.05169412079817865,edge_iiotset,E3_clean_noports,SQL_injection,WebApplication,near,2,42,rf:maxprob,attacks_only,14934,6922,SAFE_FINAL_01
0.8842942400210074,0.8790650133799617,0.8895234666620532,0.30640723707583684,0.1487648423638597,0.09202542617740538,0.05375665347345435,edge_iiotset,E3_clean_noports,SQL_injection,WebApplication,near,2,42,mlp:maxprob,with_normal,58616,6922,SAFE_FINAL_01
0.7344469765010929,0.726939353119016,0.7419545998831698,0.42142117168318743,0.3486005089058524,0.0001444669170759896,0.05423865006026517,edge_iiotset,E3_clean_noports,SQL_injection,WebApplication,near,2,42,mlp:maxprob,attacks_only,14934,6922,SAFE_FINAL_01
0.8720421941588833,0.8665944922356494,0.8774898960821171,0.2836229271097272,0.149344888767572,0.0,0.051982393885628496,edge_iiotset,E3_clean_noports,SQL_injection,WebApplication,near,2,42,mlp:entropy,with_normal,58616,6922,SAFE_FINAL_01
0.727692137226971,0.7201269215516136,0.7352573529023284,0.41267961337937265,0.35054238650060265,0.0001444669170759896,0.05403776617115307,edge_iiotset,E3_clean_noports,SQL_injection,WebApplication,near,2,42,mlp:entropy,attacks_only,14934,6922,SAFE_FINAL_01
0.7439433484726198,0.7370408543728307,0.7508458425724088,0.1942935154805598,0.8289886720349393,0.0,0.050054592602702334,edge_iiotset,E3_clean_noports,SQL_injection,WebApplication,near,2,42,mlp:energy,with_normal,58616,6922,SAFE_FINAL_01
0.6814029451826309,0.6735084681882727,0.6892974221769891,0.3794529978588133,0.5313378867014865,0.0,0.052832462836480514,edge_iiotset,E3_clean_noports,SQL_injection,WebApplication,near,2,42,mlp:energy,attacks_only,14934,6922,SAFE_FINAL_01
0.99114607279295,0.9895874190222426,0.9927047265636574,0.8905296093171458,0.02292889313498021,1.0,0.04754674491606387,edge_iiotset,E3_clean_noports,SQL_injection,WebApplication,near,2,42,mlp:mahalanobis,with_normal,58616,6922,SAFE_FINAL_01
0.9694853541656678,0.9666030178880132,0.9723676904433225,0.9049519133041557,0.08236239453595821,0.8231724934989887,0.046939868755859114,edge_iiotset,E3_clean_noports,SQL_injection,WebApplication,near,2,42,mlp:mahalanobis,attacks_only,14934,6922,SAFE_FINAL_01
0.8848143564131934,0.8795948358868072,0.8900338769395796,0.3056936404146663,0.138204585778627,0.1778387749205432,0.052391838405896,edge_iiotset,E3_clean_noports,SQL_injection,WebApplication,near,2,42,edl:vacuity,with_normal,58616,6922,SAFE_FINAL_01
0.7450329654273469,0.7376207740802974,0.7524451567743964,0.42897504935388286,0.3165260479442882,0.0,0.05089058524173028,edge_iiotset,E3_clean_noports,SQL_injection,WebApplication,near,2,42,edl:vacuity,attacks_only,14934,6922,SAFE_FINAL_01
0.999770526664823,0.9995182180343386,1.0,0.9967519250305672,0.0006824075337791729,1.0,0.04874095810017742,edge_iiotset,E3_clean_noports,SQL_injection,WebApplication,near,2,42,fusion_rank,with_normal,58616,6922,SAFE_FINAL_01
0.9990993163911387,0.998599496490716,0.9995991362915614,0.9967519250305672,0.0026784518548279095,1.0,0.04948439801794563,edge_iiotset,E3_clean_noports,SQL_injection,WebApplication,near,2,42,fusion_rank,attacks_only,14934,6922,SAFE_FINAL_01
0.9982752351683623,0.9975841685398169,0.9989663017969076,0.9778790166645371,0.005135116691688276,1.0,0.053023065374641735,edge_iiotset,E3_clean_noports,SQL_injection,WebApplication,near,2,42,fusion_z,with_normal,58616,6922,SAFE_FINAL_01
0.9934682844330136,0.9921245165634984,0.9948120523025288,0.9787789791583948,0.01955269854024374,1.0,0.04894870764698005,edge_iiotset,E3_clean_noports,SQL_injection,WebApplication,near,2,42,fusion_z,attacks_only,14934,6922,SAFE_FINAL_01
0.9920224814341182,0.990542148508689,0.9935028143595473,0.8532272180236944,0.008922478504162687,1.0,0.04761498566944179,edge_iiotset,E3_clean_noports,SQL_injection,WebApplication,near,2,7,rf:maxprob,with_normal,58616,6922,SAFE_FINAL_01
0.987880658331117,0.9860533364376148,0.9897079802246193,0.9334880948932217,0.01419579483058792,1.0,0.05263157894736842,edge_iiotset,E3_clean_noports,SQL_injection,WebApplication,near,2,7,rf:maxprob,attacks_only,14934,6922,SAFE_FINAL_01
0.8078618962324913,0.8015266735688009,0.8141971188961816,0.2827858703651734,1.0,0.26466339208321293,0.04986693053091306,edge_iiotset,E3_clean_noports,SQL_injection,WebApplication,near,2,7,mlp:maxprob,with_normal,58616,6922,SAFE_FINAL_01
0.6874724372329263,0.6796148745860108,0.6953299998798418,0.4160961135621962,1.0,0.001444669170759896,0.051024507834471676,edge_iiotset,E3_clean_noports,SQL_injection,WebApplication,near,2,7,mlp:maxprob,attacks_only,14934,6922,SAFE_FINAL_01
0.7933639598794056,0.7868762572222551,0.799851662536556,0.25127380211172284,0.9948478231199672,0.001444669170759896,0.05423433874709977,edge_iiotset,E3_clean_noports,SQL_injection,WebApplication,near,2,7,mlp:entropy,with_normal,58616,6922,SAFE_FINAL_01
0.6765661958945084,0.668643604518093,0.6844887872709238,0.39780451581437526,0.9829248694254721,0.001444669170759896,0.05216284987277354,edge_iiotset,E3_clean_noports,SQL_injection,WebApplication,near,2,7,mlp:entropy,attacks_only,14934,6922,SAFE_FINAL_01
0.7397322793097783,0.732801253899288,0.7466633047202685,0.19610238113714118,0.9956496519721578,0.0,0.053773713661798825,edge_iiotset,E3_clean_noports,SQL_injection,WebApplication,near,2,7,mlp:energy,with_normal,58616,6922,SAFE_FINAL_01
0.6103809472842987,0.6021845407766562,0.6185773537919412,0.3453173051489182,0.9833266372036963,0.0,0.05122539172358377,edge_iiotset,E3_clean_noports,SQL_injection,WebApplication,near,2,7,mlp:energy,attacks_only,14934,6922,SAFE_FINAL_01
0.994766273349389,0.9935651376514137,0.9959674090473644,0.929881704994509,0.02115463354715436,1.0,0.049065101678722536,edge_iiotset,E3_clean_noports,SQL_injection,WebApplication,near,2,7,mlp:mahalanobis,with_normal,58616,6922,SAFE_FINAL_01
0.981809076763339,0.9795745913535049,0.984043562173173,0.939492842483755,0.07754118119726798,0.9076856399884426,0.0474755591268247,edge_iiotset,E3_clean_noports,SQL_injection,WebApplication,near,2,7,mlp:mahalanobis,attacks_only,14934,6922,SAFE_FINAL_01
0.9053555514789433,0.9005511536340077,0.9101599493238789,0.35205239628824025,0.16333424321004503,0.0005778676683039584,0.05172649106046131,edge_iiotset,E3_clean_noports,SQL_injection,WebApplication,near,2,7,edl:vacuity,with_normal,58616,6922,SAFE_FINAL_01
0.7516617951888241,0.7443126585181294,0.7590109318595188,0.43665058162414344,0.41100843712334273,0.0,0.05711798580420517,edge_iiotset,E3_clean_noports,SQL_injection,WebApplication,near,2,7,edl:vacuity,attacks_only,14934,6922,SAFE_FINAL_01
0.9999054332712102,0.9997434492377092,1.0,0.9988857518167182,0.000580046403712297,1.0,0.050805240889859424,edge_iiotset,E3_clean_noports,SQL_injection,WebApplication,near,2,7,fusion_rank,with_normal,58616,6922,SAFE_FINAL_01
0.9996400806135846,0.9993240729652659,0.9999560882619032,0.9989122945281254,0.0022097227802330252,1.0,0.03964108745145306,edge_iiotset,E3_clean_noports,SQL_injection,WebApplication,near,2,7,fusion_rank,attacks_only,14934,6922,SAFE_FINAL_01
0.99907688656699,0.9985710584244004,0.9995827147095796,0.9875576852559536,0.0040432646376416,1.0,0.05143646785860516,edge_iiotset,E3_clean_noports,SQL_injection,WebApplication,near,2,7,fusion_z,with_normal,58616,6922,SAFE_FINAL_01
0.9967066689310844,0.9957515806900525,0.9976617571721162,0.9892281491403652,0.015334136868889781,1.0,0.04935047542520423,edge_iiotset,E3_clean_noports,SQL_injection,WebApplication,near,2,7,fusion_z,attacks_only,14934,6922,SAFE_FINAL_01
0.9916123616044593,0.9900948525569274,0.9931298706519912,0.8509126025801952,0.013477548792138664,1.0,0.048416814521632316,edge_iiotset,E3_clean_noports,SQL_injection,WebApplication,near,2,13,rf:maxprob,with_normal,58616,6922,SAFE_FINAL_01
0.9875653927072047,0.9857146356979652,0.9894161497164441,0.9383774405452864,0.02578009910271863,1.0,0.041516003749832595,edge_iiotset,E3_clean_noports,SQL_injection,WebApplication,near,2,13,rf:maxprob,attacks_only,14934,6922,SAFE_FINAL_01
0.8841930951872347,0.8789619852944424,0.889424205080027,0.30360772482631887,0.1397741231063191,0.09144755850910141,0.049082161867067015,edge_iiotset,E3_clean_noports,SQL_injection,WebApplication,near,2,13,mlp:maxprob,with_normal,58616,6922,SAFE_FINAL_01
0.7408504189114953,0.7333997572121426,0.748301080610848,0.42657795383465025,0.32168206776483194,0.001444669170759896,0.043390920048212135,edge_iiotset,E3_clean_noports,SQL_injection,WebApplication,near,2,13,mlp:maxprob,attacks_only,14934,6922,SAFE_FINAL_01
0.8751170256953152,0.8697223795722144,0.880511671818416,0.2890094400461969,0.14011532687320868,0.0,0.049303944315545245,edge_iiotset,E3_clean_noports,SQL_injection,WebApplication,near,2,13,mlp:entropy,with_normal,58616,6922,SAFE_FINAL_01
0.7335152451775968,0.7259995265532657,0.7410309638019279,0.41501544211207164,0.3226195259140217,0.0,0.04814517209053167,edge_iiotset,E3_clean_noports,SQL_injection,WebApplication,near,2,13,mlp:entropy,attacks_only,14934,6922,SAFE_FINAL_01
0.8594477689000171,0.8537942180397331,0.865101319760301,0.2662782921946612,0.18552954824621265,0.0,0.0483485737682544,edge_iiotset,E3_clean_noports,SQL_injection,WebApplication,near,2,13,mlp:energy,with_normal,58616,6922,SAFE_FINAL_01
0.7105657457582699,0.7028656711455962,0.7182658203709437,0.3970562496485162,0.3822820409803134,0.0,0.04834605597964377,edge_iiotset,E3_clean_noports,SQL_injection,WebApplication,near,2,13,mlp:energy,attacks_only,14934,6922,SAFE_FINAL_01
0.9828740108886295,0.9807177994633155,0.9850302223139434,0.7949199388992492,0.034598061962604065,1.0,0.05060051862972567,edge_iiotset,E3_clean_noports,SQL_injection,WebApplication,near,2,13,mlp:mahalanobis,with_normal,58616,6922,SAFE_FINAL_01
0.9379542161180969,0.9338912740759145,0.9420171581602793,0.8075025240327198,0.1243471273603857,0.29933545218145047,0.050020088388911206,edge_iiotset,E3_clean_noports,SQL_injection,WebApplication,near,2,13,mlp:mahalanobis,attacks_only,14934,6922,SAFE_FINAL_01
0.9045601799647277,0.8997384562687164,0.909381903660739,0.3461422844936367,0.133257131158728,0.0013002022536839064,0.049525726764023476,edge_iiotset,E3_clean_noports,SQL_injection,WebApplication,near,2,13,edl:vacuity,with_normal,58616,6922,SAFE_FINAL_01
0.7584117540853066,0.7511295006089532,0.76569400756166,0.43837378175318387,0.3037364403374849,0.0013002022536839064,0.045466720235703764,edge_iiotset,E3_clean_noports,SQL_injection,WebApplication,near,2,13,edl:vacuity,attacks_only,14934,6922,SAFE_FINAL_01
0.999486631772461,0.9991093181136487,0.9998639454312733,0.9937658821340044,0.001688958646103453,1.0,0.04979868977753514,edge_iiotset,E3_clean_noports,SQL_injection,WebApplication,near,2,13,fusion_rank,with_normal,58616,6922,SAFE_FINAL_01
0.9980888992565071,0.9973610484488606,0.9988167500641536,0.9941072583456763,0.006361323155216285,1.0,0.04285522967724655,edge_iiotset,E3_clean_noports,SQL_injection,WebApplication,near,2,13,fusion_rank,attacks_only,14934,6922,SAFE_FINAL_01
0.9964125642722016,0.9954170817146659,0.9974080468297373,0.9505764353097019,0.008717756244028934,1.0,0.04862153678176607,edge_iiotset,E3_clean_noports,SQL_injection,WebApplication,near,2,13,fusion_z,with_normal,58616,6922,SAFE_FINAL_01
0.986586797182572,0.9846651740600166,0.9885084203051274,0.9532095009529264,0.03287799651801259,1.0,0.05182804339092005,edge_iiotset,E3_clean_noports,SQL_injection,WebApplication,near,2,13,fusion_z,attacks_only,14934,6922,SAFE_FINAL_01
0.7488351779779421,0.7408811773310863,0.7567891786247979,0.2684858154388796,1.0,0.4620676100628931,0.046471017072715864,edge_iiotset,E3_clean_noports,Uploading,WebApplication,near,2,42,rf:maxprob,with_normal,58983,5088,SAFE_FINAL_01
0.7146520757573702,0.7059605308419792,0.7233436206727613,0.4412703260788564,1.0,0.2315251572327044,0.0466636167570747,edge_iiotset,E3_clean_noports,Uploading,WebApplication,near,2,42,rf:maxprob,attacks_only,15301,5088,SAFE_FINAL_01
0.7592523711261223,0.7513864227174412,0.7671183195348035,0.15416030876841738,0.6344031331061493,0.14760220125786164,0.0522014817828866,edge_iiotset,E3_clean_noports,Uploading,WebApplication,near,2,42,mlp:maxprob,with_normal,58983,5088,SAFE_FINAL_01
0.7131407558966631,0.7044373132368233,0.721844198556503,0.33994641498804457,0.46970786223122674,0.04933176100628931,0.054636951833213515,edge_iiotset,E3_clean_noports,Uploading,WebApplication,near,2,42,mlp:maxprob,attacks_only,15301,5088,SAFE_FINAL_01
0.7475886730154739,0.7396246324959646,0.7555527135349833,0.13925957054324511,0.6333689368123019,0.0,0.04994659478154723,edge_iiotset,E3_clean_noports,Uploading,WebApplication,near,2,42,mlp:entropy,with_normal,58983,5088,SAFE_FINAL_01
0.7051322320261882,0.6963680572285961,0.7138964068237804,0.3258001824513098,0.4672243644206261,0.0,0.049669956212012284,edge_iiotset,E3_clean_noports,Uploading,WebApplication,near,2,42,mlp:entropy,attacks_only,15301,5088,SAFE_FINAL_01
0.6568073489915066,0.64836806288511,0.6652466350979033,0.10884076913003363,0.6408456673956903,0.0,0.04835291524676602,edge_iiotset,E3_clean_noports,Uploading,WebApplication,near,2,42,mlp:energy,with_normal,58983,5088,SAFE_FINAL_01
0.7048630207299313,0.6960968714629987,0.713629169996864,0.3270118722840839,0.4534997712567806,0.0005896226415094339,0.048558917717796225,edge_iiotset,E3_clean_noports,Uploading,WebApplication,near,2,42,mlp:energy,attacks_only,15301,5088,SAFE_FINAL_01
0.9265928624887866,0.921592559433013,0.9315931655445602,0.5398779296255198,0.2226743298916637,0.5917845911949685,0.05076038858654189,edge_iiotset,E3_clean_noports,Uploading,WebApplication,near,2,42,mlp:mahalanobis,with_normal,58983,5088,SAFE_FINAL_01
0.7914472232052906,0.7835597375086618,0.7993347089019194,0.5801581378757854,0.5625776093065813,0.32075471698113206,0.056793673616103525,edge_iiotset,E3_clean_noports,Uploading,WebApplication,near,2,42,mlp:mahalanobis,attacks_only,15301,5088,SAFE_FINAL_01
0.8793242009316831,0.8731410090931169,0.8855073927702493,0.23870808225505208,0.14187138667073562,0.006289308176100629,0.05196412525642982,edge_iiotset,E3_clean_noports,Uploading,WebApplication,near,2,42,edl:vacuity,with_normal,58983,5088,SAFE_FINAL_01
0.7511803435279233,0.7428204144043912,0.7595402726514554,0.3595223659206464,0.32311613620024837,0.0033411949685534592,0.051042415528396834,edge_iiotset,E3_clean_noports,Uploading,WebApplication,near,2,42,edl:vacuity,attacks_only,15301,5088,SAFE_FINAL_01
0.927699453322922,0.9227329236130668,0.9326659830327773,0.5895421579488049,0.22306427275655696,0.6112421383647799,0.05165895257955682,edge_iiotset,E3_clean_noports,Uploading,WebApplication,near,2,42,fusion_rank,with_normal,58983,5088,SAFE_FINAL_01
0.7993820426399557,0.7916023690348982,0.8071617162450132,0.6309776792702324,0.5633618717730867,0.33687106918238996,0.048624272923338346,edge_iiotset,E3_clean_noports,Uploading,WebApplication,near,2,42,fusion_rank,attacks_only,15301,5088,SAFE_FINAL_01
0.9296996765510839,0.9247951031598103,0.9346042499423575,0.604152424791518,0.22847261075225064,0.49410377358490565,0.05160809046674465,edge_iiotset,E3_clean_noports,Uploading,WebApplication,near,2,42,fusion_z,with_normal,58983,5088,SAFE_FINAL_01
0.817131433634255,0.8096123126508978,0.8246505546176122,0.6634587867642554,0.5659760799947716,0.3860062893081761,0.04744787922358016,edge_iiotset,E3_clean_noports,Uploading,WebApplication,near,2,42,fusion_z,attacks_only,15301,5088,SAFE_FINAL_01
0.8373567183892767,0.830420983941166,0.8442924528373874,0.36232289134478135,1.0,0.6497641509433962,0.04521641829001577,edge_iiotset,E3_clean_noports,Uploading,WebApplication,near,2,7,rf:maxprob,with_normal,58983,5088,SAFE_FINAL_01
0.7981622265203203,0.7903656416186973,0.8059588114219434,0.516923548739954,1.0,0.27908805031446543,0.053852689366708055,edge_iiotset,E3_clean_noports,Uploading,WebApplication,near,2,7,rf:maxprob,attacks_only,15301,5088,SAFE_FINAL_01
0.8017422249609925,0.7943181101098046,0.8091663398121803,0.16692787332959944,0.36305376125324246,0.00019654088050314466,0.05108251530101894,edge_iiotset,E3_clean_noports,Uploading,WebApplication,near,2,7,mlp:maxprob,with_normal,58983,5088,SAFE_FINAL_01
0.6695696683408286,0.6605811591117774,0.6785581775698799,0.30215994933917467,0.5255212077641984,0.0,0.051369191556107446,edge_iiotset,E3_clean_noports,Uploading,WebApplication,near,2,7,mlp:maxprob,attacks_only,15301,5088,SAFE_FINAL_01
0.7984514939119544,0.7909880556439371,0.8059149321799716,0.16529491730720344,0.3857382635674686,0.00019654088050314466,0.05067561839852161,edge_iiotset,E3_clean_noports,Uploading,WebApplication,near,2,7,mlp:entropy,with_normal,58983,5088,SAFE_FINAL_01
0.6669963841924255,0.657994416513118,0.675998351871733,0.3006261271709634,0.5289850336579308,0.0,0.05280700607803412,edge_iiotset,E3_clean_noports,Uploading,WebApplication,near,2,7,mlp:entropy,attacks_only,15301,5088,SAFE_FINAL_01
0.7124638073948821,0.7042581622420019,0.7206694525477624,0.13361034532723196,0.762846921994473,0.00039308176100628933,0.054083379956936746,edge_iiotset,E3_clean_noports,Uploading,WebApplication,near,2,7,mlp:energy,with_normal,58983,5088,SAFE_FINAL_01
0.6540837022922413,0.6450196598443455,0.6631477447401372,0.2918942865113056,0.54682700477093,0.0005896226415094339,0.05169596758381805,edge_iiotset,E3_clean_noports,Uploading,WebApplication,near,2,7,mlp:energy,attacks_only,15301,5088,SAFE_FINAL_01
0.9307705915983467,0.9258996834484693,0.9356414997482242,0.5551763532914058,0.21421426512724004,0.5615172955974843,0.05031958360883645,edge_iiotset,E3_clean_noports,Uploading,WebApplication,near,2,7,mlp:mahalanobis,with_normal,58983,5088,SAFE_FINAL_01
0.797066402892646,0.7892547311668802,0.8048780746184118,0.5917698611036744,0.5640807790340501,0.33058176100628933,0.05496372786092412,edge_iiotset,E3_clean_noports,Uploading,WebApplication,near,2,7,mlp:mahalanobis,attacks_only,15301,5088,SAFE_FINAL_01
0.8761768044747357,0.8699291548918145,0.8824244540576568,0.23613863161729,0.14475357306342507,0.0,0.0511333774138311,edge_iiotset,E3_clean_noports,Uploading,WebApplication,near,2,7,edl:vacuity,with_normal,58983,5088,SAFE_FINAL_01
0.7510231146770117,0.7426615698044504,0.7593846595495729,0.3598580128023475,0.32370433305012747,0.0,0.049931377034180775,edge_iiotset,E3_clean_noports,Uploading,WebApplication,near,2,7,edl:vacuity,attacks_only,15301,5088,SAFE_FINAL_01
0.9339995377092452,0.9292323067959328,0.9387667686225575,0.6029930716825971,0.1999389654646254,0.6395440251572327,0.050980791075394605,edge_iiotset,E3_clean_noports,Uploading,WebApplication,near,2,7,fusion_rank,with_normal,58983,5088,SAFE_FINAL_01
0.8090181526138588,0.8013765072738892,0.8166597979538284,0.6406097022483483,0.535520554212143,0.33785377358490565,0.0503235082674335,edge_iiotset,E3_clean_noports,Uploading,WebApplication,near,2,7,fusion_rank,attacks_only,15301,5088,SAFE_FINAL_01
0.9596593886528652,0.9558630733635014,0.9634557039422289,0.6666942038729966,0.1020802604140176,0.5324292452830188,0.049031076750928236,edge_iiotset,E3_clean_noports,Uploading,WebApplication,near,2,7,fusion_z,with_normal,58983,5088,SAFE_FINAL_01
0.8896274468125771,0.8835155026062773,0.8957393910188769,0.7280534857085226,0.2930527416508725,0.4119496855345912,0.04934318018430168,edge_iiotset,E3_clean_noports,Uploading,WebApplication,near,2,7,fusion_z,attacks_only,15301,5088,SAFE_FINAL_01
0.8341136455797891,0.827128332384894,0.8410989587746841,0.34880982150552886,1.0,0.5491352201257862,0.044521302748249496,edge_iiotset,E3_clean_noports,Uploading,WebApplication,near,2,13,rf:maxprob,with_normal,58983,5088,SAFE_FINAL_01
0.7966540665221452,0.7888367436602214,0.804471389384069,0.5125387784676472,1.0,0.15212264150943397,0.05065028429514411,edge_iiotset,E3_clean_noports,Uploading,WebApplication,near,2,13,rf:maxprob,attacks_only,15301,5088,SAFE_FINAL_01
0.7351670497852649,0.727108589620878,0.7432255099496519,0.13722586447694954,0.6846209924893614,0.0005896226415094339,0.05045521590966889,edge_iiotset,E3_clean_noports,Uploading,WebApplication,near,2,13,mlp:maxprob,with_normal,58983,5088,SAFE_FINAL_01
0.6295595917190433,0.6204021316267918,0.6387170518112948,0.28135123173790355,0.6747924972224038,0.0,0.04529115744069015,edge_iiotset,E3_clean_noports,Uploading,WebApplication,near,2,13,mlp:maxprob,attacks_only,15301,5088,SAFE_FINAL_01
0.737790485508723,0.7297511253554104,0.7458298456620355,0.13781127758808992,0.672295407151213,0.0,0.05059084821050133,edge_iiotset,E3_clean_noports,Uploading,WebApplication,near,2,13,mlp:entropy,with_normal,58983,5088,SAFE_FINAL_01
0.6306949393183082,0.6215411102971086,0.6398487683395079,0.28175766239386757,0.6730932618783086,0.0,0.05143454676164957,edge_iiotset,E3_clean_noports,Uploading,WebApplication,near,2,13,mlp:entropy,attacks_only,15301,5088,SAFE_FINAL_01
0.7402144747068684,0.7321931595364553,0.7482357898772816,0.14131234327580927,0.5828289507146127,0.006289308176100629,0.05016699727039994,edge_iiotset,E3_clean_noports,Uploading,WebApplication,near,2,13,mlp:energy,with_normal,58983,5088,SAFE_FINAL_01
0.6219945532704526,0.6128145898876325,0.6311745166532727,0.28335316000664595,0.6896281288804653,0.007468553459119497,0.053264492516828965,edge_iiotset,E3_clean_noports,Uploading,WebApplication,near,2,13,mlp:energy,attacks_only,15301,5088,SAFE_FINAL_01
0.9267218238023386,0.9217254385610768,0.9317182090436004,0.5331390984573862,0.20563552209958802,0.34846698113207547,0.04921757116457284,edge_iiotset,E3_clean_noports,Uploading,WebApplication,near,2,13,mlp:mahalanobis,with_normal,58983,5088,SAFE_FINAL_01
0.7787327327642087,0.7706829880330603,0.7867824774953571,0.5692901767691212,0.5527743284752631,0.330188679245283,0.05424482059996079,edge_iiotset,E3_clean_noports,Uploading,WebApplication,near,2,13,mlp:mahalanobis,attacks_only,15301,5088,SAFE_FINAL_01
0.8719548725770787,0.8656230168143578,0.8782867283397996,0.23017796295632936,0.1518403607819202,0.0,0.04918366308936473,edge_iiotset,E3_clean_noports,Uploading,WebApplication,near,2,13,edl:vacuity,with_normal,58983,5088,SAFE_FINAL_01
0.7252109876178604,0.7166065057564437,0.7338154694792771,0.33854527635192444,0.36402849486961636,0.0,0.04875498333442259,edge_iiotset,E3_clean_noports,Uploading,WebApplication,near,2,13,edl:vacuity,attacks_only,15301,5088,SAFE_FINAL_01
0.9291772469457942,0.9242563766707066,0.9340981172208818,0.5708196961299409,0.19441194920570334,0.36595911949685533,0.049098892901344456,edge_iiotset,E3_clean_noports,Uploading,WebApplication,near,2,13,fusion_rank,with_normal,58983,5088,SAFE_FINAL_01
0.7890001280386574,0.78108042459644,0.7969198314808748,0.6059473525483015,0.5335598980458793,0.3339229559748428,0.05450624142212927,edge_iiotset,E3_clean_noports,Uploading,WebApplication,near,2,13,fusion_rank,attacks_only,15301,5088,SAFE_FINAL_01
0.9563260925730973,0.952385332119584,0.9602668530266106,0.6539119324499636,0.1089635996812641,0.5534591194968553,0.0512859637522676,edge_iiotset,E3_clean_noports,Uploading,WebApplication,near,2,13,fusion_z,with_normal,58983,5088,SAFE_FINAL_01
0.8805932007362531,0.87426918728116,0.8869172141913463,0.7159282741188021,0.3120057512580877,0.35750786163522014,0.05117312593948108,edge_iiotset,E3_clean_noports,Uploading,WebApplication,near,2,13,fusion_z,attacks_only,15301,5088,SAFE_FINAL_01
0.9941582433605703,0.9928759818875477,0.995440504833593,0.9355779329657585,0.011509736384408144,1.0,0.049534495106230605,edge_iiotset,E3_clean_noports,Vulnerability_scanner,Reconnaissance,near,2,42,rf:maxprob,with_normal,58646,6774,SAFE_FINAL_01
0.9910803199601097,0.9894942374230324,0.992666402497187,0.9734003456874216,0.01937984496124031,1.0,0.05279337075648222,edge_iiotset,E3_clean_noports,Vulnerability_scanner,Reconnaissance,near,2,42,rf:maxprob,attacks_only,14964,6774,SAFE_FINAL_01
0.8706406506877912,0.8651114032059778,0.8761698981696046,0.2797295885657955,0.14522729597926542,0.07587835842928846,0.051802339460491766,edge_iiotset,E3_clean_noports,Vulnerability_scanner,Reconnaissance,near,2,42,mlp:maxprob,with_normal,58646,6774,SAFE_FINAL_01
0.713778988280662,0.7060376143722469,0.7215203621890771,0.3992902290025662,0.33413525795241916,0.04886330085621494,0.05219192729216787,edge_iiotset,E3_clean_noports,Vulnerability_scanner,Reconnaissance,near,2,42,mlp:maxprob,attacks_only,14964,6774,SAFE_FINAL_01
0.8675699176115879,0.8619888138685914,0.8731510213545843,0.2748802852205235,0.14522729597926542,0.012547977561263655,0.051393104389046144,edge_iiotset,E3_clean_noports,Vulnerability_scanner,Reconnaissance,near,2,42,mlp:entropy,with_normal,58646,6774,SAFE_FINAL_01
0.7126537456256595,0.7049038534957249,0.7204036377555941,0.39610782691488605,0.3338679497460572,0.012547977561263655,0.049585672280139,edge_iiotset,E3_clean_noports,Vulnerability_scanner,Reconnaissance,near,2,42,mlp:entropy,attacks_only,14964,6774,SAFE_FINAL_01
0.8536670788619565,0.8478644632095309,0.859469694514382,0.3122378672819641,0.3824472257272448,0.052996752288160615,0.0487842308085803,edge_iiotset,E3_clean_noports,Vulnerability_scanner,Reconnaissance,near,2,42,mlp:energy,with_normal,58646,6774,SAFE_FINAL_01
0.7565498994654388,0.7491846041978732,0.7639151947330044,0.49100895500002606,0.44446672012830796,0.06037791555949218,0.04971932638331997,edge_iiotset,E3_clean_noports,Vulnerability_scanner,Reconnaissance,near,2,42,mlp:energy,attacks_only,14964,6774,SAFE_FINAL_01
0.9995344402314363,0.9991712103544907,0.9998976701083819,0.9960805850209288,0.0008525730655117144,1.0,0.050046038945537635,edge_iiotset,E3_clean_noports,Vulnerability_scanner,Reconnaissance,near,2,42,mlp:mahalanobis,with_normal,58646,6774,SAFE_FINAL_01
0.9985396109012186,0.997896363756235,0.9991828580462021,0.9969580898284341,0.0026062550120288693,0.9890758783584293,0.05426356589147287,edge_iiotset,E3_clean_noports,Vulnerability_scanner,Reconnaissance,near,2,42,mlp:mahalanobis,attacks_only,14964,6774,SAFE_FINAL_01
0.8939240397522676,0.8888271876859644,0.8990208918185709,0.32404381809035737,0.16120451522695495,0.15589016829052257,0.051614773386079185,edge_iiotset,E3_clean_noports,Vulnerability_scanner,Reconnaissance,near,2,42,edl:vacuity,with_normal,58646,6774,SAFE_FINAL_01
0.7042721150976889,0.6964608899425591,0.7120833402528188,0.4008589467763614,0.3980219192729217,0.00354295837023915,0.05072173215717723,edge_iiotset,E3_clean_noports,Vulnerability_scanner,Reconnaissance,near,2,42,edl:vacuity,attacks_only,14964,6774,SAFE_FINAL_01
0.9999462705282453,0.9998228425375781,1.0,0.9994262301168706,0.00020461753572281145,1.0,0.04924462026395662,edge_iiotset,E3_clean_noports,Vulnerability_scanner,Reconnaissance,near,2,42,fusion_rank,with_normal,58646,6774,SAFE_FINAL_01
0.9997897522699297,0.9995455939791605,1.0,0.9994269329744303,0.0008019246190858059,1.0,0.05252606255012029,edge_iiotset,E3_clean_noports,Vulnerability_scanner,Reconnaissance,near,2,42,fusion_rank,attacks_only,14964,6774,SAFE_FINAL_01
0.9998837812269422,0.9997022596337213,1.0,0.9989071001602225,0.00023872045834328001,1.0,0.053285816594482144,edge_iiotset,E3_clean_noports,Vulnerability_scanner,Reconnaissance,near,2,42,fusion_z,with_normal,58646,6774,SAFE_FINAL_01
0.9995824937038145,0.9992384524541985,0.9999265349534304,0.9989949318701725,0.0006682705159048383,1.0,0.048583266506281746,edge_iiotset,E3_clean_noports,Vulnerability_scanner,Reconnaissance,near,2,42,fusion_z,attacks_only,14964,6774,SAFE_FINAL_01
0.9914728836304673,0.989926356938506,0.9930194103224286,0.8339369466971922,0.011288067387375098,1.0,0.04735190805852062,edge_iiotset,E3_clean_noports,Vulnerability_scanner,Reconnaissance,near,2,7,rf:maxprob,with_normal,58646,6774,SAFE_FINAL_01
0.9866891147947081,0.9847542483613494,0.9886239812280668,0.9199181857627897,0.020181769580326116,1.0,0.04971932638331997,edge_iiotset,E3_clean_noports,Vulnerability_scanner,Reconnaissance,near,2,7,rf:maxprob,attacks_only,14964,6774,SAFE_FINAL_01
0.8754245056191337,0.8699782985558827,0.8808707126823846,0.2938040489286321,0.23556593800088668,0.0798641865958075,0.05115438393070286,edge_iiotset,E3_clean_noports,Vulnerability_scanner,Reconnaissance,near,2,7,mlp:maxprob,with_normal,58646,6774,SAFE_FINAL_01
0.7270788145658427,0.7194433187836858,0.7347143103479995,0.4064180905064076,0.37877572841486234,0.01948627103631532,0.053795776530339484,edge_iiotset,E3_clean_noports,Vulnerability_scanner,Reconnaissance,near,2,7,mlp:maxprob,attacks_only,14964,6774,SAFE_FINAL_01
0.8693289014536394,0.8637773663128784,0.8748804365944004,0.28416498813063173,0.2363673566824677,0.11691762621789194,0.049653855335402244,edge_iiotset,E3_clean_noports,Vulnerability_scanner,Reconnaissance,near,2,7,mlp:entropy,with_normal,58646,6774,SAFE_FINAL_01
0.740837497248588,0.7333218792602957,0.7483531152368804,0.42368729969359653,0.37951082598235764,0.0010333628579864186,0.050320769847634325,edge_iiotset,E3_clean_noports,Vulnerability_scanner,Reconnaissance,near,2,7,mlp:entropy,attacks_only,14964,6774,SAFE_FINAL_01
0.521424015813768,0.5140896782686734,0.5287583533588626,0.10716310595828292,0.9957371346724414,0.0010333628579864186,0.05250144937421137,edge_iiotset,E3_clean_noports,Vulnerability_scanner,Reconnaissance,near,2,7,mlp:energy,with_normal,58646,6774,SAFE_FINAL_01
0.4558512963343104,0.4476971280266241,0.46400546464199666,0.2727967563529575,0.9865677626303128,0.0010333628579864186,0.04871692060946271,edge_iiotset,E3_clean_noports,Vulnerability_scanner,Reconnaissance,near,2,7,mlp:energy,attacks_only,14964,6774,SAFE_FINAL_01
0.9998408479933864,0.9996284333867568,1.0,0.9982526030934834,0.0006479555297889029,1.0,0.04938103195443849,edge_iiotset,E3_clean_noports,Vulnerability_scanner,Reconnaissance,near,2,7,mlp:mahalanobis,with_normal,58646,6774,SAFE_FINAL_01
0.999696052338426,0.9994024948915063,0.9999896097853456,0.9992824983357358,0.0016706762897620957,1.0,0.04891740176423416,edge_iiotset,E3_clean_noports,Vulnerability_scanner,Reconnaissance,near,2,7,mlp:mahalanobis,attacks_only,14964,6774,SAFE_FINAL_01
0.8796159393193921,0.8742448345070694,0.8849870441317148,0.33943978790740637,0.1481601473246257,0.15839976380277532,0.050881560549739115,edge_iiotset,E3_clean_noports,Vulnerability_scanner,Reconnaissance,near,2,7,edl:vacuity,with_normal,58646,6774,SAFE_FINAL_01
0.7207236349622719,0.7130363424726642,0.7284109274518795,0.4509051582532855,0.35478481689387864,0.11411278417478594,0.05272654370489174,edge_iiotset,E3_clean_noports,Vulnerability_scanner,Reconnaissance,near,2,7,edl:vacuity,attacks_only,14964,6774,SAFE_FINAL_01
0.9999882698834212,0.999930597206261,1.0,0.9998538107641471,1.7051461310234288e-05,1.0,0.04873307642464959,edge_iiotset,E3_clean_noports,Vulnerability_scanner,Reconnaissance,near,2,7,fusion_rank,with_normal,58646,6774,SAFE_FINAL_01
0.9999540280395023,0.9998398523711355,1.0,0.999853810764147,6.682705159048383e-05,1.0,0.04778134188719594,edge_iiotset,E3_clean_noports,Vulnerability_scanner,Reconnaissance,near,2,7,fusion_rank,attacks_only,14964,6774,SAFE_FINAL_01
0.9999770331365524,0.9998963344074451,1.0,0.999780239159372,8.525730655117144e-05,1.0,0.05146131023428708,edge_iiotset,E3_clean_noports,Vulnerability_scanner,Reconnaissance,near,2,7,fusion_z,with_normal,58646,6774,SAFE_FINAL_01
0.9999178818456689,0.999765286260139,1.0,0.9997987495872896,0.0002673082063619353,1.0,0.04063084736701417,edge_iiotset,E3_clean_noports,Vulnerability_scanner,Reconnaissance,near,2,7,fusion_z,attacks_only,14964,6774,SAFE_FINAL_01
0.9919019705397669,0.9903944410239633,0.9934095000555705,0.8451899444819474,0.010196773863520104,1.0,0.051495413156907546,edge_iiotset,E3_clean_noports,Vulnerability_scanner,Reconnaissance,near,2,13,rf:maxprob,with_normal,58646,6774,SAFE_FINAL_01
0.9883143025201238,0.9865004586187056,0.9901281464215419,0.934761994579642,0.016706762897620957,1.0,0.04898422881582465,edge_iiotset,E3_clean_noports,Vulnerability_scanner,Reconnaissance,near,2,13,rf:maxprob,attacks_only,14964,6774,SAFE_FINAL_01
0.8621051948598409,0.8564344936463716,0.8677758960733103,0.270058705609021,0.23152474167036116,0.09285503395335105,0.05164887630869965,edge_iiotset,E3_clean_noports,Vulnerability_scanner,Reconnaissance,near,2,13,mlp:maxprob,with_normal,58646,6774,SAFE_FINAL_01
0.6987003628115015,0.6908504064566553,0.7065503191663477,0.38678801609319857,0.4838946805666934,0.020814880425155006,0.05232558139534884,edge_iiotset,E3_clean_noports,Vulnerability_scanner,Reconnaissance,near,2,13,mlp:maxprob,attacks_only,14964,6774,SAFE_FINAL_01
0.8598207685006519,0.8541136003981438,0.8655279366031601,0.26714671191146677,0.2268696927326672,0.08311189843519338,0.05198990553490434,edge_iiotset,E3_clean_noports,Vulnerability_scanner,Reconnaissance,near,2,13,mlp:entropy,with_normal,58646,6774,SAFE_FINAL_01
0.6964401207914248,0.6885749114091128,0.7043053301737369,0.3850680146883049,0.48917401764234164,0.02494833185710068,0.05219192729216787,edge_iiotset,E3_clean_noports,Vulnerability_scanner,Reconnaissance,near,2,13,mlp:entropy,attacks_only,14964,6774,SAFE_FINAL_01
0.8530028509419048,0.8471901696448892,0.8588155322389203,0.47447688281148004,0.7286941990928623,0.29893711248892824,0.04886948811513147,edge_iiotset,E3_clean_noports,Vulnerability_scanner,Reconnaissance,near,2,13,mlp:energy,with_normal,58646,6774,SAFE_FINAL_01
0.7334686161855869,0.7258874610006382,0.7410497713705356,0.5884117464651787,0.663124832932371,0.298641865958075,0.05065490510558674,edge_iiotset,E3_clean_noports,Vulnerability_scanner,Reconnaissance,near,2,13,mlp:energy,attacks_only,14964,6774,SAFE_FINAL_01
0.9997690274598605,0.9995131460727258,1.0,0.9973047324615469,0.0005968011458582001,1.0,0.049449237799679434,edge_iiotset,E3_clean_noports,Vulnerability_scanner,Reconnaissance,near,2,13,mlp:mahalanobis,with_normal,58646,6774,SAFE_FINAL_01
0.9993619565413838,0.9989366759510749,0.9997872371316927,0.9981194566787018,0.0016706762897620957,1.0,0.052592889601710775,edge_iiotset,E3_clean_noports,Vulnerability_scanner,Reconnaissance,near,2,13,mlp:mahalanobis,attacks_only,14964,6774,SAFE_FINAL_01
0.8961705836244492,0.8911195021625826,0.9012216650863158,0.4653259639410635,0.15076902090509156,0.19501033362857986,0.05217747160931692,edge_iiotset,E3_clean_noports,Vulnerability_scanner,Reconnaissance,near,2,13,edl:vacuity,with_normal,58646,6774,SAFE_FINAL_01
0.7629752405675204,0.7556757020970862,0.7702747790379546,0.5650638206348222,0.3630713712910986,0.19161499852376734,0.05098904036353916,edge_iiotset,E3_clean_noports,Vulnerability_scanner,Reconnaissance,near,2,13,edl:vacuity,attacks_only,14964,6774,SAFE_FINAL_01
0.9999998162449549,0.999992597831313,1.0,0.99999838529182,0.0,1.0,0.04854551035023701,edge_iiotset,E3_clean_noports,Vulnerability_scanner,Reconnaissance,near,2,13,fusion_rank,with_normal,58646,6774,SAFE_FINAL_01
0.999999279838387,0.9999849893234131,1.0,0.99999838529182,0.0,1.0,0.04310344827586207,edge_iiotset,E3_clean_noports,Vulnerability_scanner,Reconnaissance,near,2,13,fusion_rank,attacks_only,14964,6774,SAFE_FINAL_01
0.9999775718157258,0.9998978250538718,1.0,0.9997705020532095,0.00011936022917164001,1.0,0.049551546567540836,edge_iiotset,E3_clean_noports,Vulnerability_scanner,Reconnaissance,near,2,13,fusion_z,with_normal,58646,6774,SAFE_FINAL_01
0.9999495196305007,0.9998298765103756,1.0,0.9998632074921423,0.0002673082063619353,1.0,0.046377973803795776,edge_iiotset,E3_clean_noports,Vulnerability_scanner,Reconnaissance,near,2,13,fusion_z,attacks_only,14964,6774,SAFE_FINAL_01
0.7107807643918249,0.6983102589804658,0.723251269803184,0.10976839100648458,1.0,0.30729893072989306,0.04572771529293269,edge_iiotset,E3_clean_noports,XSS,WebApplication,near,2,42,rf:maxprob,with_normal,59570,2151,SAFE_FINAL_01
0.6668402141349278,0.6537189200658547,0.6799615082040008,0.20561568430234636,1.0,0.17619711761971177,0.05173716012084592,edge_iiotset,E3_clean_noports,XSS,WebApplication,near,2,42,rf:maxprob,attacks_only,15888,2151,SAFE_FINAL_01
0.7293530100697646,0.7170485996239793,0.74165742051555,0.057794284037217876,0.33570589222763136,0.0018596001859600185,0.05073023333892899,edge_iiotset,E3_clean_noports,XSS,WebApplication,near,2,42,mlp:maxprob,with_normal,59570,2151,SAFE_FINAL_01
0.6983003672148556,0.6853959347233968,0.7112047997063143,0.1671640993012012,0.422079556898288,0.0009298000929800093,0.050981873111782476,edge_iiotset,E3_clean_noports,XSS,WebApplication,near,2,42,mlp:maxprob,attacks_only,15888,2151,SAFE_FINAL_01
0.7269906435451279,0.7146632894260417,0.739317997664214,0.057230337138595835,0.343897935202283,0.001394700139470014,0.04979016283364109,edge_iiotset,E3_clean_noports,XSS,WebApplication,near,2,42,mlp:entropy,with_normal,59570,2151,SAFE_FINAL_01
0.6935697429659874,0.6806272438872574,0.7065122420447174,0.16472909512671255,0.42497482376636453,0.0,0.050730110775427995,edge_iiotset,E3_clean_noports,XSS,WebApplication,near,2,42,mlp:entropy,attacks_only,15888,2151,SAFE_FINAL_01
0.4194840413323222,0.407895464228482,0.4310726184361624,0.028119899796362504,0.9366291757596106,0.0023245002324500234,0.04901796206144032,edge_iiotset,E3_clean_noports,XSS,WebApplication,near,2,42,mlp:energy,with_normal,59570,2151,SAFE_FINAL_01
0.533572188607093,0.5203890435427025,0.5467553336714834,0.11498583183071001,0.7784491440080564,0.0023245002324500234,0.05123363544813696,edge_iiotset,E3_clean_noports,XSS,WebApplication,near,2,42,mlp:energy,attacks_only,15888,2151,SAFE_FINAL_01
0.9454315551550407,0.9387270690464917,0.9521360412635897,0.4101267495159898,0.16887695148564713,0.5443979544397954,0.04893402719489676,edge_iiotset,E3_clean_noports,XSS,WebApplication,near,2,42,mlp:mahalanobis,with_normal,59570,2151,SAFE_FINAL_01
0.8262152097457657,0.8152078235926914,0.83722259589884,0.4395348139702784,0.5013846928499497,0.31566713156671317,0.05154833836858006,edge_iiotset,E3_clean_noports,XSS,WebApplication,near,2,42,mlp:mahalanobis,attacks_only,15888,2151,SAFE_FINAL_01
0.8308532121611985,0.8201194019533581,0.8415870223690388,0.0966367421663383,0.17552459291589725,0.0,0.051049185831794526,edge_iiotset,E3_clean_noports,XSS,WebApplication,near,2,42,edl:vacuity,with_normal,59570,2151,SAFE_FINAL_01
0.6451976509906865,0.6319750033631428,0.6584202986182301,0.14858490694676216,0.42591893252769386,0.0,0.04846424974823766,edge_iiotset,E3_clean_noports,XSS,WebApplication,near,2,42,edl:vacuity,attacks_only,15888,2151,SAFE_FINAL_01
0.9430950012358053,0.9362607488647527,0.9499292536068578,0.4810903782253002,0.18009064965586705,0.5629939562993956,0.04975658888702367,edge_iiotset,E3_clean_noports,XSS,WebApplication,near,2,42,fusion_rank,with_normal,59570,2151,SAFE_FINAL_01
0.8260599797138782,0.8150490778792402,0.8370708815485163,0.5081408877810281,0.5157351460221551,0.40585774058577406,0.04229607250755287,edge_iiotset,E3_clean_noports,XSS,WebApplication,near,2,42,fusion_rank,attacks_only,15888,2151,SAFE_FINAL_01
0.9310459462815293,0.9235927853927964,0.9384991071702621,0.4443695238266677,0.18724190028537854,0.4839609483960948,0.04979016283364109,edge_iiotset,E3_clean_noports,XSS,WebApplication,near,2,42,fusion_z,with_normal,59570,2151,SAFE_FINAL_01
0.8082094038792234,0.7968175269070118,0.8196012808514349,0.4801491047779167,0.5198262839879154,0.3923756392375639,0.04600956696878147,edge_iiotset,E3_clean_noports,XSS,WebApplication,near,2,42,fusion_z,attacks_only,15888,2151,SAFE_FINAL_01
0.6918002073905294,0.6791926080460058,0.704407806735053,0.10563148127725108,1.0,0.34542073454207345,0.04913547087460131,edge_iiotset,E3_clean_noports,XSS,WebApplication,near,2,7,rf:maxprob,with_normal,59570,2151,SAFE_FINAL_01
0.6471774849562932,0.6339625461213004,0.660392423791286,0.20198419117801988,1.0,0.1585309158530916,0.05305891238670695,edge_iiotset,E3_clean_noports,XSS,WebApplication,near,2,7,rf:maxprob,attacks_only,15888,2151,SAFE_FINAL_01
0.8398246202230193,0.8292954049646709,0.8503538354813677,0.09862470156181541,0.41044149739801916,0.06183170618317062,0.04985731072687594,edge_iiotset,E3_clean_noports,XSS,WebApplication,near,2,7,mlp:maxprob,with_normal,59570,2151,SAFE_FINAL_01
0.7498547772576328,0.7375001386434311,0.7622094158718346,0.1973923217722602,0.4399546827794562,0.04230590423059042,0.05123363544813696,edge_iiotset,E3_clean_noports,XSS,WebApplication,near,2,7,mlp:maxprob,attacks_only,15888,2151,SAFE_FINAL_01
0.8337775910997668,0.8231090540689958,0.8444461281305378,0.09418459307447147,0.4113479939566896,0.0,0.04957193218062783,edge_iiotset,E3_clean_noports,XSS,WebApplication,near,2,7,mlp:entropy,with_normal,59570,2151,SAFE_FINAL_01
0.7480305537179597,0.7356520022361613,0.760409105199758,0.19258552555672998,0.44077291037260824,0.0,0.04814954682779456,edge_iiotset,E3_clean_noports,XSS,WebApplication,near,2,7,mlp:entropy,attacks_only,15888,2151,SAFE_FINAL_01
0.7657215350957391,0.7538414375170038,0.7776016326744745,0.07351860912071206,0.803793855967769,0.0,0.0511499076716468,edge_iiotset,E3_clean_noports,XSS,WebApplication,near,2,7,mlp:energy,with_normal,59570,2151,SAFE_FINAL_01
0.7265057225309851,0.713870456445773,0.7391409886161973,0.18624589219403953,0.4839501510574018,0.043235704323570434,0.048590130916414905,edge_iiotset,E3_clean_noports,XSS,WebApplication,near,2,7,mlp:energy,attacks_only,15888,2151,SAFE_FINAL_01
0.9368653211021776,0.9297012273917821,0.9440294148125731,0.39216555850941415,0.1496558670471714,0.5392840539284054,0.04864864864864865,edge_iiotset,E3_clean_noports,XSS,WebApplication,near,2,7,mlp:mahalanobis,with_normal,59570,2151,SAFE_FINAL_01
0.8045254338481879,0.7930604479108262,0.8159904197855495,0.42426153408985845,0.44750755287009064,0.31427243142724315,0.05180010070493454,edge_iiotset,E3_clean_noports,XSS,WebApplication,near,2,7,mlp:mahalanobis,attacks_only,15888,2151,SAFE_FINAL_01
0.8297138558553876,0.818954977666693,0.8404727340440822,0.09279559308279134,0.18683901292596944,0.0,0.05062951149907672,edge_iiotset,E3_clean_noports,XSS,WebApplication,near,2,7,edl:vacuity,with_normal,59570,2151,SAFE_FINAL_01
0.622913567918245,0.6096252787933245,0.6362018570431656,0.1394742545196161,0.46972557905337364,0.0,0.050730110775427995,edge_iiotset,E3_clean_noports,XSS,WebApplication,near,2,7,edl:vacuity,attacks_only,15888,2151,SAFE_FINAL_01
0.934200800764381,0.9269022104735786,0.9414993910551833,0.44664064444482204,0.16061776061776062,0.5439330543933054,0.049236192714453585,edge_iiotset,E3_clean_noports,XSS,WebApplication,near,2,7,fusion_rank,with_normal,59570,2151,SAFE_FINAL_01
0.8015368972861168,0.7900139278455546,0.813059866726679,0.47455953042344123,0.46670443101711984,0.3802882380288238,0.05022658610271903,edge_iiotset,E3_clean_noports,XSS,WebApplication,near,2,7,fusion_rank,attacks_only,15888,2151,SAFE_FINAL_01
0.9234452324410484,0.9156387589998752,0.9312517058822215,0.4168796745519813,0.1723350679872419,0.43700604370060436,0.050595937552459294,edge_iiotset,E3_clean_noports,XSS,WebApplication,near,2,7,fusion_z,with_normal,59570,2151,SAFE_FINAL_01
0.7871933058372813,0.7754079701675853,0.7989786415069773,0.4546233914819904,0.48124370594159116,0.36401673640167365,0.04550604229607251,edge_iiotset,E3_clean_noports,XSS,WebApplication,near,2,7,fusion_z,attacks_only,15888,2151,SAFE_FINAL_01
0.7095300802504731,0.6970495450182645,0.7220106154826818,0.110974243051409,1.0,0.33379823337982334,0.04963908007386268,edge_iiotset,E3_clean_noports,XSS,WebApplication,near,2,13,rf:maxprob,with_normal,59570,2151,SAFE_FINAL_01
0.6629335819120641,0.6497911819990279,0.6760759818251003,0.20478886934547907,1.0,0.199442119944212,0.050352467270896276,edge_iiotset,E3_clean_noports,XSS,WebApplication,near,2,13,rf:maxprob,attacks_only,15888,2151,SAFE_FINAL_01
0.831494597848973,0.820774988388786,0.8422142073091599,0.09760394414283206,0.18168541212019473,0.00046490004649000463,0.04948799731408427,edge_iiotset,E3_clean_noports,XSS,WebApplication,near,2,13,mlp:maxprob,with_normal,59570,2151,SAFE_FINAL_01
0.670491777519344,0.6573913504401149,0.6835922045985731,0.1567671166093658,0.4167296072507553,0.0,0.049219536757301105,edge_iiotset,E3_clean_noports,XSS,WebApplication,near,2,13,mlp:maxprob,attacks_only,15888,2151,SAFE_FINAL_01
0.8304594674978522,0.8197169713278498,0.8412019636678545,0.09700359572108176,0.18314587879805272,0.0,0.05215712607016955,edge_iiotset,E3_clean_noports,XSS,WebApplication,near,2,13,mlp:entropy,with_normal,59570,2151,SAFE_FINAL_01
0.6686434282188244,0.655532300551671,0.6817545558859778,0.1559263963665008,0.4177366565961732,0.0,0.054632426988922456,edge_iiotset,E3_clean_noports,XSS,WebApplication,near,2,13,mlp:entropy,attacks_only,15888,2151,SAFE_FINAL_01
0.8309085053763969,0.820175916867198,0.8416410938855958,0.09324396025996384,0.20532147053886185,0.0,0.05200604331039114,edge_iiotset,E3_clean_noports,XSS,WebApplication,near,2,13,mlp:energy,with_normal,59570,2151,SAFE_FINAL_01
0.6853488862998685,0.6723448987896203,0.6983528738101166,0.16440125422982435,0.447948136958711,0.0,0.05324773413897281,edge_iiotset,E3_clean_noports,XSS,WebApplication,near,2,13,mlp:energy,attacks_only,15888,2151,SAFE_FINAL_01
0.9366146169038656,0.9294377082690866,0.9437915255386446,0.3735510423814512,0.1700352526439483,0.5485820548582054,0.04985731072687594,edge_iiotset,E3_clean_noports,XSS,WebApplication,near,2,13,mlp:mahalanobis,with_normal,59570,2151,SAFE_FINAL_01
0.8098636498024527,0.7985051969647761,0.8212221026401294,0.405077863134816,0.4838872104733132,0.3193863319386332,0.04846424974823766,edge_iiotset,E3_clean_noports,XSS,WebApplication,near,2,13,mlp:mahalanobis,attacks_only,15888,2151,SAFE_FINAL_01
0.8243338689400177,0.8134593135765493,0.8352084243034861,0.09259914101657415,0.19132113479939566,0.0,0.05126741648480779,edge_iiotset,E3_clean_noports,XSS,WebApplication,near,2,13,edl:vacuity,with_normal,59570,2151,SAFE_FINAL_01
0.6112895451798106,0.597982105801322,0.6245969845582992,0.13641364159321626,0.49578298086606243,0.0,0.04808660624370594,edge_iiotset,E3_clean_noports,XSS,WebApplication,near,2,13,edl:vacuity,attacks_only,15888,2151,SAFE_FINAL_01
0.9345020531849711,0.9272184835101804,0.9417856228597619,0.44313690294056907,0.17737115997985564,0.5499767549976755,0.049907671646802085,edge_iiotset,E3_clean_noports,XSS,WebApplication,near,2,13,fusion_rank,with_normal,59570,2151,SAFE_FINAL_01
0.8091795988937907,0.7978072796438851,0.8205519181436962,0.4784762125860167,0.49641238670694865,0.34402603440260343,0.04745720040281974,edge_iiotset,E3_clean_noports,XSS,WebApplication,near,2,13,fusion_rank,attacks_only,15888,2151,SAFE_FINAL_01
0.9260362248992411,0.9183473146591126,0.9337251351393696,0.42284197524242834,0.1874433439650831,0.4783821478382148,0.05109954675172067,edge_iiotset,E3_clean_noports,XSS,WebApplication,near,2,13,fusion_z,with_normal,59570,2151,SAFE_FINAL_01
0.797846358142516,0.7862533926431532,0.8094393236418789,0.4617214301673386,0.5100704934541792,0.38400743840074386,0.04953423967774421,edge_iiotset,E3_clean_noports,XSS,WebApplication,near,2,13,fusion_z,attacks_only,15888,2151,SAFE_FINAL_01
