dataset,condition,method,family,group,near_far,n_siblings,AUROC,AUPR,FPR95,DetRate,KnownFPR,AUROC_seed_sd,n_seeds,n_unknown,n_known,proximity_dist
ciciot2023,attacks_only,edl:vacuity,Backdoor_Malware,Malware_C2,far,0,0.928911556453301,0.10166806415217433,0.14257891295577532,0.36945169712793735,0.0498414089562205,0.006157261724044713,3,1532,95844,0.053293061094779666
ciciot2023,attacks_only,edl:vacuity,BrowserHijacking,WebApplication,near,4,0.8977614507965104,0.14745314896869866,0.3839512372025553,0.35364396654719227,0.05069461879655197,0.007191774068295441,3,2790,95592,0.20521968517845904
ciciot2023,attacks_only,edl:vacuity,CommandInjection,WebApplication,near,4,0.8391431790537207,0.10593957439914564,0.5409351527509106,0.25605177993527506,0.05023265540858466,0.01026094454852517,3,2575,95635,0.16142002046978618
ciciot2023,attacks_only,edl:vacuity,DDoS-ACK_Fragmentation,DDoS,near,11,0.42248706274502784,0.15784611083227207,0.6858141281118235,0.034539416185981435,0.049085224975451903,0.03503891428391932,3,19070,92336,0.3819470956609756
ciciot2023,attacks_only,edl:vacuity,DDoS-HTTP_Flood,DDoS,near,11,0.4473924118364671,0.1223060155174615,0.7227033797599803,0.035504973128085364,0.0512655811181649,0.013720403163607816,3,13707,93409,0.36069251935659813
ciciot2023,attacks_only,edl:vacuity,DDoS-ICMP_Flood,DDoS,near,11,0.5380973203992313,0.23173966435740323,0.584235443549551,0.08209258376163474,0.04955832683813973,0.15343389156224305,3,18873,92376,0.8963600003329604
ciciot2023,attacks_only,edl:vacuity,DDoS-ICMP_Fragmentation,DDoS,near,11,0.18066722572176266,0.10669015584193077,0.958698391038623,0.0105953317597692,0.050041334098645834,0.029158156937415834,3,19065,92337,0.8081019121169684
ciciot2023,attacks_only,edl:vacuity,DDoS-PSHACK_Flood,DDoS,near,11,0.311742982066698,0.12705053513471595,0.7184634931635409,0.009731208247856468,0.0495950101788885,0.010264017491854478,3,19011,92348,1.2386270935499277
ciciot2023,attacks_only,edl:vacuity,DDoS-RSTFINFlood,DDoS,near,11,0.9438088840059754,0.8282559220348009,0.23264125808233418,0.7534167670314709,0.0508965930546981,0.04514867850157747,3,19097,92331,2.0793605081370066
ciciot2023,attacks_only,edl:vacuity,DDoS-SYN_Flood,DDoS,near,11,0.6618847773797119,0.2133229014985111,0.47025910925328307,0.0009802377076440667,0.048378130572581564,0.035864454375745175,3,19043,92342,0.12781385589438585
ciciot2023,attacks_only,edl:vacuity,DDoS-SlowLoris,DDoS,near,11,0.6351568165528735,0.2587261342421654,0.6186044860874503,0.1944469350548432,0.049630891538898304,0.04131959867817515,3,11153,93920,0.34481524167422145
ciciot2023,attacks_only,edl:vacuity,DDoS-SynonymousIP_Flood,DDoS,near,11,0.5509730171958961,0.16739432842633847,0.5889990071306075,0.0008191292830004001,0.04960375485152083,0.01643031673650513,3,19126,92325,0.0658598981072422
ciciot2023,attacks_only,edl:vacuity,DDoS-TCP_Flood,DDoS,near,11,0.1733396951048197,0.10509339078501796,0.8834732376568283,0.0003834222175746333,0.05010921563317986,0.017044758977522823,3,19126,92325,0.09589389407954707
ciciot2023,attacks_only,edl:vacuity,DDoS-UDP_Flood,DDoS,near,11,0.14137193261232608,0.10205229796226813,0.8938281498166276,0.0010859474891842334,0.050012272950417234,0.023411231898386554,3,19031,92344,0.1681116320446224
ciciot2023,attacks_only,edl:vacuity,DDoS-UDP_Fragmentation,DDoS,near,11,0.6644977263568429,0.4501851599904625,0.623141342743434,0.32184823387838885,0.050153527524905296,0.038127976336492786,3,18836,92383,0.3869676421257309
ciciot2023,attacks_only,edl:vacuity,DNS_Spoofing,MITM_Spoofing,near,1,0.7294206260724979,0.3560596000068316,0.605346473890363,0.2129678163329489,0.05004241800689513,0.009664125765802336,3,19078,92335,0.1642927383978995
ciciot2023,attacks_only,edl:vacuity,DictionaryBruteForce,CredentialAttack,far,0,0.9170159881671376,0.3165830504382215,0.29559072485757837,0.40053590568060016,0.050341039203703274,0.0024697704251796476,3,6220,94906,0.2707438242152502
ciciot2023,attacks_only,edl:vacuity,DoS-HTTP_Flood,DoS,near,3,0.40150618805937016,0.15025406837474306,0.7232948208465529,0.030125978173141,0.0493984905415209,0.009180296163998592,3,18998,92351,0.40205664835436195
ciciot2023,attacks_only,edl:vacuity,DoS-SYN_Flood,DoS,near,3,0.5395687032612941,0.18718955074822474,0.5995227471281795,0.037136019843141334,0.049104338596833164,0.010063061291359,3,19083,92334,0.06565864525062849
ciciot2023,attacks_only,edl:vacuity,DoS-TCP_Flood,DoS,near,3,0.22058952602279322,0.11300534761905656,0.8886470055199952,0.0079240409117883,0.049701617008372036,0.03010473450710788,3,19098,92331,0.09526004087724023
ciciot2023,attacks_only,edl:vacuity,DoS-UDP_Flood,DoS,near,3,0.35661551236883593,0.20050899904614947,0.8580242902117089,0.10779696493982203,0.0491111399936458,0.030233629420753652,3,19110,92328,0.167007392125104
ciciot2023,attacks_only,edl:vacuity,MITM-ArpSpoofing,MITM_Spoofing,near,1,0.6910783078189864,0.287500381009568,0.5670960030909334,0.130404572063856,0.049010792990514106,0.0049899417068662594,3,19189,92313,0.24789559184656731
ciciot2023,attacks_only,edl:vacuity,Mirai-greeth_flood,Mirai,near,2,0.046123039183638165,0.09259101074442881,0.9987367585223684,0.0028803765565448996,0.04947936404814746,0.01075678717624124,3,18979,92355,0.0379744548264496
ciciot2023,attacks_only,edl:vacuity,Mirai-greip_flood,Mirai,near,2,0.07399857939661764,0.0950552272598541,0.993482531016653,0.0047288721987516665,0.049987723327122736,0.010041636224195169,3,19173,92316,0.0376406194312063
ciciot2023,attacks_only,edl:vacuity,Mirai-udpplain,Mirai,near,2,0.9030289549208135,0.8254438901309465,0.5195203649961738,0.757486499754541,0.05045768903134517,0.08560467793739403,3,19012,92348,0.6903346047482944
ciciot2023,attacks_only,edl:vacuity,Recon-HostDiscovery,Reconnaissance,near,4,0.796026593007639,0.3878592124876486,0.4356206213251616,0.2370448363604457,0.04962588385615743,0.018008308411116444,3,18995,92351,0.22934768431425925
ciciot2023,attacks_only,edl:vacuity,Recon-OSScan,Reconnaissance,near,4,0.7635062670342373,0.34472345585882186,0.522299223966793,0.16573703781659999,0.0502219815917704,0.010213661918984249,3,19004,92350,0.17159777578796295
ciciot2023,attacks_only,edl:vacuity,Recon-PingSweep,Reconnaissance,near,4,0.9101710531237807,0.06762361485809554,0.28632233630409476,0.35159393376663567,0.04965862302600713,0.005386720747247309,3,1077,95935,0.32648581270292837
ciciot2023,attacks_only,edl:vacuity,Recon-PortScan,Reconnaissance,near,4,0.7726455732984215,0.3794153749856716,0.517459801851551,0.22602799880557164,0.04977893274141443,0.00632718071597465,3,18977,92355,0.17063144220412732
ciciot2023,attacks_only,edl:vacuity,SqlInjection,WebApplication,near,4,0.9394242964672718,0.18283035686264074,0.1306102393074824,0.46415698838606323,0.05014061536209757,0.0043896961291729234,3,2497,95651,0.20030438255486502
ciciot2023,attacks_only,edl:vacuity,Uploading_Attack,WebApplication,near,4,0.9301814871162618,0.040237269298829134,0.12430361029250965,0.32606263982102907,0.04997691717605073,0.0013578551143209648,3,596,96031,0.0709259389723509
ciciot2023,attacks_only,edl:vacuity,VulnerabilityScan,Reconnaissance,near,4,0.7921345596734106,0.5655352882998873,0.6013579433566257,0.4266396973442708,0.04938204937124916,0.02543373454023283,3,17798,92591,0.32899368097107384
ciciot2023,attacks_only,edl:vacuity,XSS,WebApplication,near,4,0.9308376555165255,0.1172368329632648,0.12587001308499676,0.37411250682687053,0.05096536651911237,0.005348484919473365,3,1831,95784,0.053819968914113205
ciciot2023,attacks_only,fusion_rank,Backdoor_Malware,Malware_C2,far,0,0.8453460671004801,0.05893805426862777,0.3390961701654076,0.2114882506527415,0.04951448882211367,0.013453142566746247,3,1532,95844,0.053293061094779666
ciciot2023,attacks_only,fusion_rank,BrowserHijacking,WebApplication,near,4,0.8808417785994699,0.16922298563666824,0.3093808407956035,0.3475507765830346,0.0508306134404552,0.0033070618151219734,3,2790,95592,0.20521968517845904
ciciot2023,attacks_only,fusion_rank,CommandInjection,WebApplication,near,4,0.8333599095671701,0.12317945925354612,0.38112267126749266,0.3108090614886731,0.05059863020860556,0.003948257523759787,3,2575,95635,0.16142002046978618
ciciot2023,attacks_only,fusion_rank,DDoS-ACK_Fragmentation,DDoS,near,11,0.9950014109304212,0.9530848636896173,0.008645959683474834,0.9967313406747073,0.0491393750361,0.0019560142984364846,3,19070,92336,0.3819470956609756
ciciot2023,attacks_only,fusion_rank,DDoS-HTTP_Flood,DDoS,near,11,0.9434617759336371,0.5688419262705372,0.1602629296962819,0.5983317526324748,0.049463470686265,0.0015883111473680063,3,13707,93409,0.36069251935659813
ciciot2023,attacks_only,fusion_rank,DDoS-ICMP_Flood,DDoS,near,11,0.9947603457852193,0.9298874692041336,0.005943102104442666,0.9998233808438863,0.049727923558788634,0.0005507530408981533,3,18873,92376,0.8963600003329604
ciciot2023,attacks_only,fusion_rank,DDoS-ICMP_Fragmentation,DDoS,near,11,0.994898539549343,0.9565153751848419,0.019205013519318703,0.9898767374770522,0.050034114168751365,0.001492575869020406,3,19065,92337,0.8081019121169684
ciciot2023,attacks_only,fusion_rank,DDoS-PSHACK_Flood,DDoS,near,11,0.9964310090479306,0.9558040493495219,0.0056417031229696,0.9999123314572266,0.04984045855531966,0.00175222318158244,3,19011,92348,1.2386270935499277
ciciot2023,attacks_only,fusion_rank,DDoS-RSTFINFlood,DDoS,near,11,0.9906376723040582,0.917623073839982,0.020729765734152066,0.9998778167600495,0.04955720902694286,0.00460971484631331,3,19097,92331,2.0793605081370066
ciciot2023,attacks_only,fusion_rank,DDoS-SYN_Flood,DDoS,near,11,0.5843352865255178,0.17857856379657897,0.5419022041252446,0.022738013968387264,0.04916145054976784,0.020213616851696786,3,19043,92342,0.12781385589438585
ciciot2023,attacks_only,fusion_rank,DDoS-SlowLoris,DDoS,near,11,0.9831002890503991,0.8457293387810871,0.060913543441226535,0.9180788427627844,0.04833901192504253,0.00037947522983475685,3,11153,93920,0.34481524167422145
ciciot2023,attacks_only,fusion_rank,DDoS-SynonymousIP_Flood,DDoS,near,11,0.5569733025987716,0.17394812832958673,0.8541167975449048,0.014465474572135631,0.04977705569094679,0.012481368503123664,3,19126,92325,0.0658598981072422
ciciot2023,attacks_only,fusion_rank,DDoS-TCP_Flood,DDoS,near,11,0.6228640827937526,0.20509470577045197,0.5265673797274122,0.0282686744048241,0.049567650509973804,0.024962848059739202,3,19126,92325,0.09589389407954707
ciciot2023,attacks_only,fusion_rank,DDoS-UDP_Flood,DDoS,near,11,0.43281101214038475,0.14030971669935421,0.7012078027087124,0.0024521394917065,0.049405844812151635,0.0427971876896838,3,19031,92344,0.1681116320446224
ciciot2023,attacks_only,fusion_rank,DDoS-UDP_Fragmentation,DDoS,near,11,0.9976095742201427,0.9834238540945807,0.005325655153004267,0.9944432646704892,0.0492334448257074,0.00011948425243828058,3,18836,92383,0.3869676421257309
ciciot2023,attacks_only,fusion_rank,DNS_Spoofing,MITM_Spoofing,near,1,0.8951731426967154,0.5997424844473261,0.30383567083626645,0.39775308383128904,0.04969585386545363,0.00047412108847451974,3,19078,92335,0.1642927383978995
ciciot2023,attacks_only,fusion_rank,DictionaryBruteForce,CredentialAttack,far,0,0.8772584147626956,0.262959184139763,0.2978526120582471,0.31200428724544477,0.05103997639769873,0.0038523699688318962,3,6220,94906,0.2707438242152502
ciciot2023,attacks_only,fusion_rank,DoS-HTTP_Flood,DoS,near,3,0.9531192305755628,0.7447228814712278,0.1710972268843867,0.7069165175281609,0.04961144618538687,0.0006461995406569307,3,18998,92351,0.40205664835436195
ciciot2023,attacks_only,fusion_rank,DoS-SYN_Flood,DoS,near,3,0.6258799059944499,0.22893169710484984,0.7218178930116029,0.09540778004855976,0.047938282034064666,0.011830848829155267,3,19083,92334,0.06565864525062849
ciciot2023,attacks_only,fusion_rank,DoS-TCP_Flood,DoS,near,3,0.6841130853178576,0.30709327139144493,0.7067723733090728,0.14846231717108246,0.04969439660930056,0.02312429929046493,3,19098,92331,0.09526004087724023
ciciot2023,attacks_only,fusion_rank,DoS-UDP_Flood,DoS,near,3,0.5268327955756007,0.3973420589651117,0.9243602518557029,0.3064189778475493,0.04884036623054033,0.010124540974756622,3,19110,92328,0.167007392125104
ciciot2023,attacks_only,fusion_rank,MITM-ArpSpoofing,MITM_Spoofing,near,1,0.9275108950243647,0.7180895211342815,0.2731215177349524,0.6029843486719821,0.050707917628069664,0.003400910761194434,3,19189,92313,0.24789559184656731
ciciot2023,attacks_only,fusion_rank,Mirai-greeth_flood,Mirai,near,2,0.4037027785836525,0.13248736057194557,0.7958782235215563,0.0056553734829724,0.05056936098027537,0.040159823581355635,3,18979,92355,0.0379744548264496
ciciot2023,attacks_only,fusion_rank,Mirai-greip_flood,Mirai,near,2,0.43698948944505456,0.14096451848958494,0.7890542628941173,0.021384238251708067,0.0502188136401057,0.01674149003821405,3,19173,92316,0.0376406194312063
ciciot2023,attacks_only,fusion_rank,Mirai-udpplain,Mirai,near,2,0.9992842302830987,0.9922995310650409,0.0016712146807004666,0.9993688196928256,0.050898052294942264,0.00023711178364655666,3,19012,92348,0.6903346047482944
ciciot2023,attacks_only,fusion_rank,Recon-HostDiscovery,Reconnaissance,near,4,0.89685766888963,0.530831977024702,0.2961455028460258,0.37139598139861363,0.050730365670106393,0.00425376729239139,3,18995,92351,0.22934768431425925
ciciot2023,attacks_only,fusion_rank,Recon-OSScan,Reconnaissance,near,4,0.8485213719954702,0.43888040181613325,0.3357119653492149,0.22570686872939028,0.050203934307886604,0.003826641059140201,3,19004,92350,0.17159777578796295
ciciot2023,attacks_only,fusion_rank,Recon-PingSweep,Reconnaissance,near,4,0.84803616596834,0.04952022814589221,0.36225221938465274,0.2714329928814609,0.04962387727801807,0.0066573031637019164,3,1077,95935,0.32648581270292837
ciciot2023,attacks_only,fusion_rank,Recon-PortScan,Reconnaissance,near,4,0.8490874169407364,0.4073721918570578,0.31582119719199464,0.1769159157576715,0.05129121325320767,0.004266448099356915,3,18977,92355,0.17063144220412732
ciciot2023,attacks_only,fusion_rank,SqlInjection,WebApplication,near,4,0.8853369650003357,0.13373195202362642,0.3017532487898715,0.3372046455746896,0.04968060971657373,0.004339148392193926,3,2497,95651,0.20030438255486502
ciciot2023,attacks_only,fusion_rank,Uploading_Attack,WebApplication,near,4,0.7599909391442085,0.012285669863568932,0.4235021329917769,0.08892617449664426,0.05060171541828503,0.010288001100730164,3,596,96031,0.0709259389723509
ciciot2023,attacks_only,fusion_rank,VulnerabilityScan,Reconnaissance,near,4,0.9903313563985097,0.9297357477968551,0.0299021143163662,0.9787991160055437,0.050087661507777874,0.001660005759196588,3,17798,92591,0.32899368097107384
ciciot2023,attacks_only,fusion_rank,XSS,WebApplication,near,4,0.787607885993987,0.044010345092665604,0.391572009243019,0.1172401237939195,0.05212074389598817,0.005329028252194275,3,1831,95784,0.053819968914113205
ciciot2023,attacks_only,fusion_z,Backdoor_Malware,Malware_C2,far,0,0.7973415963800182,0.0357023414872639,0.33755547208658515,0.08855526544821579,0.05038395726388711,0.011298221739353877,3,1532,95844,0.053293061094779666
ciciot2023,attacks_only,fusion_z,BrowserHijacking,WebApplication,near,4,0.8341499348635524,0.09560135799552245,0.32339526320194156,0.1968936678614098,0.0496066616453259,0.0021958347097982,3,2790,95592,0.20521968517845904
ciciot2023,attacks_only,fusion_z,CommandInjection,WebApplication,near,4,0.8124129136483896,0.1030397619306281,0.34348303445391326,0.25877022653721676,0.050647426848608366,0.001719189320740018,3,2575,95635,0.16142002046978618
ciciot2023,attacks_only,fusion_z,DDoS-ACK_Fragmentation,DDoS,near,11,0.9899260779453143,0.8847733677095477,0.0209055334141974,0.9880440482433142,0.0488505747126436,0.0009656568781693663,3,19070,92336,0.3819470956609756
ciciot2023,attacks_only,fusion_z,DDoS-HTTP_Flood,DDoS,near,11,0.9310542881697458,0.5164877299472587,0.18827236490416696,0.47690960822937184,0.04936355169202103,0.0013524500380679915,3,13707,93409,0.36069251935659813
ciciot2023,attacks_only,fusion_z,DDoS-ICMP_Flood,DDoS,near,11,0.9999304408160076,0.9996434932402449,1.4433763459484428e-05,0.9994878044472704,0.0503377500649519,4.1961811476530565e-06,3,18873,92376,0.8963600003329604
ciciot2023,attacks_only,fusion_z,DDoS-ICMP_Fragmentation,DDoS,near,11,0.997678396039234,0.9862782484858136,0.0005848143214528666,0.9851910132004545,0.04979585648223353,0.00016581813319092308,3,19065,92337,0.8081019121169684
ciciot2023,attacks_only,fusion_z,DDoS-PSHACK_Flood,DDoS,near,11,0.9880304145342281,0.8503692114438755,0.017383520307243567,0.9988603089439447,0.0503024790286019,0.00359330330377656,3,19011,92348,1.2386270935499277
ciciot2023,attacks_only,fusion_z,DDoS-RSTFINFlood,DDoS,near,11,0.9991752269754066,0.9867290682591957,0.0014188084175411999,0.9993890838002479,0.04953915802926423,0.0011220617271718084,3,19097,92331,2.0793605081370066
ciciot2023,attacks_only,fusion_z,DDoS-SYN_Flood,DDoS,near,11,0.6543673307390284,0.20576017630643154,0.4220001010735454,0.012182954366433832,0.04985091652047097,0.011733078560740386,3,19043,92342,0.12781385589438585
ciciot2023,attacks_only,fusion_z,DDoS-SlowLoris,DDoS,near,11,0.9571277196383602,0.6089026522996014,0.10132382169222026,0.6168146089243551,0.0486584327086882,0.002853744583346837,3,11153,93920,0.34481524167422145
ciciot2023,attacks_only,fusion_z,DDoS-SynonymousIP_Flood,DDoS,near,11,0.6498835385807387,0.2088288295800046,0.6530553299034209,0.0192408240092021,0.04916328188464656,0.037111038510883265,3,19126,92325,0.0658598981072422
ciciot2023,attacks_only,fusion_z,DDoS-TCP_Flood,DDoS,near,11,0.675173874184147,0.22053393085150466,0.4217636970845744,0.0235281815329917,0.048726419351927036,0.013453935985098605,3,19126,92325,0.09589389407954707
ciciot2023,attacks_only,fusion_z,DDoS-UDP_Flood,DDoS,near,11,0.5891418421684502,0.18336981766696128,0.47310058043836084,0.0018916504650307003,0.04988954344624443,0.017655227923656,3,19031,92344,0.1681116320446224
ciciot2023,attacks_only,fusion_z,DDoS-UDP_Fragmentation,DDoS,near,11,0.9941011950335638,0.9324522972185288,0.012357973508834533,0.9893997310115382,0.049536530891325564,0.0007981045842221673,3,18836,92383,0.3869676421257309
ciciot2023,attacks_only,fusion_z,DNS_Spoofing,MITM_Spoofing,near,1,0.8757963959435747,0.5075633205792629,0.30713164022310063,0.3199846245238844,0.04872114221764947,0.0004464189188312412,3,19078,92335,0.1642927383978995
ciciot2023,attacks_only,fusion_z,DictionaryBruteForce,CredentialAttack,far,0,0.8195184515963434,0.14621016037221543,0.3214654500242345,0.10787781350482306,0.050825729318132264,0.002358804992257251,3,6220,94906,0.2707438242152502
ciciot2023,attacks_only,fusion_z,DoS-HTTP_Flood,DoS,near,3,0.9575691088155106,0.7947898477316304,0.15272529082883057,0.6878618801979156,0.0486657787499142,0.0017900690265161463,3,18998,92351,0.40205664835436195
ciciot2023,attacks_only,fusion_z,DoS-SYN_Flood,DoS,near,3,0.7063328581339122,0.25108502887751166,0.492296084504805,0.07844678509668286,0.048667518646074694,0.013281580775255679,3,19083,92334,0.06565864525062849
ciciot2023,attacks_only,fusion_z,DoS-TCP_Flood,DoS,near,3,0.7553169967913993,0.33504293512893346,0.4888246273371529,0.16242538485705307,0.0499976533703017,0.017325682788767074,3,19098,92331,0.09526004087724023
ciciot2023,attacks_only,fusion_z,DoS-UDP_Flood,DoS,near,3,0.684875209728992,0.4040596814000599,0.6349211506801837,0.30718646432932145,0.04898477890419659,0.007586907684050084,3,19110,92328,0.167007392125104
ciciot2023,attacks_only,fusion_z,MITM-ArpSpoofing,MITM_Spoofing,near,1,0.9111561653036057,0.6887400198978283,0.28647463881937896,0.5209234457241129,0.049083011060197336,0.003536855414392162,3,19189,92313,0.24789559184656731
ciciot2023,attacks_only,fusion_z,Mirai-greeth_flood,Mirai,near,2,0.4930125419778572,0.15483816600013256,0.7999963907386354,0.015227356551978467,0.050540486889358034,0.09421313488265273,3,18979,92355,0.0379744548264496
ciciot2023,attacks_only,fusion_z,Mirai-greip_flood,Mirai,near,2,0.4707964343965778,0.15576014240210978,0.7721774484740817,0.045237225960117505,0.04922945823764743,0.07807189152760537,3,19173,92316,0.0376406194312063
ciciot2023,attacks_only,fusion_z,Mirai-udpplain,Mirai,near,2,0.9943444081793894,0.9253344059673946,0.0108791383318173,0.9975980082754751,0.04991986832416506,0.0009571214111087862,3,19012,92348,0.6903346047482944
ciciot2023,attacks_only,fusion_z,Recon-HostDiscovery,Reconnaissance,near,4,0.8636489766635299,0.42755729697901645,0.3132721897976199,0.18501360007019385,0.049975997372343865,0.002303238805699714,3,18995,92351,0.22934768431425925
ciciot2023,attacks_only,fusion_z,Recon-OSScan,Reconnaissance,near,4,0.8311344410209939,0.3875355666429719,0.3752463454250135,0.15166982389672345,0.04948204295253556,0.003015542361192834,3,19004,92350,0.17159777578796295
ciciot2023,attacks_only,fusion_z,Recon-PingSweep,Reconnaissance,near,4,0.8141790267728893,0.030496733016065366,0.3373603655252688,0.14391829155060346,0.04995743645871329,0.002439761305284798,3,1077,95935,0.32648581270292837
ciciot2023,attacks_only,fusion_z,Recon-PortScan,Reconnaissance,near,4,0.8319074334561739,0.37711412258611876,0.37666973453882663,0.13663908942403957,0.05025896450291443,0.00407081432651636,3,18977,92355,0.17063144220412732
ciciot2023,attacks_only,fusion_z,SqlInjection,WebApplication,near,4,0.8246460137273091,0.06489752905889973,0.3280362986273013,0.0979842477639834,0.04973636797663724,0.0035324105430106305,3,2497,95651,0.20030438255486502
ciciot2023,attacks_only,fusion_z,Uploading_Attack,WebApplication,near,4,0.748345880432859,0.010969217532113698,0.35213628932323937,0.040827740492169966,0.05001509929085393,0.005656362976108846,3,596,96031,0.0709259389723509
ciciot2023,attacks_only,fusion_z,VulnerabilityScan,Reconnaissance,near,4,0.9536686683443815,0.6865681590919466,0.10083413434711073,0.5826310072292767,0.050037260640883006,0.005347524389119171,3,17798,92591,0.32899368097107384
ciciot2023,attacks_only,fusion_z,XSS,WebApplication,near,4,0.7621015313461904,0.0348694790753887,0.34788691221915974,0.05370471509193513,0.05165441688242983,0.005001551683401949,3,1831,95784,0.053819968914113205
ciciot2023,attacks_only,mlp:energy,Backdoor_Malware,Malware_C2,far,0,0.9493811511827549,0.14570155655652198,0.11152150021562808,0.549390774586597,0.04885369280636587,0.013323517460865379,3,1532,95844,0.053293061094779666
ciciot2023,attacks_only,mlp:energy,BrowserHijacking,WebApplication,near,4,0.9251740883921942,0.18119483443626386,0.18089379864423796,0.40848267622461165,0.048299020838563834,0.008332500843815585,3,2790,95592,0.20521968517845904
ciciot2023,attacks_only,mlp:energy,CommandInjection,WebApplication,near,4,0.9043555806419467,0.13758132195684938,0.3000435684285739,0.33747572815533977,0.049256722608528904,0.027447525989866738,3,2575,95635,0.16142002046978618
ciciot2023,attacks_only,mlp:energy,DDoS-ACK_Fragmentation,DDoS,near,11,0.9274933751787889,0.6727620711140072,0.1846444868018252,0.48215346967313405,0.049435395367642763,0.019315985904705412,3,19070,92336,0.3819470956609756
ciciot2023,attacks_only,mlp:energy,DDoS-HTTP_Flood,DDoS,near,11,0.6592539694332151,0.18096893215287177,0.7413239980444425,0.028258067653996664,0.0502556855691992,0.03909611140500302,3,13707,93409,0.36069251935659813
ciciot2023,attacks_only,mlp:energy,DDoS-ICMP_Flood,DDoS,near,11,0.9600162911860727,0.7995648175571234,0.0995171906122802,0.7074127059820908,0.050727461678357975,0.04023787799716036,3,18873,92376,0.8963600003329604
ciciot2023,attacks_only,mlp:energy,DDoS-ICMP_Fragmentation,DDoS,near,11,0.5764353832942012,0.19107013216777705,0.5661363628159171,0.0127983215316024,0.049171332546360934,0.18357931408417252,3,19065,92337,0.8081019121169684
ciciot2023,attacks_only,mlp:energy,DDoS-PSHACK_Flood,DDoS,near,11,0.8421051281034946,0.3700258865904969,0.23756515210580267,0.056914417968544496,0.050140049955963634,0.033425218450714674,3,19011,92348,1.2386270935499277
ciciot2023,attacks_only,mlp:energy,DDoS-RSTFINFlood,DDoS,near,11,0.9057067703331314,0.553689295729782,0.134407728715166,0.3537204796564905,0.049611362019978796,0.07018961492370815,3,19097,92331,2.0793605081370066
ciciot2023,attacks_only,mlp:energy,DDoS-SYN_Flood,DDoS,near,11,0.6281513221689751,0.1997987085063222,0.48580999617364434,0.0008927164837472666,0.0486741316699515,0.0759149514602862,3,19043,92342,0.12781385589438585
ciciot2023,attacks_only,mlp:energy,DDoS-SlowLoris,DDoS,near,11,0.8952706450960118,0.44239236336518734,0.23247089721749,0.3057473325562629,0.05095471323111864,0.02512807900992628,3,11153,93920,0.34481524167422145
ciciot2023,attacks_only,mlp:energy,DDoS-SynonymousIP_Flood,DDoS,near,11,0.4361614589325338,0.14047386710456125,0.6900370069500857,0.0005402767611279333,0.0500839425940969,0.04324167348508454,3,19126,92325,0.0658598981072422
ciciot2023,attacks_only,mlp:energy,DDoS-TCP_Flood,DDoS,near,11,0.2446957224311964,0.11238925643543524,0.8258687607184765,0.00041827878280870003,0.049455727051177865,0.027316168403358387,3,19126,92325,0.09589389407954707
ciciot2023,attacks_only,mlp:energy,DDoS-UDP_Flood,DDoS,near,11,0.1655454574952,0.10445710786226432,0.8774834676138497,0.0010509169250170333,0.049640474746599605,0.07343453741777801,3,19031,92344,0.1681116320446224
ciciot2023,attacks_only,mlp:energy,DDoS-UDP_Fragmentation,DDoS,near,11,0.8756205963725202,0.4161551142862012,0.1603289205445446,0.09373893961916895,0.04957982890069956,0.01481849128246596,3,18836,92383,0.3869676421257309
ciciot2023,attacks_only,mlp:energy,DNS_Spoofing,MITM_Spoofing,near,1,0.8786874750930819,0.5092216550502876,0.3659681233190737,0.28491805570115664,0.048652551397989165,0.009407268412313501,3,19078,92335,0.1642927383978995
ciciot2023,attacks_only,mlp:energy,DictionaryBruteForce,CredentialAttack,far,0,0.9225499435905995,0.3127830375924533,0.1772666287343968,0.3735798499464094,0.0501689390906089,0.008317893401154774,3,6220,94906,0.2707438242152502
ciciot2023,attacks_only,mlp:energy,DoS-HTTP_Flood,DoS,near,3,0.5902571593338554,0.1953184833458743,0.7407174800489438,0.0322139172544478,0.049106127708416734,0.04288151976621899,3,18998,92351,0.40205664835436195
ciciot2023,attacks_only,mlp:energy,DoS-SYN_Flood,DoS,near,3,0.682756278987962,0.22358142322762875,0.4724045313752247,0.012733846879421433,0.04945451657388753,0.0559676394176405,3,19083,92334,0.06565864525062849
ciciot2023,attacks_only,mlp:energy,DoS-TCP_Flood,DoS,near,3,0.31536186448657855,0.11967958524988596,0.8617907311737119,0.008604740461479366,0.04917091767661993,0.07317399105494886,3,19098,92331,0.09526004087724023
ciciot2023,attacks_only,mlp:energy,DoS-UDP_Flood,DoS,near,3,0.4999759162961472,0.3223916156181305,0.8047035207809837,0.24693877551020407,0.04980432082719577,0.06962159310791949,3,19110,92328,0.167007392125104
ciciot2023,attacks_only,mlp:energy,MITM-ArpSpoofing,MITM_Spoofing,near,1,0.8847569149456103,0.5614264566328053,0.3753606389854805,0.34584049889693746,0.0495090976713283,0.019823719085114735,3,19189,92313,0.24789559184656731
ciciot2023,attacks_only,mlp:energy,Mirai-greeth_flood,Mirai,near,2,0.07878309674866603,0.0948885952795383,0.9908577409633118,0.002968192914976133,0.0501218125710573,0.04068294625121572,3,18979,92355,0.0379744548264496
ciciot2023,attacks_only,mlp:energy,Mirai-greip_flood,Mirai,near,2,0.13241951946399266,0.09993309381902737,0.9696188454150239,0.006919452702585167,0.05031630486589537,0.04173592147647939,3,19173,92316,0.0376406194312063
ciciot2023,attacks_only,mlp:energy,Mirai-udpplain,Mirai,near,2,0.9762863141656654,0.8756561257547851,0.10143876063008034,0.8135563503752016,0.04999927809301047,0.013245447080959878,3,19012,92348,0.6903346047482944
ciciot2023,attacks_only,mlp:energy,Recon-HostDiscovery,Reconnaissance,near,4,0.729099412842371,0.324864221274215,0.6705720566101071,0.14040536983416682,0.050221437775443634,0.03489029962871848,3,18995,92351,0.22934768431425925
ciciot2023,attacks_only,mlp:energy,Recon-OSScan,Reconnaissance,near,4,0.8341654957394393,0.4250150067738541,0.5403645551344523,0.1875394653757103,0.049774408951452735,0.010065657770357226,3,19004,92350,0.17159777578796295
ciciot2023,attacks_only,mlp:energy,Recon-PingSweep,Reconnaissance,near,4,0.9224001110960609,0.0866640600672427,0.18424280328694773,0.41720829464562054,0.04901582668820897,0.007642821821148908,3,1077,95935,0.32648581270292837
ciciot2023,attacks_only,mlp:energy,Recon-PortScan,Reconnaissance,near,4,0.829091961487114,0.41893546839904294,0.5614314330572249,0.19590381338813648,0.04970313825275657,0.02675037116532543,3,18977,92355,0.17063144220412732
ciciot2023,attacks_only,mlp:energy,SqlInjection,WebApplication,near,4,0.9425420348190153,0.2026704557671474,0.13262102156102215,0.4788412761981044,0.0499628859081452,0.0020182782368518286,3,2497,95651,0.20030438255486502
ciciot2023,attacks_only,mlp:energy,Uploading_Attack,WebApplication,near,4,0.9260912076839839,0.037222065386630164,0.13098895148441647,0.2762863534675615,0.049095257434231265,0.008729916183050057,3,596,96031,0.0709259389723509
ciciot2023,attacks_only,mlp:energy,VulnerabilityScan,Reconnaissance,near,4,0.9578178313382576,0.7774890564964004,0.13889398897661037,0.7081507285462786,0.05016686287004133,0.018918007113401768,3,17798,92591,0.32899368097107384
ciciot2023,attacks_only,mlp:energy,XSS,WebApplication,near,4,0.934241612359224,0.12060336974480416,0.12921434338372448,0.3813945020935736,0.04964990673459724,0.005874537275688167,3,1831,95784,0.053819968914113205
ciciot2023,attacks_only,mlp:entropy,Backdoor_Malware,Malware_C2,far,0,0.9416049614221166,0.12065952385246005,0.11582710793929017,0.43342036553524804,0.050074426498615765,0.003757674566324273,3,1532,95844,0.053293061094779666
ciciot2023,attacks_only,mlp:entropy,BrowserHijacking,WebApplication,near,4,0.9196562360112117,0.18673500011832778,0.22898010991156859,0.4097968936678614,0.04994839177615976,0.004178483255790564,3,2790,95592,0.20521968517845904
ciciot2023,attacks_only,mlp:entropy,CommandInjection,WebApplication,near,4,0.8578919763535949,0.15643712612354574,0.540360049493735,0.45216828478964394,0.04899879751137134,0.002862887474388759,3,2575,95635,0.16142002046978618
ciciot2023,attacks_only,mlp:entropy,DDoS-ACK_Fragmentation,DDoS,near,11,0.6191221853591654,0.2103166698108627,0.591852942875296,0.0075161685020100665,0.0492187951250505,0.12221838722152396,3,19070,92336,0.3819470956609756
ciciot2023,attacks_only,mlp:entropy,DDoS-HTTP_Flood,DDoS,near,11,0.5511048120458453,0.12994962994961498,0.7530787540101418,0.0006809172928673667,0.05052332573235263,0.02951159078009172,3,13707,93409,0.36069251935659813
ciciot2023,attacks_only,mlp:entropy,DDoS-ICMP_Flood,DDoS,near,11,0.8574001520379361,0.3831320984630648,0.17525114748419499,0.00022960490294776667,0.04974235732224817,0.009016425228228918,3,18873,92376,0.8963600003329604
ciciot2023,attacks_only,mlp:entropy,DDoS-ICMP_Fragmentation,DDoS,near,11,0.37511791991210486,0.13080607536991257,0.770092162405103,0.0014162077104642,0.050268761890322,0.14124266447221193,3,19065,92337,0.8081019121169684
ciciot2023,attacks_only,mlp:entropy,DDoS-PSHACK_Flood,DDoS,near,11,0.44250421821178837,0.14262084427948138,0.6350940644807322,0.0005260112566408667,0.04991986832416506,0.027223548654874523,3,19011,92348,1.2386270935499277
ciciot2023,attacks_only,mlp:entropy,DDoS-RSTFINFlood,DDoS,near,11,0.7621448329361505,0.27646637059991663,0.3749950359756384,0.00029673072559386666,0.0486943713379038,0.02803256621655776,3,19097,92331,2.0793605081370066
ciciot2023,attacks_only,mlp:entropy,DDoS-SYN_Flood,DDoS,near,11,0.6710979577326258,0.21967668327825327,0.47361258510031545,0.00014003395823483332,0.0498039895172294,0.06037074708799128,3,19043,92342,0.12781385589438585
ciciot2023,attacks_only,mlp:entropy,DDoS-SlowLoris,DDoS,near,11,0.7849385426609485,0.22004945746706137,0.5488642816581488,0.03469918407603333,0.0501987507098239,0.01956098259979298,3,11153,93920,0.34481524167422145
ciciot2023,attacks_only,mlp:entropy,DDoS-SynonymousIP_Flood,DDoS,near,11,0.5514040306591665,0.16753505856621628,0.6080296055600686,0.0002614242392554,0.0507663146493365,0.004580493160019676,3,19126,92325,0.0658598981072422
ciciot2023,attacks_only,mlp:entropy,DDoS-TCP_Flood,DDoS,near,11,0.2275335350974417,0.11127489295054627,0.829374492282697,0.0002091393914043,0.05041249210217524,0.0429071546315018,3,19126,92325,0.09589389407954707
ciciot2023,attacks_only,mlp:entropy,DDoS-UDP_Flood,DDoS,near,11,0.20790315480745125,0.1091045300669045,0.8374447717231223,0.00033279035958866664,0.05042377775852603,0.01745074566243776,3,19031,92344,0.1681116320446224
ciciot2023,attacks_only,mlp:entropy,DDoS-UDP_Fragmentation,DDoS,near,11,0.8485190663272366,0.36558923747830074,0.21510811873757438,0.017041834784455232,0.05006332333870947,0.02600327105910156,3,18836,92383,0.3869676421257309
ciciot2023,attacks_only,mlp:entropy,DNS_Spoofing,MITM_Spoofing,near,1,0.747405092173051,0.4014123149890472,0.6306131658273316,0.25848272006150186,0.04907131640223097,0.00684967439048787,3,19078,92335,0.1642927383978995
ciciot2023,attacks_only,mlp:entropy,DictionaryBruteForce,CredentialAttack,far,0,0.9330948822402237,0.3558764715925206,0.14530869140693595,0.4278135048231511,0.04962454077367776,0.0032735113150265194,3,6220,94906,0.2707438242152502
ciciot2023,attacks_only,mlp:entropy,DoS-HTTP_Flood,DoS,near,3,0.45556457011962387,0.14190470441693495,0.7628684764286978,0.0010878338070673668,0.049528429578456025,0.025886720486241657,3,18998,92351,0.40205664835436195
ciciot2023,attacks_only,mlp:entropy,DoS-SYN_Flood,DoS,near,3,0.5770860296460195,0.1756736316553368,0.5466458725929777,0.00034935108036813334,0.050783026837351336,0.004215615570508979,3,19083,92334,0.06565864525062849
ciciot2023,attacks_only,mlp:entropy,DoS-TCP_Flood,DoS,near,3,0.26754503061445994,0.11400001287876448,0.8654153715075833,0.00033162285754176666,0.0500445859642662,0.026065602363285385,3,19098,92331,0.09526004087724023
ciciot2023,attacks_only,mlp:entropy,DoS-UDP_Flood,DoS,near,3,0.40362508674017633,0.15090225300621862,0.8597103081766456,0.007134135705564201,0.05030976518499256,0.03986209808228884,3,19110,92328,0.167007392125104
ciciot2023,attacks_only,mlp:entropy,MITM-ArpSpoofing,MITM_Spoofing,near,1,0.7023013952506788,0.29395961151904476,0.6251412765988178,0.11591710528601451,0.049783526336124505,0.013412935630124353,3,19189,92313,0.24789559184656731
ciciot2023,attacks_only,mlp:entropy,Mirai-greeth_flood,Mirai,near,2,0.04702484001631413,0.09272823337958626,0.9986284806814286,0.0007376574108224333,0.04915453052532797,0.027445329700557224,3,18979,92355,0.0379744548264496
ciciot2023,attacks_only,mlp:entropy,Mirai-greip_flood,Mirai,near,2,0.08632759661996847,0.0953699528162345,0.9915327065008593,0.0012169891687963334,0.0502693646460707,0.016091799955149023,3,19173,92316,0.0376406194312063
ciciot2023,attacks_only,mlp:entropy,Mirai-udpplain,Mirai,near,2,0.8084387385506319,0.32748421107080355,0.3952657339628362,0.0008240409565888001,0.05010395460648847,0.025016625991752747,3,19012,92348,0.6903346047482944
ciciot2023,attacks_only,mlp:entropy,Recon-HostDiscovery,Reconnaissance,near,4,0.7980216261923677,0.40900238098933633,0.44662573587003207,0.27682723523734315,0.049744994640014695,0.015148056518875484,3,18995,92351,0.22934768431425925
ciciot2023,attacks_only,mlp:entropy,Recon-OSScan,Reconnaissance,near,4,0.7986871559178587,0.377768361440681,0.5518678938819708,0.12602609976846976,0.05003789929615587,0.0046361610899833166,3,19004,92350,0.17159777578796295
ciciot2023,attacks_only,mlp:entropy,Recon-PingSweep,Reconnaissance,near,4,0.9183134513937069,0.06758791976606134,0.16972602977710602,0.2862890745899102,0.049231250325741334,0.00295798964402996,3,1077,95935,0.32648581270292837
ciciot2023,attacks_only,mlp:entropy,Recon-PortScan,Reconnaissance,near,4,0.7854655897853305,0.40221137163299675,0.566188439535849,0.2216367181324761,0.049822243877790405,0.004533578776712641,3,18977,92355,0.17063144220412732
ciciot2023,attacks_only,mlp:entropy,SqlInjection,WebApplication,near,4,0.9307367849619493,0.1565269486738163,0.13050220767860934,0.3496195434521425,0.049359999721208636,0.0026276744199145415,3,2497,95651,0.20030438255486502
ciciot2023,attacks_only,mlp:entropy,Uploading_Attack,WebApplication,near,4,0.9507483449893614,0.06002802628163553,0.10864894322319525,0.5799776286353467,0.05016435664872106,0.004443638377402638,3,596,96031,0.0709259389723509
ciciot2023,attacks_only,mlp:entropy,VulnerabilityScan,Reconnaissance,near,4,0.8101173927560922,0.3503603699613798,0.5779251403124134,0.0754391879237367,0.05041886720451586,0.006422978280955377,3,17798,92591,0.32899368097107384
ciciot2023,attacks_only,mlp:entropy,XSS,WebApplication,near,4,0.944214718225845,0.15682386988151173,0.131768701801275,0.5401419989077006,0.04967774715331713,0.0029114084626665976,3,1831,95784,0.053819968914113205
ciciot2023,attacks_only,mlp:mahalanobis,Backdoor_Malware,Malware_C2,far,0,0.6823087762391955,0.02297594522581663,0.5375019128305719,0.0583115752828546,0.0501022494887525,0.025596546660002353,3,1532,95844,0.053293061094779666
ciciot2023,attacks_only,mlp:mahalanobis,BrowserHijacking,WebApplication,near,4,0.738698585125773,0.06233030951458777,0.5110016179875583,0.14778972520908,0.048870895751387804,0.0029488919938509737,3,2790,95592,0.20521968517845904
ciciot2023,attacks_only,mlp:mahalanobis,CommandInjection,WebApplication,near,4,0.708507622444627,0.0701949929287283,0.5511406214600653,0.22847896440129442,0.050138547602865034,0.004415574356134808,3,2575,95635,0.16142002046978618
ciciot2023,attacks_only,mlp:mahalanobis,DDoS-ACK_Fragmentation,DDoS,near,11,0.9830272653780568,0.8273470774742906,0.03665237105065553,0.9725572452368466,0.0488975047652053,0.0017479539938513207,3,19070,92336,0.3819470956609756
ciciot2023,attacks_only,mlp:mahalanobis,DDoS-HTTP_Flood,DDoS,near,11,0.8908908498057898,0.4054119397923552,0.2938296452518851,0.24423044186668608,0.04878901747511833,0.004603312280901957,3,13707,93409,0.36069251935659813
ciciot2023,attacks_only,mlp:mahalanobis,DDoS-ICMP_Flood,DDoS,near,11,0.9998800123147925,0.9993781703950969,3.247596778383996e-05,0.9993818329536022,0.0510486129153315,1.2286469248379507e-05,3,18873,92376,0.8963600003329604
ciciot2023,attacks_only,mlp:mahalanobis,DDoS-ICMP_Fragmentation,DDoS,near,11,0.9965661159451646,0.9827042134596128,0.0007292129193424999,0.9800332196870357,0.0494023703029843,0.00018142311998398667,3,19065,92337,0.8081019121169684
ciciot2023,attacks_only,mlp:mahalanobis,DDoS-PSHACK_Flood,DDoS,near,11,0.9802818495386333,0.7874088076908673,0.028962908418879264,0.9961776515350761,0.05021224065491397,0.0062311532373677805,3,19011,92348,1.2386270935499277
ciciot2023,attacks_only,mlp:mahalanobis,DDoS-RSTFINFlood,DDoS,near,11,0.9987418671074941,0.9803605736304194,0.0022419339116872333,0.9990225340803965,0.050817168664912066,0.0016902087915344887,3,19097,92331,2.0793605081370066
ciciot2023,attacks_only,mlp:mahalanobis,DDoS-SYN_Flood,DDoS,near,11,0.4264528266978061,0.1360871094811195,0.7680326034379444,0.0051812564546902,0.04952242749777993,0.020904664247290504,3,19043,92342,0.12781385589438585
ciciot2023,attacks_only,mlp:mahalanobis,DDoS-SlowLoris,DDoS,near,11,0.9299754328863322,0.4902085142476658,0.1654848097671777,0.4162407722884724,0.04878620102214646,0.0052719605346306245,3,11153,93920,0.34481524167422145
ciciot2023,attacks_only,mlp:mahalanobis,DDoS-SynonymousIP_Flood,DDoS,near,11,0.48797319512200255,0.15230950695352122,0.9158913259319433,0.010770678657325066,0.04869031501037993,0.004117424632615849,3,19126,92325,0.0658598981072422
ciciot2023,attacks_only,mlp:mahalanobis,DDoS-TCP_Flood,DDoS,near,11,0.46047185671201296,0.14718233927187652,0.766372416283058,0.022099062358395167,0.0482137377019586,0.024814945323039076,3,19126,92325,0.09589389407954707
ciciot2023,attacks_only,mlp:mahalanobis,DDoS-UDP_Flood,DDoS,near,11,0.2961053834813507,0.11610261954028783,0.8711809466054463,0.0013136461562712998,0.049561061538017204,0.040762071648126605,3,19031,92344,0.1681116320446224
ciciot2023,attacks_only,mlp:mahalanobis,DDoS-UDP_Fragmentation,DDoS,near,11,0.9899813773352243,0.895190000275572,0.021782506882579367,0.984373893961917,0.04975662910564347,0.0017214841322830627,3,18836,92383,0.3869676421257309
ciciot2023,attacks_only,mlp:mahalanobis,DNS_Spoofing,MITM_Spoofing,near,1,0.8146855536902908,0.4134723131554456,0.4735365787621162,0.26199461858335954,0.048381798162488,0.0012666157741894196,3,19078,92335,0.1642927383978995
ciciot2023,attacks_only,mlp:mahalanobis,DictionaryBruteForce,CredentialAttack,far,0,0.7108121159157222,0.09562619635804155,0.5127213593801586,0.05192926045016077,0.05052718830562163,0.007865329612370133,3,6220,94906,0.2707438242152502
ciciot2023,attacks_only,mlp:mahalanobis,DoS-HTTP_Flood,DoS,near,3,0.9390939931531569,0.7330115756415482,0.20562852594990846,0.5637084605397059,0.0485574962191349,0.0031276063052377723,3,18998,92351,0.40205664835436195
ciciot2023,attacks_only,mlp:mahalanobis,DoS-SYN_Flood,DoS,near,3,0.5177105464347717,0.1749104583263892,0.9097912650450177,0.0463414208108438,0.049743323152901364,0.015664799655393857,3,19083,92334,0.06565864525062849
ciciot2023,attacks_only,mlp:mahalanobis,DoS-TCP_Flood,DoS,near,3,0.5851305048587832,0.24680417720886472,0.9030083792731224,0.1151254930708276,0.05076662587141187,0.024886145035178785,3,19098,92331,0.09526004087724023
ciciot2023,attacks_only,mlp:mahalanobis,DoS-UDP_Flood,DoS,near,3,0.48434321225596433,0.3276336102095522,0.9913424602143085,0.3012907727193441,0.04962741530196683,0.006266989320907575,3,19110,92328,0.167007392125104
ciciot2023,attacks_only,mlp:mahalanobis,MITM-ArpSpoofing,MITM_Spoofing,near,1,0.8630153556125415,0.6116215615088322,0.4543202654736242,0.45922142894366563,0.048776084264043666,0.004262634109612021,3,19189,92313,0.24789559184656731
ciciot2023,attacks_only,mlp:mahalanobis,Mirai-greeth_flood,Mirai,near,2,0.407985352229512,0.13334693802257191,0.8059661090357858,0.018248239282013398,0.0511684983668092,0.03541632428429983,3,18979,92355,0.0379744548264496
ciciot2023,attacks_only,mlp:mahalanobis,Mirai-greip_flood,Mirai,near,2,0.47027666010264807,0.1571507290788497,0.7918742868697373,0.05238269093690776,0.04937027889712147,0.011449937113756865,3,19173,92316,0.0376406194312063
ciciot2023,attacks_only,mlp:mahalanobis,Mirai-udpplain,Mirai,near,2,0.9905486708188667,0.8876885607203667,0.018632419399084568,0.9939511887229119,0.049111332495921166,0.0010574100393020511,3,19012,92348,0.6903346047482944
ciciot2023,attacks_only,mlp:mahalanobis,Recon-HostDiscovery,Reconnaissance,near,4,0.7865870025332535,0.3267535304817453,0.5010449264220204,0.07805562867421247,0.050239484863906836,0.004397937346045453,3,18995,92351,0.22934768431425925
ciciot2023,attacks_only,mlp:mahalanobis,Recon-OSScan,Reconnaissance,near,4,0.7684187549911604,0.31437634933361963,0.46932683631113514,0.1126780326948712,0.049579498285508,0.006705536108511334,3,19004,92350,0.17159777578796295
ciciot2023,attacks_only,mlp:mahalanobis,Recon-PingSweep,Reconnaissance,near,4,0.7044974918780201,0.019476430202249033,0.5480551067563106,0.08387496131228717,0.049231250325741334,0.007004316868979228,3,1077,95935,0.32648581270292837
ciciot2023,attacks_only,mlp:mahalanobis,Recon-PortScan,Reconnaissance,near,4,0.7802701949886762,0.3207776541443869,0.4739934672369299,0.1004198064323479,0.0501073755255986,0.008023680466752425,3,18977,92355,0.17063144220412732
ciciot2023,attacks_only,mlp:mahalanobis,SqlInjection,WebApplication,near,4,0.720681860047267,0.0414429152627542,0.523834913731517,0.03257242023761844,0.049192724941018166,0.007349230677884726,3,2497,95651,0.20030438255486502
ciciot2023,attacks_only,mlp:mahalanobis,Uploading_Attack,WebApplication,near,4,0.6171395366666762,0.0072411131850088324,0.5544147202465871,0.028523489932885865,0.050306671803896606,0.01759092675288371,3,596,96031,0.0709259389723509
ciciot2023,attacks_only,mlp:mahalanobis,VulnerabilityScan,Reconnaissance,near,4,0.9218459743933037,0.5648785858164641,0.16579725171272944,0.35118178072442596,0.04983205711138227,0.007417177557905057,3,17798,92591,0.32899368097107384
ciciot2023,attacks_only,mlp:mahalanobis,XSS,WebApplication,near,4,0.633032833189562,0.02288331301736937,0.5573999832957487,0.035499726925177465,0.051055847879952064,0.008154837156036347,3,1831,95784,0.053819968914113205
ciciot2023,attacks_only,mlp:maxprob,Backdoor_Malware,Malware_C2,far,0,0.9282820771925251,0.11647539264203603,0.2174366679187012,0.446692776327241,0.0498866213151927,0.010791383827834214,3,1532,95844,0.053293061094779666
ciciot2023,attacks_only,mlp:maxprob,BrowserHijacking,WebApplication,near,4,0.8963900308639476,0.17773716408113946,0.393059391301922,0.4299880525686977,0.049997210366278834,0.006081685842935994,3,2790,95592,0.20521968517845904
ciciot2023,attacks_only,mlp:maxprob,CommandInjection,WebApplication,near,4,0.8458793230667504,0.1498468253161084,0.536892002579251,0.4319741100323624,0.04921141144281203,0.0031687471563976327,3,2575,95635,0.16142002046978618
ciciot2023,attacks_only,mlp:maxprob,DDoS-ACK_Fragmentation,DDoS,near,11,0.5508253210363155,0.1735926791793719,0.6007696528620112,0.004177591330187001,0.04935597527869227,0.09846208425527453,3,19070,92336,0.3819470956609756
ciciot2023,attacks_only,mlp:maxprob,DDoS-HTTP_Flood,DDoS,near,11,0.5163089314217135,0.11819545960713314,0.7539280654612154,0.0006079618686315333,0.05089802196076746,0.025014498182238856,3,13707,93409,0.36069251935659813
ciciot2023,attacks_only,mlp:maxprob,DDoS-ICMP_Flood,DDoS,near,11,0.8486055236584908,0.37563794247729904,0.3004640454952224,0.00022960490294776667,0.05001659882797837,0.006100389458347673,3,18873,92376,0.8963600003329604
ciciot2023,attacks_only,mlp:maxprob,DDoS-ICMP_Fragmentation,DDoS,near,11,0.3665109997331362,0.1293898603486058,0.7728032460804806,0.0013113034356149998,0.04942403009266777,0.1368884009658234,3,19065,92337,0.8081019121169684
ciciot2023,attacks_only,mlp:maxprob,DDoS-PSHACK_Flood,DDoS,near,11,0.41857752705128953,0.13941344668863243,0.6393930206032254,0.00047341013097676666,0.04956613389930836,0.021701392101633944,3,19011,92348,1.2386270935499277
ciciot2023,attacks_only,mlp:maxprob,DDoS-RSTFINFlood,DDoS,near,11,0.6065166763189738,0.18853135414676991,0.4821601989941984,0.0001396379885147,0.04944529284133526,0.04300149821473864,3,19097,92331,2.0793605081370066
ciciot2023,attacks_only,mlp:maxprob,DDoS-SYN_Flood,DDoS,near,11,0.6925178210516684,0.23054356150107178,0.46989813230527094,0.00010502546867612566,0.049266133864691336,0.05926311071688306,3,19043,92342,0.12781385589438585
ciciot2023,attacks_only,mlp:maxprob,DDoS-SlowLoris,DDoS,near,11,0.7213540504364134,0.17663039657843851,0.5531800113571834,0.039212170118652634,0.050294576944917596,0.020317134855181513,3,11153,93920,0.34481524167422145
ciciot2023,attacks_only,mlp:maxprob,DDoS-SynonymousIP_Flood,DDoS,near,11,0.5673780454626073,0.1721178662085171,0.6052279086560158,0.00022656767402133332,0.05059301380991057,0.004838757233333371,3,19126,92325,0.0658598981072422
ciciot2023,attacks_only,mlp:maxprob,DDoS-TCP_Flood,DDoS,near,11,0.22747581053005603,0.11459328970551326,0.8303637512410867,0.00013942626093616667,0.05011282606733453,0.04467070611020728,3,19126,92325,0.09589389407954707
ciciot2023,attacks_only,mlp:maxprob,DDoS-UDP_Flood,DDoS,near,11,0.20867548108404996,0.11177475731606863,0.8384915821998903,0.00036782092375593333,0.05098327990990206,0.018343938083072414,3,19031,92344,0.1681116320446224
ciciot2023,attacks_only,mlp:maxprob,DDoS-UDP_Fragmentation,DDoS,near,11,0.823742996179386,0.3366886940496583,0.3310349306690624,0.0270758122743682,0.04979631894756967,0.006098816480435981,3,18836,92383,0.3869676421257309
ciciot2023,attacks_only,mlp:maxprob,DNS_Spoofing,MITM_Spoofing,near,1,0.721167766396731,0.3728292348823727,0.6298550567679283,0.2646678547716392,0.049305969206331964,0.005364207952059336,3,19078,92335,0.1642927383978995
ciciot2023,attacks_only,mlp:maxprob,DictionaryBruteForce,CredentialAttack,far,0,0.9047094692262659,0.32253905806655236,0.3566827527588701,0.41977491961414787,0.049750981673094,0.007725932411082872,3,6220,94906,0.2707438242152502
ciciot2023,attacks_only,mlp:maxprob,DoS-HTTP_Flood,DoS,near,3,0.44125304762345613,0.13903528620800953,0.7637600025987807,0.0011755623398953666,0.05018895301620987,0.02132060036573562,3,18998,92351,0.40205664835436195
ciciot2023,attacks_only,mlp:maxprob,DoS-SYN_Flood,DoS,near,3,0.5753121532246953,0.1755921141143774,0.5442343376582118,0.0004017537424234,0.050811907495252696,0.009261799904026848,3,19083,92334,0.06565864525062849
ciciot2023,attacks_only,mlp:maxprob,DoS-TCP_Flood,DoS,near,3,0.2661237141687303,0.11495438060956203,0.8672746242684832,0.00033162285754176666,0.050550013899268165,0.025663017526775207,3,19098,92331,0.09526004087724023
ciciot2023,attacks_only,mlp:maxprob,DoS-UDP_Flood,DoS,near,3,0.38360597535511193,0.13966863215920033,0.8634903099095976,0.006715506715506667,0.0499595644513762,0.031364528289802955,3,19110,92328,0.167007392125104
ciciot2023,attacks_only,mlp:maxprob,MITM-ArpSpoofing,MITM_Spoofing,near,1,0.6637607883713182,0.2625425914724999,0.6246321392075511,0.11715045077909218,0.04957048303055903,0.009622824683352696,3,19189,92313,0.24789559184656731
ciciot2023,attacks_only,mlp:maxprob,Mirai-greeth_flood,Mirai,near,2,0.06903958438432099,0.14297353997954512,0.999689603522639,0.0005620246939599334,0.04998466063920013,0.009840006073723614,3,18979,92355,0.0379744548264496
ciciot2023,attacks_only,mlp:maxprob,Mirai-greip_flood,Mirai,near,2,0.09247958683214326,0.12958578328939183,1.0,0.0009562057754828333,0.049879399742911966,0.010506390189764125,3,19173,92316,0.0376406194312063
ciciot2023,attacks_only,mlp:maxprob,Mirai-udpplain,Mirai,near,2,0.6680714085500149,0.21569205774818845,0.5147521693305035,0.00131495897328,0.0503854983323948,0.021875221671273308,3,19012,92348,0.6903346047482944
ciciot2023,attacks_only,mlp:maxprob,Recon-HostDiscovery,Reconnaissance,near,4,0.8014134460682456,0.4120142157883844,0.4373747983237864,0.2755461963674651,0.04975943231078527,0.024057044569445945,3,18995,92351,0.22934768431425925
ciciot2023,attacks_only,mlp:maxprob,Recon-OSScan,Reconnaissance,near,4,0.7445031758623294,0.3222996870558716,0.5504132828009385,0.1346207815898407,0.05039884497383137,0.0037948960257274643,3,19004,92350,0.17159777578796295
ciciot2023,attacks_only,mlp:maxprob,Recon-PingSweep,Reconnaissance,near,4,0.9008891249793103,0.06433736174373747,0.33601223050329215,0.3178582482203652,0.04838692864960647,0.0010285419998329961,3,1077,95935,0.32648581270292837
ciciot2023,attacks_only,mlp:maxprob,Recon-PortScan,Reconnaissance,near,4,0.7558933311246792,0.36282048164920555,0.5643693718080595,0.20570515185048563,0.050121812571057266,0.008627639775096112,3,18977,92355,0.17063144220412732
ciciot2023,attacks_only,mlp:maxprob,SqlInjection,WebApplication,near,4,0.9004446831494933,0.14026840561308826,0.3437252790526671,0.3501535175543986,0.0499524312343833,0.0025101312805849117,3,2497,95651,0.20030438255486502
ciciot2023,attacks_only,mlp:maxprob,Uploading_Attack,WebApplication,near,4,0.946011104099797,0.060975493976176236,0.12054440753506677,0.5861297539149888,0.049758237791268735,0.005278878211653079,3,596,96031,0.0709259389723509
ciciot2023,attacks_only,mlp:maxprob,VulnerabilityScan,Reconnaissance,near,4,0.755367297790047,0.2933236058178794,0.5889413297908724,0.04833876465520467,0.050278464789594336,0.010133001081229056,3,17798,92591,0.32899368097107384
ciciot2023,attacks_only,mlp:maxprob,XSS,WebApplication,near,4,0.9204036384796795,0.14342140391348038,0.3050126673905176,0.5079191698525396,0.050070993067735665,0.0112370929716021,3,1831,95784,0.053819968914113205
ciciot2023,attacks_only,rf:maxprob,Backdoor_Malware,Malware_C2,far,0,0.9408361106834144,0.1374814577503252,0.13517799757939983,0.47302001740644034,0.04896150689314573,0.0008709801260907775,3,1532,95844,0.053293061094779666
ciciot2023,attacks_only,rf:maxprob,BrowserHijacking,WebApplication,near,4,0.9427590382382794,0.21524240947503367,0.14060800066951207,0.48076463560334526,0.04796077774988137,0.0007917584789095489,3,2790,95592,0.20521968517845904
ciciot2023,attacks_only,rf:maxprob,CommandInjection,WebApplication,near,4,0.9124960560843268,0.15839576415491546,0.17999337759885672,0.3429126213592233,0.04844460709991107,0.0018407886657601084,3,2575,95635,0.16142002046978618
ciciot2023,attacks_only,rf:maxprob,DDoS-ACK_Fragmentation,DDoS,near,11,0.9289578232001978,0.5564202997076593,0.102726275053428,0.19650410767348359,0.04803832380292263,0.011729420982833515,3,19070,92336,0.3819470956609756
ciciot2023,attacks_only,rf:maxprob,DDoS-HTTP_Flood,DDoS,near,11,0.8686490272454286,0.3257884465116856,0.18584219222273365,0.011989008049415066,0.04871407822943536,0.0028148580299386227,3,13707,93409,0.36069251935659813
ciciot2023,attacks_only,rf:maxprob,DDoS-ICMP_Flood,DDoS,near,11,0.9037919412391328,0.5179656534748722,0.10297046851996187,0.004397816987230367,0.049453682053058466,0.0034644485909050577,3,18873,92376,0.8963600003329604
ciciot2023,attacks_only,rf:maxprob,DDoS-ICMP_Fragmentation,DDoS,near,11,0.9272101247070771,0.583807923249009,0.15884928757341762,0.25872890986974384,0.04734469028305727,0.015662657715283117,3,19065,92337,0.8081019121169684
ciciot2023,attacks_only,rf:maxprob,DDoS-PSHACK_Flood,DDoS,near,11,0.9410051687218984,0.6030232898750695,0.07911739651463302,0.3618431434432696,0.04842913039084037,0.01794342803119404,3,19011,92348,1.2386270935499277
ciciot2023,attacks_only,rf:maxprob,DDoS-RSTFINFlood,DDoS,near,11,0.8924019340362003,0.46072926541245446,0.16205102656023793,0.0849522612626765,0.0481347904098659,0.029597108354755833,3,19097,92331,2.0793605081370066
ciciot2023,attacks_only,rf:maxprob,DDoS-SYN_Flood,DDoS,near,11,0.8372954244088778,0.387920717821492,0.17918895699320636,0.0020304923944056,0.04797744616028817,0.012576503239553102,3,19043,92342,0.12781385589438585
ciciot2023,attacks_only,rf:maxprob,DDoS-SlowLoris,DDoS,near,11,0.9415366668278139,0.5409868712416565,0.16203506530380463,0.5479243252936429,0.04927952867688806,0.00026810130904177874,3,11153,93920,0.34481524167422145
ciciot2023,attacks_only,rf:maxprob,DDoS-SynonymousIP_Flood,DDoS,near,11,0.7276622355789032,0.26051556264721343,0.5783626681108404,0.0010805535222558665,0.048726419351927036,0.04573707034954232,3,19126,92325,0.0658598981072422
ciciot2023,attacks_only,rf:maxprob,DDoS-TCP_Flood,DDoS,near,11,0.8508533160887248,0.3950329564635318,0.17141619279718381,0.013140925093241267,0.049870926978969166,0.012826626261602015,3,19126,92325,0.09589389407954707
ciciot2023,attacks_only,rf:maxprob,DDoS-UDP_Flood,DDoS,near,11,0.759941167319942,0.3343916937265657,0.2580351728320194,0.0011209780533514666,0.0494022351208524,0.016181791666681898,3,19031,92344,0.1681116320446224
ciciot2023,attacks_only,rf:maxprob,DDoS-UDP_Fragmentation,DDoS,near,11,0.9541570465501591,0.6571482669657368,0.08664292492485991,0.6237700856515892,0.04748709178095534,0.004566812472480687,3,18836,92383,0.3869676421257309
ciciot2023,attacks_only,rf:maxprob,DNS_Spoofing,MITM_Spoofing,near,1,0.8918328723205304,0.5387462707902313,0.3380949802350138,0.33427682845860857,0.049089366617931035,0.00027987358519335757,3,19078,92335,0.1642927383978995
ciciot2023,attacks_only,rf:maxprob,DictionaryBruteForce,CredentialAttack,far,0,0.9577918625478553,0.4586191298732605,0.10886912664460974,0.6446409431939979,0.04761202312463556,0.00015863966407200197,3,6220,94906,0.2707438242152502
ciciot2023,attacks_only,rf:maxprob,DoS-HTTP_Flood,DoS,near,3,0.8597282404974821,0.3851967461422852,0.2255452927779161,0.0406007649928062,0.04882459312839057,0.003093356527492361,3,18998,92351,0.40205664835436195
ciciot2023,attacks_only,rf:maxprob,DoS-SYN_Flood,DoS,near,3,0.8098659869369325,0.32004785993349866,0.2415650428516761,0.0047162395849708995,0.04763142504386247,0.002861071783143805,3,19083,92334,0.06565864525062849
ciciot2023,attacks_only,rf:maxprob,DoS-TCP_Flood,DoS,near,3,0.8075290258199578,0.33574377769449054,0.23233439112179724,0.0068593570007330325,0.0479542804330795,0.008874113916981213,3,19098,92331,0.09526004087724023
ciciot2023,attacks_only,rf:maxprob,DoS-UDP_Flood,DoS,near,3,0.7532478459425246,0.33832467434956387,0.37571845305143975,0.1565149136577708,0.047230164919273294,0.009910868323451323,3,19110,92328,0.167007392125104
ciciot2023,attacks_only,rf:maxprob,MITM-ArpSpoofing,MITM_Spoofing,near,1,0.9042407983209051,0.5286908572536131,0.21977764056344537,0.26926885194642763,0.04942243598770844,0.0031098801907012757,3,19189,92313,0.24789559184656731
ciciot2023,attacks_only,rf:maxprob,Mirai-greeth_flood,Mirai,near,2,0.47471202659847817,0.18982093055946272,1.0,0.0029155030999174,0.04881525995704974,0.11156248165013408,3,18979,92355,0.0379744548264496
ciciot2023,attacks_only,rf:maxprob,Mirai-greip_flood,Mirai,near,2,0.4084299033971635,0.16740430967995543,1.0,0.004920113353848233,0.04910669150887526,0.07843301158231794,3,19173,92316,0.0376406194312063
ciciot2023,attacks_only,rf:maxprob,Mirai-udpplain,Mirai,near,2,0.9736415502694546,0.7760018391249575,0.05110018625200324,0.9263798302826284,0.04746177502490576,0.006052477642755905,3,19012,92348,0.6903346047482944
ciciot2023,attacks_only,rf:maxprob,Recon-HostDiscovery,Reconnaissance,near,4,0.9143858695935706,0.5413976638637571,0.16415992607912563,0.278073177151882,0.048048568324472164,0.0012475956332558859,3,18995,92351,0.22934768431425925
ciciot2023,attacks_only,rf:maxprob,Recon-OSScan,Reconnaissance,near,4,0.8473792279257236,0.4253568592935419,1.0,0.15037185154002664,0.04831979787042046,0.0021518680214917345,3,19004,92350,0.17159777578796295
ciciot2023,attacks_only,rf:maxprob,Recon-PingSweep,Reconnaissance,near,4,0.9199191904879497,0.0692467900413156,0.17826306005802536,0.3348808418446301,0.0481332846892861,0.0007357680781830817,3,1077,95935,0.32648581270292837
ciciot2023,attacks_only,rf:maxprob,Recon-PortScan,Reconnaissance,near,4,0.8296698983382792,0.4172348210250341,1.0,0.18501343731885966,0.05035280529839559,0.0010951280231504225,3,18977,92355,0.17063144220412732
ciciot2023,attacks_only,rf:maxprob,SqlInjection,WebApplication,near,4,0.9563362134375506,0.2468862638037077,0.11568793495798961,0.6262181284207716,0.0472795196425895,0.000340024844691795,3,2497,95651,0.20030438255486502
ciciot2023,attacks_only,rf:maxprob,Uploading_Attack,WebApplication,near,4,0.8915614515279217,0.052843442933484634,0.24658356850044946,0.4032438478747204,0.04956038501456123,0.0025163292734338935,3,596,96031,0.0709259389723509
ciciot2023,attacks_only,rf:maxprob,VulnerabilityScan,Reconnaissance,near,4,0.9725459036182871,0.8071256430190168,0.07726092888797684,0.8203168895381504,0.0472544127758997,0.001209231487144153,3,17798,92591,0.32899368097107384
ciciot2023,attacks_only,rf:maxprob,XSS,WebApplication,near,4,0.9149529651634863,0.13747292143152715,0.19820986107631056,0.4139814309120699,0.04853280993346134,0.0009557906878629457,3,1831,95784,0.053819968914113205
ciciot2023,with_normal,edl:vacuity,Backdoor_Malware,Malware_C2,far,0,0.9259008447049014,0.09487581418091152,0.15137988912739644,0.3509573542210618,0.04974889829545067,0.006243823511962383,3,1532,99694,0.053293061094779666
ciciot2023,with_normal,edl:vacuity,BrowserHijacking,WebApplication,near,4,0.8930640494869376,0.13721461422241701,0.3966231572172723,0.3381123058542413,0.05088393234247093,0.0071449182165891694,3,2790,99442,0.20521968517845904
ciciot2023,with_normal,edl:vacuity,CommandInjection,WebApplication,near,4,0.832304275107418,0.09799722663698412,0.5586939404600358,0.23974110032362453,0.050369402422475666,0.011362276068684682,3,2575,99485,0.16142002046978618
ciciot2023,with_normal,edl:vacuity,DDoS-ACK_Fragmentation,DDoS,near,11,0.4078274185329171,0.15036553299058616,0.6983899250757214,0.03441705995455337,0.04907159046015006,0.03491492816562156,3,19070,96186,0.3819470956609756
ciciot2023,with_normal,edl:vacuity,DDoS-HTTP_Flood,DDoS,near,11,0.4323625007855234,0.11617578495058871,0.7336801735572029,0.03538338075435903,0.05172786066071,0.01398186556204852,3,13707,97259,0.36069251935659813
ciciot2023,with_normal,edl:vacuity,DDoS-ICMP_Flood,DDoS,near,11,0.5232802643739988,0.22083596607259134,0.6008563174194085,0.08112117840300953,0.04979943050734723,0.15556291810450903,3,18873,96226,0.8963600003329604
ciciot2023,with_normal,edl:vacuity,DDoS-ICMP_Fragmentation,DDoS,near,11,0.17400390728352302,0.10245747056167104,0.9603515374565516,0.0105953317597692,0.05037756314955933,0.028021584169851645,3,19065,96187,0.8081019121169684
ciciot2023,with_normal,edl:vacuity,DDoS-PSHACK_Flood,DDoS,near,11,0.29973552417063637,0.12114694834066497,0.7297310408393799,0.009696140830747067,0.04968225257628359,0.009924233020902803,3,19011,96198,1.2386270935499277
ciciot2023,with_normal,edl:vacuity,DDoS-RSTFINFlood,DDoS,near,11,0.9411214587046454,0.8197862946685879,0.24296898555847823,0.7470283290569201,0.05065102948260739,0.047267995796234176,3,19097,96181,2.0793605081370066
ciciot2023,with_normal,edl:vacuity,DDoS-SYN_Flood,DDoS,near,11,0.6468573639529451,0.20020195342839187,0.4911773674872477,0.0009802377076440667,0.04903041139942333,0.03646492247572074,3,19043,96192,0.12781385589438585
ciciot2023,with_normal,edl:vacuity,DDoS-SlowLoris,DDoS,near,11,0.6221030059724852,0.2500275594722956,0.633623129112543,0.19334110403777752,0.04975623060925294,0.042661492744525034,3,11153,97770,0.34481524167422145
ciciot2023,with_normal,edl:vacuity,DDoS-SynonymousIP_Flood,DDoS,near,11,0.5346101362039993,0.15729096384972044,0.6054518672558703,0.0008191292830004001,0.0496560090113508,0.016760798419278054,3,19126,96175,0.0658598981072422
ciciot2023,with_normal,edl:vacuity,DDoS-TCP_Flood,DDoS,near,11,0.16642303205128672,0.10079765393534336,0.8881379429858764,0.0003834222175746333,0.0505086214366172,0.016366525423228678,3,19126,96175,0.09589389407954707
ciciot2023,with_normal,edl:vacuity,DDoS-UDP_Flood,DDoS,near,11,0.13576860992776374,0.0979908458944161,0.8980774961709322,0.0010859474891842334,0.0503946885114109,0.022476263062871867,3,19031,96194,0.1681116320446224
ciciot2023,with_normal,edl:vacuity,DDoS-UDP_Fragmentation,DDoS,near,11,0.6536926611385631,0.4410861610201348,0.6382183519859784,0.3215827847384441,0.050315380378872065,0.03902455797502813,3,18836,96233,0.3869676421257309
ciciot2023,with_normal,edl:vacuity,DNS_Spoofing,MITM_Spoofing,near,1,0.719656355979863,0.3386618212404698,0.6211432829096707,0.20431911101792635,0.0501290915076848,0.009389414275378583,3,19078,96185,0.1642927383978995
ciciot2023,with_normal,edl:vacuity,DictionaryBruteForce,CredentialAttack,far,0,0.9126261860459443,0.29857595905833684,0.3084032025058393,0.3825830653804931,0.050191043244629835,0.0026494733709566936,3,6220,98756,0.2707438242152502
ciciot2023,with_normal,edl:vacuity,DoS-HTTP_Flood,DoS,near,3,0.38722260021518906,0.1433165382501916,0.7343686656063867,0.030073341053444197,0.04914016832811854,0.009217389535344957,3,18998,96201,0.40205664835436195
ciciot2023,with_normal,edl:vacuity,DoS-SYN_Flood,DoS,near,3,0.5221909012837566,0.17712021348363552,0.6155528292993984,0.03708361718108607,0.049065679669522265,0.010355426085112779,3,19083,96184,0.06565864525062849
ciciot2023,with_normal,edl:vacuity,DoS-TCP_Flood,DoS,near,3,0.21210492065094014,0.1082985501532982,0.8931043206731752,0.0079240409117883,0.04978807318146683,0.028899327811036536,3,19098,96181,0.09526004087724023
ciciot2023,with_normal,edl:vacuity,DoS-UDP_Flood,DoS,near,3,0.3478274819723562,0.1946564864907828,0.8637075699917514,0.10753532182103603,0.0489405061448564,0.03165211133668391,3,19110,96178,0.167007392125104
ciciot2023,with_normal,edl:vacuity,MITM-ArpSpoofing,MITM_Spoofing,near,1,0.6804428871870799,0.27227369034005516,0.5844278291373328,0.1263050011291191,0.04912145697062967,0.005043189400812709,3,19189,96163,0.24789559184656731
ciciot2023,with_normal,edl:vacuity,Mirai-greeth_flood,Mirai,near,2,0.044415554942193465,0.0892489817663571,0.9987873118167802,0.0028803765565448996,0.04930097188295823,0.010332631226468948,3,18979,96205,0.0379744548264496
ciciot2023,with_normal,edl:vacuity,Mirai-greip_flood,Mirai,near,2,0.07126224253686327,0.09158252934127876,0.9937434574936393,0.0047288721987516665,0.04990329222386283,0.00965017971920455,3,19173,96166,0.0376406194312063
ciciot2023,with_normal,edl:vacuity,Mirai-udpplain,Mirai,near,2,0.8996206985864582,0.821019610517227,0.5383653159802352,0.7572410407461954,0.0507009847744582,0.08867986523630872,3,19012,96198,0.6903346047482944
ciciot2023,with_normal,edl:vacuity,Recon-HostDiscovery,Reconnaissance,near,4,0.7855865387764056,0.3663255586002147,0.45389687563885334,0.22151443362288323,0.0490500791745061,0.0194938919491469,3,18995,96201,0.22934768431425925
ciciot2023,with_normal,edl:vacuity,Recon-OSScan,Reconnaissance,near,4,0.7561407390726219,0.32852711992594164,0.5414067914067914,0.16077317056058368,0.050114345114345066,0.009631411837335123,3,19004,96200,0.17159777578796295
ciciot2023,with_normal,edl:vacuity,Recon-PingSweep,Reconnaissance,near,4,0.9064088129931225,0.06295202494762754,0.2963605084264502,0.3435468895078923,0.049880576572965206,0.0053635041407513575,3,1077,99785,0.32648581270292837
ciciot2023,with_normal,edl:vacuity,Recon-PortScan,Reconnaissance,near,4,0.7629342174944749,0.35954395975988634,0.5367635084801553,0.21478632028244712,0.0500701626734577,0.006436403481343685,3,18977,96205,0.17063144220412732
ciciot2023,with_normal,edl:vacuity,SqlInjection,WebApplication,near,4,0.9358592562040101,0.1704050380889965,0.14113425995718634,0.44680283006274196,0.0503613029014783,0.004383335714128763,3,2497,99501,0.20030438255486502
ciciot2023,with_normal,edl:vacuity,Uploading_Attack,WebApplication,near,4,0.9266762374518742,0.03700301722989777,0.13265786285679956,0.2941834451901566,0.050076257412988066,0.002544533477417168,3,596,99881,0.0709259389723509
ciciot2023,with_normal,edl:vacuity,VulnerabilityScan,Reconnaissance,near,4,0.7845776138495543,0.5544580999207489,0.617272045430194,0.4251414016556167,0.0491215700099888,0.02693792180980831,3,17798,96441,0.32899368097107384
ciciot2023,with_normal,edl:vacuity,XSS,WebApplication,near,4,0.9273085122350645,0.10873679740171753,0.13510782798375384,0.3498998725650828,0.051086978340727,0.00614821077226515,3,1831,99634,0.053819968914113205
ciciot2023,with_normal,fusion_rank,Backdoor_Malware,Malware_C2,far,0,0.8391701692470518,0.05537664202581633,0.3556616580068342,0.2077893820713664,0.049715462649039366,0.013455681713163765,3,1532,99694,0.053293061094779666
ciciot2023,with_normal,fusion_rank,BrowserHijacking,WebApplication,near,4,0.8764752432071555,0.16185986085065546,0.32327722022217303,0.3445639187574671,0.050907396606397,0.0034103604466476636,3,2790,99442,0.20521968517845904
ciciot2023,with_normal,fusion_rank,CommandInjection,WebApplication,near,4,0.8264132587030325,0.11737787533688616,0.39987267762309225,0.3096440129449838,0.051022767251344366,0.003994072947750073,3,2575,99485,0.16142002046978618
ciciot2023,with_normal,fusion_rank,DDoS-ACK_Fragmentation,DDoS,near,11,0.9950065916975018,0.9516196439687102,0.008677631533348534,0.9966089844432791,0.04942853776363843,0.0019210779078596496,3,19070,96186,0.3819470956609756
ciciot2023,with_normal,fusion_rank,DDoS-HTTP_Flood,DDoS,near,11,0.9420060590935426,0.5546298342839004,0.16595893439167578,0.5912793949563483,0.04975717757054183,0.00198549254266139,3,13707,97259,0.36069251935659813
ciciot2023,with_normal,fusion_rank,DDoS-ICMP_Flood,DDoS,near,11,0.9947482716269381,0.9275534524199354,0.005985908174505834,0.9998233808438863,0.049834071179653404,0.0004990190030294063,3,18873,96226,0.8963600003329604
ciciot2023,with_normal,fusion_rank,DDoS-ICMP_Fragmentation,DDoS,near,11,0.9948463263353989,0.9550661941329586,0.019503675132814167,0.9897368651105865,0.05010032540779933,0.001471058970770633,3,19065,96187,0.8081019121169684
ciciot2023,with_normal,fusion_rank,DDoS-PSHACK_Flood,DDoS,near,11,0.996474609471783,0.9548439287719054,0.0055926318634482676,0.9998947977486718,0.049716903331323566,0.0017405435088286615,3,19011,96198,1.2386270935499277
ciciot2023,with_normal,fusion_rank,DDoS-RSTFINFlood,DDoS,near,11,0.9905588441719679,0.9143130808456954,0.021015931767535467,0.9998778167600495,0.0495142838329122,0.004709366079701582,3,19097,96181,2.0793605081370066
ciciot2023,with_normal,fusion_rank,DDoS-SYN_Flood,DDoS,near,11,0.56680924382833,0.16725166338501887,0.5602233033932136,0.022527963031034964,0.0493804058549567,0.020569428981541963,3,19043,96192,0.12781385589438585
ciciot2023,with_normal,fusion_rank,DDoS-SlowLoris,DDoS,near,11,0.9828196366467367,0.8397928460832559,0.062166308683645234,0.9157177441047253,0.0483345266100712,0.00047793741727615726,3,11153,97770,0.34481524167422145
ciciot2023,with_normal,fusion_rank,DDoS-SynonymousIP_Flood,DDoS,near,11,0.5433276365002621,0.16371922467901287,0.8599566761979031,0.013994910941475735,0.049735724807209065,0.011939908204464268,3,19126,96175,0.0658598981072422
ciciot2023,with_normal,fusion_rank,DDoS-TCP_Flood,DDoS,near,11,0.6064773179577373,0.19270786687135485,0.5454050775496058,0.0279375370351005,0.04959362273633127,0.025370681406495187,3,19126,96175,0.09589389407954707
ciciot2023,with_normal,fusion_rank,DDoS-UDP_Flood,DDoS,near,11,0.41633814187203755,0.13258779428637787,0.7131664483578325,0.0024346242096228666,0.04950412707653277,0.04126841259867829,3,19031,96194,0.1681116320446224
ciciot2023,with_normal,fusion_rank,DDoS-UDP_Fragmentation,DDoS,near,11,0.9976073998637913,0.9830660328481292,0.0053065649690507664,0.9943547816238408,0.049227742389131905,0.00012740459317329224,3,18836,96233,0.3869676421257309
ciciot2023,with_normal,fusion_rank,DNS_Spoofing,MITM_Spoofing,near,1,0.8899465310982541,0.5829633489908467,0.32184852107917034,0.39184750323234435,0.049557276775658,0.0006780774016635188,3,19078,96185,0.1642927383978995
ciciot2023,with_normal,fusion_rank,DictionaryBruteForce,CredentialAttack,far,0,0.8722351478436771,0.2506017073642203,0.31200129612377975,0.3063772775991425,0.051061876409197036,0.004162570738006957,3,6220,98756,0.2707438242152502
ciciot2023,with_normal,fusion_rank,DoS-HTTP_Flood,DoS,near,3,0.9518244944401201,0.7344852381672436,0.1776731357608895,0.7017580797978734,0.04986434652446433,0.0008743569869164625,3,18998,96201,0.40205664835436195
ciciot2023,with_normal,fusion_rank,DoS-SYN_Flood,DoS,near,3,0.6141155278597993,0.21685860320200664,0.7329528126646151,0.09488375342800744,0.04843147855499177,0.013523935026133173,3,19083,96184,0.06565864525062849
ciciot2023,with_normal,fusion_rank,DoS-TCP_Flood,DoS,near,3,0.6751915099368628,0.29366309465063706,0.7185098928062715,0.14696128739484063,0.04970836235846993,0.02345485318006823,3,19098,96181,0.09526004087724023
ciciot2023,with_normal,fusion_rank,DoS-UDP_Flood,DoS,near,3,0.5194084387045058,0.3908203444653185,0.927388106774245,0.30615733472876333,0.04895783512514983,0.009777317218142827,3,19110,96178,0.167007392125104
ciciot2023,with_normal,fusion_rank,MITM-ArpSpoofing,MITM_Spoofing,near,1,0.9243446996243337,0.7067594260901694,0.28852399918194455,0.5997707019646673,0.05056345302593853,0.0035778921941458613,3,19189,96163,0.24789559184656731
ciciot2023,with_normal,fusion_rank,Mirai-greeth_flood,Mirai,near,2,0.38971617655284935,0.12560947441077672,0.8040469137085737,0.005532430581168633,0.0502780520762954,0.038927171065953114,3,18979,96205,0.0379744548264496
ciciot2023,with_normal,fusion_rank,Mirai-greip_flood,Mirai,near,2,0.4234274865787669,0.13350579512764418,0.7974994627345771,0.0211929970966115,0.05029844227689617,0.01628745515319773,3,19173,96166,0.0376406194312063
ciciot2023,with_normal,fusion_rank,Mirai-udpplain,Mirai,near,2,0.9992998508934196,0.9922473353966872,0.0016355156378857,0.9993688196928256,0.0506282181888743,0.0002327190300972241,3,19012,96198,0.6903346047482944
ciciot2023,with_normal,fusion_rank,Recon-HostDiscovery,Reconnaissance,near,4,0.8926989559659066,0.5137567907418054,0.31161491737785124,0.3602176011231026,0.0505088304695377,0.00446019917831168,3,18995,96201,0.22934768431425925
ciciot2023,with_normal,fusion_rank,Recon-OSScan,Reconnaissance,near,4,0.8406765671792771,0.41914405714293107,0.35524601524601523,0.2193573282817652,0.05003811503811497,0.0037297882434622616,3,19004,96200,0.17159777578796295
ciciot2023,with_normal,fusion_rank,Recon-PingSweep,Reconnaissance,near,4,0.8426017345525625,0.0468518759431793,0.3785672529271266,0.2705044877746828,0.049803744717809906,0.006826587077764948,3,1077,99785,0.32648581270292837
ciciot2023,with_normal,fusion_rank,Recon-PortScan,Reconnaissance,near,4,0.8408773793482546,0.38696968940395243,0.3354226218318521,0.17190985579034265,0.05136947144119323,0.004687950637995298,3,18977,96205,0.17063144220412732
ciciot2023,with_normal,fusion_rank,SqlInjection,WebApplication,near,4,0.8808852845033254,0.12663895257741567,0.3158996727001069,0.33346682685889734,0.050126799395650935,0.004581778845965859,3,2497,99501,0.20030438255486502
ciciot2023,with_normal,fusion_rank,Uploading_Attack,WebApplication,near,4,0.7493992179552729,0.011372906524319,0.4442853662525071,0.08724832214765095,0.05044336093284333,0.010276172545549344,3,596,99881,0.0709259389723509
ciciot2023,with_normal,fusion_rank,VulnerabilityScan,Reconnaissance,near,4,0.9902180887905825,0.9271244579461199,0.030481503371664165,0.978199797730082,0.05038313580323717,0.0017118099278847253,3,17798,96441,0.32899368097107384
ciciot2023,with_normal,fusion_rank,XSS,WebApplication,near,4,0.7781995356235206,0.04098122985180636,0.4114358552301423,0.11432732568723826,0.0520471592695933,0.005447380062628393,3,1831,99634,0.053819968914113205
ciciot2023,with_normal,fusion_z,Backdoor_Malware,Malware_C2,far,0,0.7882515493057145,0.03324365781688587,0.36061682080499663,0.08986074847693644,0.050427641917601164,0.011340922206042658,3,1532,99694,0.053293061094779666
ciciot2023,with_normal,fusion_z,BrowserHijacking,WebApplication,near,4,0.8276070461226211,0.09120420590752397,0.34483752673250073,0.19940262843488651,0.049539765223279165,0.002226193850938989,3,2790,99442,0.20521968517845904
ciciot2023,with_normal,fusion_z,CommandInjection,WebApplication,near,4,0.803256596715805,0.09896089628619503,0.3668224690489353,0.2591585760517799,0.05077817426412687,0.0018515887169086595,3,2575,99485,0.16142002046978618
ciciot2023,with_normal,fusion_z,DDoS-ACK_Fragmentation,DDoS,near,11,0.990138487943084,0.8834892371079112,0.020474220087469366,0.9882363223212725,0.04878395331267887,0.0008966845297932309,3,19070,96186,0.3819470956609756
ciciot2023,with_normal,fusion_z,DDoS-HTTP_Flood,DDoS,near,11,0.9305024248865333,0.5079818834700233,0.19410714346915622,0.4835242333600836,0.049356186402629336,0.0011833966306576526,3,13707,97259,0.36069251935659813
ciciot2023,with_normal,fusion_z,DDoS-ICMP_Flood,DDoS,near,11,0.9999303926773555,0.9996377559761628,1.3856268922467246e-05,0.9994878044472704,0.05031211245747854,3.559840184215893e-06,3,18873,96226,0.8963600003329604
ciciot2023,with_normal,fusion_z,DDoS-ICMP_Fragmentation,DDoS,near,11,0.9976712627720074,0.9860030887883151,0.0005648718988359,0.985313401521112,0.04965674502098336,0.00015778964007690413,3,19065,96187,0.8081019121169684
ciciot2023,with_normal,fusion_z,DDoS-PSHACK_Flood,DDoS,near,11,0.9883248586947734,0.8488083084028917,0.017003125498104565,0.9988953763610541,0.0502643852609548,0.003539424620788016,3,19011,96198,1.2386270935499277
ciciot2023,with_normal,fusion_z,DDoS-RSTFINFlood,DDoS,near,11,0.9991959567645553,0.9865905771421849,0.0013758781186859,0.9994065385488122,0.04935832787487476,0.001083240225354759,3,19097,96181,2.0793605081370066
ciciot2023,with_normal,fusion_z,DDoS-SYN_Flood,DDoS,near,11,0.6338236644756198,0.19077374163131844,0.4448256265247283,0.0123229883246687,0.049920991350632,0.012197428548486681,3,19043,96192,0.12781385589438585
ciciot2023,with_normal,fusion_z,DDoS-SlowLoris,DDoS,near,11,0.9572961824073597,0.6025436792437926,0.10207971088609318,0.6223437640096835,0.048692509631447896,0.0029354916678325424,3,11153,97770,0.34481524167422145
ciciot2023,with_normal,fusion_z,DDoS-SynonymousIP_Flood,DDoS,near,11,0.6339442024765775,0.19505919200029273,0.6668988822459059,0.019624246226776765,0.049136123386188335,0.03484575983268861,3,19126,96175,0.0658598981072422
ciciot2023,with_normal,fusion_z,DDoS-TCP_Flood,DDoS,near,11,0.6561902375830554,0.20524689619075442,0.44463044796811363,0.0235804663808428,0.048914305519452334,0.013912765262907528,3,19126,96175,0.09589389407954707
ciciot2023,with_normal,fusion_z,DDoS-UDP_Flood,DDoS,near,11,0.5667916911922768,0.17054467843744262,0.4940848701582219,0.0018916504650307003,0.0499268838666306,0.017150186309287843,3,19031,96194,0.1681116320446224
ciciot2023,with_normal,fusion_z,DDoS-UDP_Fragmentation,DDoS,near,11,0.9942305372040345,0.9320001065383408,0.012057540898998567,0.9895413038861754,0.04952909431622551,0.0007674889218114416,3,18836,96233,0.3869676421257309
ciciot2023,with_normal,fusion_z,DNS_Spoofing,MITM_Spoofing,near,1,0.8697286374004634,0.49130832216204,0.33154857826064354,0.31902365726665965,0.04896466878064837,0.00057471727658143,3,19078,96185,0.1642927383978995
ciciot2023,with_normal,fusion_z,DictionaryBruteForce,CredentialAttack,far,0,0.8118899007186376,0.13774998229128402,0.3433310381141399,0.10852090032154336,0.050572454669420897,0.002753680614543487,3,6220,98756,0.2707438242152502
ciciot2023,with_normal,fusion_z,DoS-HTTP_Flood,DoS,near,3,0.957357435912446,0.7899562607433949,0.1559685796751939,0.6926343123837597,0.04880060151834867,0.0016125540313742354,3,18998,96201,0.40205664835436195
ciciot2023,with_normal,fusion_z,DoS-SYN_Flood,DoS,near,3,0.6921705713129587,0.2368302835103847,0.5124345005406304,0.07952977344582433,0.04889240067648117,0.015298110263930522,3,19083,96184,0.06565864525062849
ciciot2023,with_normal,fusion_z,DoS-TCP_Flood,DoS,near,3,0.7447296161952527,0.32184930128621075,0.5091476833608856,0.16434530666387404,0.05006879390593427,0.018134097175997392,3,19098,96181,0.09526004087724023
ciciot2023,with_normal,fusion_z,DoS-UDP_Flood,DoS,near,3,0.6717452594048966,0.3936461116005922,0.6495352367485288,0.30729112157683586,0.0490999327635564,0.007379182206298037,3,19110,96178,0.167007392125104
ciciot2023,with_normal,fusion_z,MITM-ArpSpoofing,MITM_Spoofing,near,1,0.9071785955776722,0.678754675608975,0.30910710633681004,0.5229211180016329,0.0493225044975718,0.0036097299837180093,3,19189,96163,0.24789559184656731
ciciot2023,with_normal,fusion_z,Mirai-greeth_flood,Mirai,near,2,0.47592981620242014,0.14534590715134796,0.8080002771858705,0.015332736182095968,0.050472082185610535,0.09111026464483624,3,18979,96205,0.0379744548264496
ciciot2023,with_normal,fusion_z,Mirai-greip_flood,Mirai,near,2,0.4559113474540588,0.1473451195363136,0.7812983105602118,0.04556755159164794,0.0492273776594638,0.07548774167081782,3,19173,96166,0.0376406194312063
ciciot2023,with_normal,fusion_z,Mirai-udpplain,Mirai,near,2,0.9945075352823749,0.9248690514707983,0.0105892707402094,0.9976330738480961,0.04973769378434753,0.0009370903484298364,3,19012,96198,0.6903346047482944
ciciot2023,with_normal,fusion_z,Recon-HostDiscovery,Reconnaissance,near,4,0.8584949447187519,0.4138238238398357,0.33708935804548107,0.18761077476528906,0.0500653146363689,0.0027108638737106325,3,18995,96201,0.22934768431425925
ciciot2023,with_normal,fusion_z,Recon-OSScan,Reconnaissance,near,4,0.8222830934086459,0.3701679215992287,0.3996257796257796,0.15168736406370587,0.04936936936936934,0.0030302191711188806,3,19004,96200,0.17159777578796295
ciciot2023,with_normal,fusion_z,Recon-PingSweep,Reconnaissance,near,4,0.8067351832127715,0.02877802543077933,0.35940939686993706,0.14484679665738157,0.04999081358253573,0.0028004035764709013,3,1077,99785,0.32648581270292837
ciciot2023,with_normal,fusion_z,Recon-PortScan,Reconnaissance,near,4,0.8231045664479714,0.3599066852399844,0.4011884344195555,0.13788621313519875,0.05044436359856553,0.00446900687990904,3,18977,96205,0.17063144220412732
ciciot2023,with_normal,fusion_z,SqlInjection,WebApplication,near,4,0.8176184865321364,0.06089698451201683,0.35046883950915064,0.09958617007075153,0.0497281434357443,0.003723932055447114,3,2497,99501,0.20030438255486502
ciciot2023,with_normal,fusion_z,Uploading_Attack,WebApplication,near,4,0.7346937990436807,0.010026480786161333,0.37620434984297974,0.040827740492169966,0.049909392176690236,0.005788511786499329,3,596,99881,0.0709259389723509
ciciot2023,with_normal,fusion_z,VulnerabilityScan,Reconnaissance,near,4,0.9536821459564301,0.6796668891035154,0.10170639734829233,0.587537925609619,0.050244882017675706,0.005437883547634546,3,17798,96441,0.32899368097107384
ciciot2023,with_normal,fusion_z,XSS,WebApplication,near,4,0.7497735248237752,0.0320685757943808,0.3715799827368167,0.05370471509193513,0.0514315728901111,0.005322509257223511,3,1831,99634,0.053819968914113205
ciciot2023,with_normal,mlp:energy,Backdoor_Malware,Malware_C2,far,0,0.948342194739925,0.13955374357915643,0.11447696618318716,0.5378590078328982,0.04872242395062217,0.013169000405325997,3,1532,99694,0.053293061094779666
ciciot2023,with_normal,mlp:energy,BrowserHijacking,WebApplication,near,4,0.9210654562374417,0.17137173315292434,0.1999322888383848,0.4008363201911589,0.04869840375964543,0.009449639252758674,3,2790,99442,0.20521968517845904
ciciot2023,with_normal,mlp:energy,CommandInjection,WebApplication,near,4,0.8990785203994749,0.1286326186434726,0.318734817644201,0.32556634304207116,0.0494881975507195,0.0284312396574722,3,2575,99485,0.16142002046978618
ciciot2023,with_normal,mlp:energy,DDoS-ACK_Fragmentation,DDoS,near,11,0.9227970354792365,0.6572387538354602,0.2048219075541139,0.4740779583988813,0.0496815198331011,0.020931084135983682,3,19070,96186,0.3819470956609756
ciciot2023,with_normal,mlp:energy,DDoS-HTTP_Flood,DDoS,near,11,0.6442713607340347,0.16690969867756678,0.7515636941911117,0.027115099340969298,0.05022328696230333,0.04070944428676819,3,13707,97259,0.36069251935659813
ciciot2023,with_normal,mlp:energy,DDoS-ICMP_Flood,DDoS,near,11,0.9578032726334743,0.7905454362791003,0.10750386243496211,0.7018845263957328,0.050145837230408934,0.042211442150155626,3,18873,96226,0.8963600003329604
ciciot2023,with_normal,mlp:energy,DDoS-ICMP_Fragmentation,DDoS,near,11,0.5573015037685397,0.17678534521123257,0.5834191037596903,0.0124486406154384,0.04898444349721546,0.17902936780849096,3,19065,96187,0.8081019121169684
ciciot2023,with_normal,mlp:energy,DDoS-PSHACK_Flood,DDoS,near,11,0.8278176855286206,0.34390486695391836,0.2636541300234932,0.05642347412901297,0.050146572693818926,0.03908956612504409,3,19011,96198,1.2386270935499277
ciciot2023,with_normal,mlp:energy,DDoS-RSTFINFlood,DDoS,near,11,0.9007963929520454,0.5383775755749854,0.146078747361745,0.3534586584280253,0.04948309264130474,0.07407466982486359,3,19097,96181,2.0793605081370066
ciciot2023,with_normal,mlp:energy,DDoS-SYN_Flood,DDoS,near,11,0.6053561931221957,0.1846278750422221,0.5062617819915723,0.0008752122389679,0.04860071523619423,0.07548252354937182,3,19043,96192,0.12781385589438585
ciciot2023,with_normal,mlp:energy,DDoS-SlowLoris,DDoS,near,11,0.8876531455241601,0.42313273293858217,0.2594354096348573,0.2989330225051556,0.05062902730899044,0.026621946947889906,3,11153,97770,0.34481524167422145
ciciot2023,with_normal,mlp:energy,DDoS-SynonymousIP_Flood,DDoS,near,11,0.4188838768343493,0.13264215402057916,0.7024451953903474,0.0005402767611279333,0.05032839441989423,0.041602617435956266,3,19126,96175,0.0658598981072422
ciciot2023,with_normal,mlp:energy,DDoS-TCP_Flood,DDoS,near,11,0.23500511237174024,0.1074719727140293,0.8328394419894289,0.00041827878280870003,0.04939260029460183,0.02623603242310027,3,19126,96175,0.09589389407954707
ciciot2023,with_normal,mlp:energy,DDoS-UDP_Flood,DDoS,near,11,0.15899724068338542,0.10018539625602042,0.8823869818630407,0.0010158863608497666,0.04953877927244247,0.07049781049212644,3,19031,96194,0.1681116320446224
ciciot2023,with_normal,mlp:energy,DDoS-UDP_Fragmentation,DDoS,near,11,0.8663444130897201,0.39183677894329755,0.1757228116481179,0.09131450414100654,0.0496122258823203,0.016862562781016444,3,18836,96233,0.3869676421257309
ciciot2023,with_normal,mlp:energy,DNS_Spoofing,MITM_Spoofing,near,1,0.8697672225925396,0.4869286699827286,0.39100691375994173,0.2790998357619596,0.04881911593976881,0.008994634735997462,3,19078,96185,0.1642927383978995
ciciot2023,with_normal,mlp:energy,DictionaryBruteForce,CredentialAttack,far,0,0.9188277859856355,0.2979592484366035,0.19228198792984727,0.3655948553054662,0.05060620789285373,0.008576976371612376,3,6220,98756,0.2707438242152502
ciciot2023,with_normal,mlp:energy,DoS-HTTP_Flood,DoS,near,3,0.5731778560856043,0.1808959553550685,0.7510940634712737,0.0318103660034389,0.0491644231002449,0.042534430151934845,3,18998,96201,0.40205664835436195
ciciot2023,with_normal,mlp:energy,DoS-SYN_Flood,DoS,near,3,0.6599272790189628,0.20506614376399387,0.493484709861654,0.0125766388932557,0.0495855166486456,0.0561331371728858,3,19083,96184,0.06565864525062849
ciciot2023,with_normal,mlp:energy,DoS-TCP_Flood,DoS,near,3,0.3035235240603764,0.11400019299937092,0.8673230679656064,0.008569832792264434,0.0494830926413047,0.07023465538935075,3,19098,96181,0.09526004087724023
ciciot2023,with_normal,mlp:energy,DoS-UDP_Flood,DoS,near,3,0.49125680273106326,0.315419709595198,0.8125212280008595,0.2465201465201465,0.04969604968565223,0.0677962145014459,3,19110,96178,0.167007392125104
ciciot2023,with_normal,mlp:energy,MITM-ArpSpoofing,MITM_Spoofing,near,1,0.8773897814719064,0.5423148593732431,0.3991521340501718,0.33965640036826655,0.04947155697444263,0.018817949492237303,3,19189,96163,0.24789559184656731
ciciot2023,with_normal,mlp:energy,Mirai-greeth_flood,Mirai,near,2,0.07581313084941277,0.09135270215745246,0.9912236023768687,0.0029155030999174,0.05023993901910847,0.03907416114213628,3,18979,96205,0.0379744548264496
ciciot2023,with_normal,mlp:energy,Mirai-greip_flood,Mirai,near,2,0.12762031279879052,0.09607921661074213,0.9708351531033143,0.006919452702585167,0.05041976027563443,0.04007425049016231,3,19173,96166,0.0376406194312063
ciciot2023,with_normal,mlp:energy,Mirai-udpplain,Mirai,near,2,0.975234368871257,0.8696736242372656,0.10624614510350172,0.8076302686022863,0.0498970872575313,0.014147836663058392,3,19012,96198,0.6903346047482944
ciciot2023,with_normal,mlp:energy,Recon-HostDiscovery,Reconnaissance,near,4,0.7190884599686039,0.3075601546775358,0.683596497610905,0.13349126963235936,0.0500479897991358,0.0341917702455627,3,18995,96201,0.22934768431425925
ciciot2023,with_normal,mlp:energy,Recon-OSScan,Reconnaissance,near,4,0.8241121541250461,0.4018321128843117,0.5582571032571032,0.1792955868939872,0.049660429660429606,0.009250313039057911,3,19004,96200,0.17159777578796295
ciciot2023,with_normal,mlp:energy,Recon-PingSweep,Reconnaissance,near,4,0.9196430573954367,0.08245712790422194,0.19709375156586653,0.4144227793252863,0.04912227956773724,0.007618553048885234,3,1077,99785,0.32648581270292837
ciciot2023,with_normal,mlp:energy,Recon-PortScan,Reconnaissance,near,4,0.819275259970366,0.3956278853274757,0.5784522633958734,0.18520665366847586,0.049588552223550374,0.024609241136987092,3,18977,96205,0.17063144220412732
ciciot2023,with_normal,mlp:energy,SqlInjection,WebApplication,near,4,0.94021160384069,0.19295074523079872,0.14070880359661372,0.4650914430650113,0.04975159378632706,0.0016642423611974134,3,2497,99501,0.20030438255486502
ciciot2023,with_normal,mlp:energy,Uploading_Attack,WebApplication,near,4,0.9221838977197184,0.0343289957367808,0.13978634575144416,0.2634228187919463,0.04919520896533539,0.01025676101411978,3,596,99881,0.0709259389723509
ciciot2023,with_normal,mlp:energy,VulnerabilityScan,Reconnaissance,near,4,0.9558311941661368,0.768340394361081,0.1481423875737497,0.70279432145934,0.050186124158812066,0.020359371764479783,3,17798,96441,0.32899368097107384
ciciot2023,with_normal,mlp:energy,XSS,WebApplication,near,4,0.9315291427027069,0.11313394096650091,0.13611819258486058,0.36974330966684876,0.0497922395969247,0.006822053023738683,3,1831,99634,0.053819968914113205
ciciot2023,with_normal,mlp:entropy,Backdoor_Malware,Malware_C2,far,0,0.9394164539923846,0.11355474243341868,0.1239660026347289,0.41949521322889466,0.049822456717555696,0.004487370981669885,3,1532,99694,0.053293061094779666
ciciot2023,with_normal,mlp:entropy,BrowserHijacking,WebApplication,near,4,0.9149041766557989,0.1747401701138219,0.24925417161092225,0.4021505376344086,0.049858208805132566,0.004853490308377898,3,2790,99442,0.20521968517845904
ciciot2023,with_normal,mlp:entropy,CommandInjection,WebApplication,near,4,0.8523838297978927,0.14704847543165006,0.5579735638538473,0.44012944983818764,0.04897220686535656,0.002936931851674436,3,2575,99485,0.16142002046978618
ciciot2023,with_normal,mlp:entropy,DDoS-ACK_Fragmentation,DDoS,near,11,0.601754133557574,0.19440516333356647,0.6081792915115852,0.007393812270582033,0.049279520928201564,0.12033417995371143,3,19070,96186,0.3819470956609756
ciciot2023,with_normal,mlp:entropy,DDoS-HTTP_Flood,DDoS,near,11,0.5346453098325418,0.1205472172840358,0.7628531378415708,0.0006809172928673667,0.050483759857699505,0.02827584888641227,3,13707,97259,0.36069251935659813
ciciot2023,with_normal,mlp:entropy,DDoS-ICMP_Flood,DDoS,near,11,0.845281556930492,0.35637330772154224,0.19217952182015943,0.00022960490294776667,0.04975786170057983,0.010120280831604489,3,18873,96226,0.8963600003329604
ciciot2023,with_normal,mlp:entropy,DDoS-ICMP_Fragmentation,DDoS,near,11,0.3622476723815295,0.12389178011500519,0.7792944992566563,0.0013987236646559999,0.0504607344720873,0.13694066447070372,3,19065,96187,0.8081019121169684
ciciot2023,with_normal,mlp:entropy,DDoS-PSHACK_Flood,DDoS,near,11,0.42645462078885693,0.13470669303349533,0.649694726848098,0.0005084775480861666,0.04998024906962717,0.026379870711557164,3,19011,96198,1.2386270935499277
ciciot2023,with_normal,mlp:entropy,DDoS-RSTFINFlood,DDoS,near,11,0.7429421012059859,0.25464632467618825,0.39333478892227497,0.00027927597702953334,0.048564685332861963,0.03141353225363867,3,19097,96181,2.0793605081370066
ciciot2023,with_normal,mlp:entropy,DDoS-SYN_Flood,DDoS,near,11,0.650846762345649,0.2030158949706737,0.49307981259702816,0.00014003395823483332,0.049782379685074235,0.05717254301330817,3,19043,96192,0.12781385589438585
ciciot2023,with_normal,mlp:entropy,DDoS-SlowLoris,DDoS,near,11,0.7724404024443681,0.20271912893291386,0.5662200402304729,0.03278639528975757,0.0502676349255054,0.02200334787796194,3,11153,97770,0.34481524167422145
ciciot2023,with_normal,mlp:entropy,DDoS-SynonymousIP_Flood,DDoS,near,11,0.5328341355825068,0.1570064989622488,0.6237137163157439,0.0002614242392554,0.050612598561649735,0.004112278340324384,3,19126,96175,0.0658598981072422
ciciot2023,with_normal,mlp:entropy,DDoS-TCP_Flood,DDoS,near,11,0.21846127654418726,0.10645689085522854,0.8362048349363139,0.0002091393914043,0.05062992808248847,0.04118535137812076,3,19126,96175,0.09589389407954707
ciciot2023,with_normal,mlp:entropy,DDoS-UDP_Flood,DDoS,near,11,0.19964041069800798,0.10446449778610704,0.8439507661600515,0.0002977597954214333,0.050446666805275396,0.016753411596573918,3,19031,96194,0.1681116320446224
ciciot2023,with_normal,mlp:entropy,DDoS-UDP_Fragmentation,DDoS,near,11,0.8352545953053729,0.33912706430390793,0.23517573666690908,0.014847455227578368,0.05029113367209443,0.028787644814311456,3,18836,96233,0.3869676421257309
ciciot2023,with_normal,mlp:entropy,DNS_Spoofing,MITM_Spoofing,near,1,0.7378502270320851,0.3819004407254332,0.6453466410216423,0.25079498200370404,0.04907556618322323,0.0060002955225867865,3,19078,96185,0.1642927383978995
ciciot2023,with_normal,mlp:entropy,DictionaryBruteForce,CredentialAttack,far,0,0.9290047103437283,0.33660695004873714,0.16236313067897976,0.4213290460878885,0.04991764213482383,0.00377679680464365,3,6220,98756,0.2707438242152502
ciciot2023,with_normal,mlp:entropy,DoS-HTTP_Flood,DoS,near,3,0.4397631489456652,0.1338192998776191,0.7723585686912471,0.0010702881005017668,0.049469340235548435,0.025533595747401983,3,18998,96201,0.40205664835436195
ciciot2023,with_normal,mlp:entropy,DoS-SYN_Flood,DoS,near,3,0.5576484436231396,0.1641416566291068,0.5647751531786298,0.0003144159723313333,0.05096481743325287,0.005463068295187524,3,19083,96184,0.06565864525062849
ciciot2023,with_normal,mlp:entropy,DoS-TCP_Flood,DoS,near,3,0.25712855029321524,0.10888919676965686,0.8708026186738199,0.00033162285754176666,0.05009305372162897,0.0250080903203349,3,19098,96181,0.09526004087724023
ciciot2023,with_normal,mlp:entropy,DoS-UDP_Flood,DoS,near,3,0.3947475733778214,0.14245134613215063,0.8653260967511628,0.006506192220477867,0.05024364546292629,0.038091051560605396,3,19110,96178,0.167007392125104
ciciot2023,with_normal,mlp:entropy,MITM-ArpSpoofing,MITM_Spoofing,near,1,0.6900338003520295,0.2759742158024433,0.6401457247936663,0.11228655305991274,0.0494784896477855,0.013609862656618985,3,19189,96163,0.24789559184656731
ciciot2023,with_normal,mlp:entropy,Mirai-greeth_flood,Mirai,near,2,0.04526051444072393,0.08935019554016181,0.9986833671153613,0.0007376574108224333,0.04925246435562943,0.026346829644955008,3,18979,96205,0.0379744548264496
ciciot2023,with_normal,mlp:entropy,Mirai-greip_flood,Mirai,near,2,0.08316140619237747,0.09182616118479874,0.9918716940845345,0.0011822180496878665,0.05031923964810844,0.015435770916980448,3,19173,96166,0.0376406194312063
ciciot2023,with_normal,mlp:entropy,Mirai-udpplain,Mirai,near,2,0.7942942093451589,0.30276249353936363,0.41307511590677565,0.0007714425976576,0.050125782240795,0.024259320429189282,3,19012,96198,0.6903346047482944
ciciot2023,with_normal,mlp:entropy,Recon-HostDiscovery,Reconnaissance,near,4,0.7880538874619454,0.38898076722173003,0.4622890267945932,0.26968500482583135,0.04976732743595871,0.015328359722607376,3,18995,96201,0.22934768431425925
ciciot2023,with_normal,mlp:entropy,Recon-OSScan,Reconnaissance,near,4,0.7896630649702372,0.35651704312850585,0.5695460845460846,0.12274608854276291,0.050079695079695036,0.005358094383517672,3,19004,96200,0.17159777578796295
ciciot2023,with_normal,mlp:entropy,Recon-PingSweep,Reconnaissance,near,4,0.9143101323059682,0.06290606342816657,0.1867214511199077,0.27886103373568555,0.0490755123515558,0.002666469516079743,3,1077,99785,0.32648581270292837
ciciot2023,with_normal,mlp:entropy,Recon-PortScan,Reconnaissance,near,4,0.7756839361565039,0.3812343704323613,0.5835420889420161,0.21422423635629095,0.049650919044401665,0.004274484902165644,3,18977,96205,0.17063144220412732
ciciot2023,with_normal,mlp:entropy,SqlInjection,WebApplication,near,4,0.9264769344805509,0.14512029573359111,0.14522802115891628,0.3389400614070217,0.0497549438364103,0.002798030681255399,3,2497,99501,0.20030438255486502
ciciot2023,with_normal,mlp:entropy,Uploading_Attack,WebApplication,near,4,0.9487437477891755,0.05624951492692043,0.11637515309885431,0.5592841163310962,0.04999949940429107,0.004887091673599497,3,596,99881,0.0709259389723509
ciciot2023,with_normal,mlp:entropy,VulnerabilityScan,Reconnaissance,near,4,0.7996674518534773,0.32816608282351867,0.5947470474175921,0.07248005393864473,0.05017575512489497,0.007360192413990601,3,17798,96441,0.32899368097107384
ciciot2023,with_normal,mlp:entropy,XSS,WebApplication,near,4,0.9413601789101907,0.14700680042585254,0.14494048216472286,0.531403604587657,0.04987922462880807,0.0030914695650251698,3,1831,99634,0.053819968914113205
ciciot2023,with_normal,mlp:mahalanobis,Backdoor_Malware,Malware_C2,far,0,0.6755886306266018,0.0217756779101315,0.5542794283841889,0.059181897302001706,0.05015681318166924,0.025016286932471186,3,1532,99694,0.053293061094779666
ciciot2023,with_normal,mlp:mahalanobis,BrowserHijacking,WebApplication,near,4,0.7341372216586234,0.0601314356261225,0.5272688267197629,0.1500597371565113,0.04898667900216536,0.002790437824205208,3,2790,99442,0.20521968517845904
ciciot2023,with_normal,mlp:mahalanobis,CommandInjection,WebApplication,near,4,0.7020238409036311,0.06818048671794373,0.5674222244559481,0.23003236245954692,0.0504230118443316,0.0042735497137698295,3,2575,99485,0.16142002046978618
ciciot2023,with_normal,mlp:mahalanobis,DDoS-ACK_Fragmentation,DDoS,near,11,0.983478630608536,0.8260917150730788,0.03567393730203283,0.9736060129348015,0.04873543620346684,0.0016398562463281277,3,19070,96186,0.3819470956609756
ciciot2023,with_normal,mlp:mahalanobis,DDoS-HTTP_Flood,DDoS,near,11,0.8915796282666584,0.39976968985313405,0.29721328274675524,0.25592762821915804,0.04904430438314187,0.004277927152136846,3,13707,97259,0.36069251935659813
ciciot2023,with_normal,mlp:mahalanobis,DDoS-ICMP_Flood,DDoS,near,11,0.9998812788373846,0.9993732841952045,3.11766050755513e-05,0.9993994948692135,0.05101878217252437,1.1584616290460406e-05,3,18873,96226,0.8963600003329604
ciciot2023,with_normal,mlp:mahalanobis,DDoS-ICMP_Fragmentation,DDoS,near,11,0.9965958940714176,0.9824568739321027,0.0007034907697159,0.9802430282367339,0.0494696095452954,0.00017336792699170284,3,19065,96187,0.8081019121169684
ciciot2023,with_normal,mlp:mahalanobis,DDoS-PSHACK_Flood,DDoS,near,11,0.9808464790097768,0.78586255667788,0.028205714602521133,0.9963354549120683,0.050108456863275,0.0060786201845291045,3,19011,96198,1.2386270935499277
ciciot2023,with_normal,mlp:mahalanobis,DDoS-RSTFINFlood,DDoS,near,11,0.9987791697227609,0.9802481061026418,0.0021660549727423,0.9990225340803965,0.05043269114135499,0.001628378494835528,3,19097,96181,2.0793605081370066
ciciot2023,with_normal,mlp:mahalanobis,DDoS-SYN_Flood,DDoS,near,11,0.41447910519290615,0.12923734170722004,0.7773134286981592,0.005356298902483801,0.04959525393657127,0.020953796466968804,3,19043,96192,0.12781385589438585
ciciot2023,with_normal,mlp:mahalanobis,DDoS-SlowLoris,DDoS,near,11,0.9308642092829517,0.4853045892880184,0.1648494766629163,0.42416091335664546,0.04877774368415666,0.005322580412694996,3,11153,97770,0.34481524167422145
ciciot2023,with_normal,mlp:mahalanobis,DDoS-SynonymousIP_Flood,DDoS,near,11,0.4792327717530223,0.1450908859350307,0.9192582965081016,0.011188957440133799,0.04879646477774887,0.004872955507519912,3,19126,96175,0.0658598981072422
ciciot2023,with_normal,mlp:mahalanobis,DDoS-TCP_Flood,DDoS,near,11,0.44949024923603914,0.14005503586713205,0.7757248072090807,0.022168775488863268,0.048224590590070136,0.024632652732785754,3,19126,96175,0.09589389407954707
ciciot2023,with_normal,mlp:mahalanobis,DDoS-UDP_Flood,DDoS,near,11,0.2854290608695804,0.11077884843379508,0.8763367084572149,0.0013311614383549,0.049545709711624364,0.03934423217616506,3,19031,96194,0.1681116320446224
ciciot2023,with_normal,mlp:mahalanobis,DDoS-UDP_Fragmentation,DDoS,near,11,0.9902590935354657,0.8946933761459852,0.021143128310108367,0.9845331634458837,0.049750778492478304,0.0016609406432326979,3,18836,96233,0.3869676421257309
ciciot2023,with_normal,mlp:mahalanobis,DNS_Spoofing,MITM_Spoofing,near,1,0.8106063106986401,0.4016578468216168,0.49120271698636303,0.26209945137505675,0.0484864237320441,0.0006231280812573402,3,19078,96185,0.1642927383978995
ciciot2023,with_normal,mlp:mahalanobis,DictionaryBruteForce,CredentialAttack,far,0,0.7054479672463062,0.09128998870821153,0.5290311474745838,0.0535905680600214,0.05046444435443579,0.008001382757533834,3,6220,98756,0.2707438242152502
ciciot2023,with_normal,mlp:mahalanobis,DoS-HTTP_Flood,DoS,near,3,0.9396478300760646,0.7292210486800142,0.20626258216304053,0.5712531143629154,0.048835251192815,0.00289070174648507,3,18998,96201,0.40205664835436195
ciciot2023,with_normal,mlp:mahalanobis,DoS-SYN_Flood,DoS,near,3,0.5109732963522129,0.16782813675985744,0.9134020904377721,0.047965903334556,0.04975186448196509,0.01762315850112341,3,19083,96184,0.06565864525062849
ciciot2023,with_normal,mlp:mahalanobis,DoS-TCP_Flood,DoS,near,3,0.5812961456791456,0.24009816229416991,0.9068908273636858,0.1168010611931441,0.05064409810669463,0.025477682309945515,3,19098,96181,0.09526004087724023
ciciot2023,with_normal,mlp:mahalanobis,DoS-UDP_Flood,DoS,near,3,0.47961484737165544,0.32250175986069346,0.9916890210512452,0.3017442874585732,0.04971337866594574,0.006093325115339555,3,19110,96178,0.167007392125104
ciciot2023,with_normal,mlp:mahalanobis,MITM-ArpSpoofing,MITM_Spoofing,near,1,0.8603617871600998,0.6046703295291656,0.47181348335638446,0.4634252262580993,0.04923584608078637,0.004316750761394184,3,19189,96163,0.24789559184656731
ciciot2023,with_normal,mlp:mahalanobis,Mirai-greeth_flood,Mirai,near,2,0.3973901140753437,0.12698754256858538,0.8137241654106683,0.018722447617542166,0.051189300625400565,0.034960444896862765,3,18979,96205,0.0379744548264496
ciciot2023,with_normal,mlp:mahalanobis,Mirai-greip_flood,Mirai,near,2,0.46061224178480753,0.1502233816931217,0.800199654763638,0.053182426676402494,0.049164985545826934,0.011217147264863158,3,19173,96166,0.0376406194312063
ciciot2023,with_normal,mlp:mahalanobis,Mirai-udpplain,Mirai,near,2,0.9908445487795956,0.887154179098693,0.018063438602327102,0.9941265165860159,0.0491139801936284,0.001035837090760692,3,19012,96198,0.6903346047482944
ciciot2023,with_normal,mlp:mahalanobis,Recon-HostDiscovery,Reconnaissance,near,4,0.7833567938262017,0.31788671210352326,0.519076378277426,0.08233745722558564,0.05034944196699267,0.004574842984768953,3,18995,96201,0.22934768431425925
ciciot2023,with_normal,mlp:mahalanobis,Recon-OSScan,Reconnaissance,near,4,0.7632139887244076,0.30380839532110177,0.4876957726957727,0.11462499122991647,0.049632709632709604,0.006657491815448486,3,19004,96200,0.17159777578796295
ciciot2023,with_normal,mlp:mahalanobis,Recon-PingSweep,Reconnaissance,near,4,0.6998137050058432,0.018684728523719232,0.5632777137512318,0.08696997833488083,0.04921247348465863,0.007164183323473604,3,1077,99785,0.32648581270292837
ciciot2023,with_normal,mlp:mahalanobis,Recon-PortScan,Reconnaissance,near,4,0.7756863086028867,0.31055959465000726,0.49255582696672046,0.10333561679928331,0.0502226149022053,0.008328054880190595,3,18977,96205,0.17063144220412732
ciciot2023,with_normal,mlp:mahalanobis,SqlInjection,WebApplication,near,4,0.7157845790931939,0.03947812204525553,0.5404032790290215,0.0339073554932585,0.049175385172008264,0.007482354485914495,3,2497,99501,0.20030438255486502
ciciot2023,with_normal,mlp:mahalanobis,Uploading_Attack,WebApplication,near,4,0.6073550287705904,0.006796464892761633,0.5711196323625113,0.028523489932885865,0.050129654288603435,0.017062967929234674,3,596,99881,0.0709259389723509
ciciot2023,with_normal,mlp:mahalanobis,VulnerabilityScan,Reconnaissance,near,4,0.9226317161780346,0.5589983431898692,0.16537572194398645,0.35807394089223504,0.0497644501128496,0.007496696015804005,3,17798,96441,0.32899368097107384
ciciot2023,with_normal,mlp:mahalanobis,XSS,WebApplication,near,4,0.6239742116623814,0.021539626572215132,0.5737833805059852,0.036045876570180164,0.05118400010705843,0.008028439067537677,3,1831,99634,0.053819968914113205
ciciot2023,with_normal,mlp:maxprob,Backdoor_Malware,Malware_C2,far,0,0.9257769789480964,0.1093960602354892,0.22480791221136676,0.43255004351610093,0.04977564681257977,0.011699655745827021,3,1532,99694,0.053293061094779666
ciciot2023,with_normal,mlp:maxprob,BrowserHijacking,WebApplication,near,4,0.8922423082568954,0.1668691005044696,0.40471497623405267,0.41899641577060925,0.04993195363461444,0.006653967667048545,3,2790,99442,0.20521968517845904
ciciot2023,with_normal,mlp:maxprob,CommandInjection,WebApplication,near,4,0.840341961750263,0.1403638040201701,0.5542711631569248,0.42148867313915855,0.049374277529275735,0.0031726291805775873,3,2575,99485,0.16142002046978618
ciciot2023,with_normal,mlp:maxprob,DDoS-ACK_Fragmentation,DDoS,near,11,0.5368998406059041,0.1635311327356708,0.6167390957797046,0.003915399405698267,0.049231003818989566,0.09945502902245047,3,19070,96186,0.3819470956609756
ciciot2023,with_normal,mlp:maxprob,DDoS-HTTP_Flood,DDoS,near,11,0.5034671194172123,0.11134013903265479,0.7636688292771535,0.0005836433938862667,0.0509155965000668,0.024578474020987656,3,13707,97259,0.36069251935659813
ciciot2023,with_normal,mlp:maxprob,DDoS-ICMP_Flood,DDoS,near,11,0.8404099317912003,0.35433783784250733,0.3114265721669126,0.00017661915611366666,0.05005577148241289,0.005695953772373802,3,18873,96226,0.8963600003329604
ciciot2023,with_normal,mlp:maxprob,DDoS-ICMP_Fragmentation,DDoS,near,11,0.3548464667719838,0.12292369966593814,0.781897068557428,0.0012238832065740001,0.04946960954529544,0.1335631292580096,3,19065,96187,0.8081019121169684
ciciot2023,with_normal,mlp:maxprob,DDoS-PSHACK_Flood,DDoS,near,11,0.40321965469186033,0.13193277665950798,0.6538216317733564,0.0004558764224220667,0.04972036840682753,0.020999386764273206,3,19011,96198,1.2386270935499277
ciciot2023,with_normal,mlp:maxprob,DDoS-RSTFINFlood,DDoS,near,11,0.5967814596577941,0.17915730520102255,0.49475121559005064,0.0001396379885147,0.049164249349317034,0.04338904804358969,3,19097,96181,2.0793605081370066
ciciot2023,with_normal,mlp:maxprob,DDoS-SYN_Flood,DDoS,near,11,0.680977098557033,0.21700801046143844,0.4870987192282102,0.00010502546867612566,0.049151696606786366,0.05736754522927394,3,19043,96192,0.12781385589438585
ciciot2023,with_normal,mlp:maxprob,DDoS-SlowLoris,DDoS,near,11,0.7114296506283004,0.16530633381021287,0.5702430875183254,0.0365223108879524,0.05046537792778966,0.022285005162288277,3,11153,97770,0.34481524167422145
ciciot2023,with_normal,mlp:maxprob,DDoS-SynonymousIP_Flood,DDoS,near,11,0.5531285850355628,0.16218969893760077,0.62102417468157,0.00022656767402133332,0.050678450740836996,0.0042236913390920365,3,19126,96175,0.0658598981072422
ciciot2023,with_normal,mlp:maxprob,DDoS-TCP_Flood,DDoS,near,11,0.21841027242820407,0.10967295498222827,0.8371544926782774,0.00012199797831913334,0.050456632874100966,0.042873164952338776,3,19126,96175,0.09589389407954707
ciciot2023,with_normal,mlp:maxprob,DDoS-UDP_Flood,DDoS,near,11,0.2003761449525896,0.10704125775884439,0.8449556798414316,0.00035030564167229996,0.05103575413573954,0.01761113259162514,3,19031,96194,0.1681116320446224
ciciot2023,with_normal,mlp:maxprob,DDoS-UDP_Fragmentation,DDoS,near,11,0.815413150599035,0.31773098923022075,0.34208985829531796,0.023695759892404567,0.04997246266873103,0.006151228537235228,3,18836,96233,0.3869676421257309
ciciot2023,with_normal,mlp:maxprob,DNS_Spoofing,MITM_Spoofing,near,1,0.712353956496206,0.355330173107113,0.644615411273414,0.25559981828982764,0.04968203635355476,0.004451302921826561,3,19078,96185,0.1642927383978995
ciciot2023,with_normal,mlp:maxprob,DictionaryBruteForce,CredentialAttack,far,0,0.900862968989101,0.3053171399600682,0.36657013244764874,0.41034297963558414,0.0500324030944955,0.007966494529256385,3,6220,98756,0.2707438242152502
ciciot2023,with_normal,mlp:maxprob,DoS-HTTP_Flood,DoS,near,3,0.42719826195409016,0.1315974408785854,0.7732144156505649,0.0010351966873705667,0.05017272862721447,0.02122846282679058,3,18998,96201,0.40205664835436195
ciciot2023,with_normal,mlp:maxprob,DoS-SYN_Flood,DoS,near,3,0.5603958461191856,0.16532995239586026,0.5624532146718789,0.0004017537424234,0.05107571598879917,0.010561926779021997,3,19083,96184,0.06565864525062849
ciciot2023,with_normal,mlp:maxprob,DoS-TCP_Flood,DoS,near,3,0.25577104669024714,0.10982645431745704,0.8725874479713595,0.00033162285754176666,0.05072380892969153,0.024619915362081756,3,19098,96181,0.09526004087724023
ciciot2023,with_normal,mlp:maxprob,DoS-UDP_Flood,DoS,near,3,0.3747198951242496,0.13244430084095546,0.8689547852246182,0.0059654631083202,0.049879736876763205,0.02946689549739891,3,19110,96178,0.167007392125104
ciciot2023,with_normal,mlp:maxprob,MITM-ArpSpoofing,MITM_Spoofing,near,1,0.653427383755973,0.2487429864656058,0.6396569713229967,0.11365886705925264,0.049312105487557524,0.00969076982510281,3,19189,96163,0.24789559184656731
ciciot2023,with_normal,mlp:maxprob,Mirai-greeth_flood,Mirai,near,2,0.06637786736692423,0.13807974877429413,0.999702025189266,0.0005620246939599334,0.04988652703428437,0.009447034876880167,3,18979,96205,0.0379744548264496
ciciot2023,with_normal,mlp:maxprob,Mirai-greip_flood,Mirai,near,2,0.08904130164950742,0.12510923451275144,1.0,0.0009214346563743667,0.050111265935985666,0.01007741462374149,3,19173,96166,0.0376406194312063
ciciot2023,with_normal,mlp:maxprob,Mirai-udpplain,Mirai,near,2,0.6586718256457523,0.20406497592497633,0.5291828658946479,0.0012798934006592,0.050389127979098634,0.02159603569808525,3,19012,96198,0.6903346047482944
ciciot2023,with_normal,mlp:maxprob,Recon-HostDiscovery,Reconnaissance,near,4,0.7950710373826234,0.3943741621420836,0.4490251314088904,0.2660349214705624,0.04948320010533497,0.025240673929281008,3,18995,96201,0.22934768431425925
ciciot2023,with_normal,mlp:maxprob,Recon-OSScan,Reconnaissance,near,4,0.7383980134284017,0.30749857563573146,0.567979902979903,0.12997263733950742,0.0505301455301455,0.004573139678064193,3,19004,96200,0.17159777578796295
ciciot2023,with_normal,mlp:maxprob,Recon-PingSweep,Reconnaissance,near,4,0.8976052412408126,0.06026396147523006,0.34446393078452003,0.30981120396162176,0.04852098678826137,0.0009477959102539385,3,1077,99785,0.32648581270292837
ciciot2023,with_normal,mlp:maxprob,Recon-PortScan,Reconnaissance,near,4,0.7472848193298868,0.34505348972409927,0.5817958179581796,0.19811701884737665,0.0501221350241671,0.00793710026955269,3,18977,96205,0.17063144220412732
ciciot2023,with_normal,mlp:maxprob,SqlInjection,WebApplication,near,4,0.8961939514836356,0.13060843500395614,0.3533833830815771,0.33707115204912563,0.04986549548915753,0.0028667878111058665,3,2497,99501,0.20030438255486502
ciciot2023,with_normal,mlp:maxprob,Uploading_Attack,WebApplication,near,4,0.9439243017983346,0.05698315019688804,0.12887002199283812,0.5654362416107382,0.049692467369503,0.005607316806906352,3,596,99881,0.0709259389723509
ciciot2023,with_normal,mlp:maxprob,VulnerabilityScan,Reconnaissance,near,4,0.747231531349937,0.27756493360418694,0.6053338310469614,0.045716747200059894,0.0500478703732506,0.010630989597982038,3,17798,96441,0.32899368097107384
ciciot2023,with_normal,mlp:maxprob,XSS,WebApplication,near,4,0.9173172189971348,0.1341080743142554,0.31389886986370114,0.4964500273074823,0.05053495794608263,0.011300347239590782,3,1831,99634,0.053819968914113205
ciciot2023,with_normal,rf:maxprob,Backdoor_Malware,Malware_C2,far,0,0.937108234400049,0.1278115954096411,0.14590647380985813,0.44625761531766744,0.0474585565162731,0.000845376898910231,3,1532,99694,0.053293061094779666
ciciot2023,with_normal,rf:maxprob,BrowserHijacking,WebApplication,near,4,0.9390522785001719,0.20067725962228858,0.152531123670079,0.45770609318996414,0.04785033822060427,0.000816391873543773,3,2790,99442,0.20521968517845904
ciciot2023,with_normal,rf:maxprob,CommandInjection,WebApplication,near,4,0.9055994455588677,0.14610153942416934,0.19658239935668695,0.3300970873786408,0.04833894556968383,0.002100524725176223,3,2575,99485,0.16142002046978618
ciciot2023,with_normal,rf:maxprob,DDoS-ACK_Fragmentation,DDoS,near,11,0.9246132518735831,0.5335862329370783,0.11006799326305279,0.1868379653906659,0.04756756007457771,0.012644584676799358,3,19070,96186,0.3819470956609756
ciciot2023,with_normal,rf:maxprob,DDoS-HTTP_Flood,DDoS,near,11,0.8581745980268504,0.30188188524499054,0.20301805831165579,0.011210816857566634,0.04948985012526686,0.0035394052093904085,3,13707,97259,0.36069251935659813
ciciot2023,with_normal,rf:maxprob,DDoS-ICMP_Flood,DDoS,near,11,0.8974694582141988,0.4948281504213556,0.1100430237150042,0.0035853688691074997,0.047585891546983096,0.0037053794554688445,3,18873,96226,0.8963600003329604
ciciot2023,with_normal,rf:maxprob,DDoS-ICMP_Fragmentation,DDoS,near,11,0.9227973952881596,0.5628845080400309,0.17212998291522416,0.2582043884954978,0.04800718045751153,0.017013064430685457,3,19065,96187,0.8081019121169684
ciciot2023,with_normal,rf:maxprob,DDoS-PSHACK_Flood,DDoS,near,11,0.9380070689669159,0.5838363269044119,0.08372315432753275,0.30887380989953184,0.04790813391823803,0.019258021566113077,3,19011,96198,1.2386270935499277
ciciot2023,with_normal,rf:maxprob,DDoS-RSTFINFlood,DDoS,near,11,0.8847592823494383,0.436692400492618,0.1754955067355645,0.0774118098828786,0.04740714555542844,0.032854606823339474,3,19097,96181,2.0793605081370066
ciciot2023,with_normal,rf:maxprob,DDoS-SYN_Flood,DDoS,near,11,0.8236527686369634,0.3619823239880522,0.19503700931470389,0.0019429711705088,0.048545270569971134,0.013453247270610246,3,19043,96192,0.12781385589438585
ciciot2023,with_normal,rf:maxprob,DDoS-SlowLoris,DDoS,near,11,0.9378534566292931,0.5197876979771486,0.17605945927516956,0.5221016766789205,0.04858681940608906,7.967245299134605e-05,3,11153,97770,0.34481524167422145
ciciot2023,with_normal,rf:maxprob,DDoS-SynonymousIP_Flood,DDoS,near,11,0.7076101530659873,0.2392153276127361,0.5946209167316524,0.0010805535222558665,0.050609132657481994,0.04410619357874257,3,19126,96175,0.0658598981072422
ciciot2023,with_normal,rf:maxprob,DDoS-TCP_Flood,DDoS,near,11,0.8387486680637743,0.36923379630289593,0.18613638332900093,0.0114329533967722,0.0492262368945498,0.014584103674948414,3,19126,96175,0.09589389407954707
ciciot2023,with_normal,rf:maxprob,DDoS-UDP_Flood,DDoS,near,11,0.7378667001170426,0.3082307034784386,0.2813585046884421,0.0010509169250170333,0.04726906044036006,0.017272939777357624,3,19031,96194,0.1681116320446224
ciciot2023,with_normal,rf:maxprob,DDoS-UDP_Fragmentation,DDoS,near,11,0.9521248232189955,0.6399963538749113,0.09192965683982274,0.6237700856515892,0.0493628311840359,0.005014323854270774,3,18836,96233,0.3869676421257309
ciciot2023,with_normal,rf:maxprob,DNS_Spoofing,MITM_Spoofing,near,1,0.8835808326173047,0.5123459531548838,0.3629671986276446,0.3154418702170039,0.048545337977162005,0.0003469667807055539,3,19078,96185,0.1642927383978995
ciciot2023,with_normal,rf:maxprob,DictionaryBruteForce,CredentialAttack,far,0,0.9549356581620265,0.43596861583063934,0.11835905328958911,0.62465166130761,0.048121970648196864,0.00029749527176647434,3,6220,98756,0.2707438242152502
ciciot2023,with_normal,rf:maxprob,DoS-HTTP_Flood,DoS,near,3,0.8481178176819975,0.35879893335693386,0.2472392871868969,0.03677580096150467,0.04812493286625571,0.0033746792739975328,3,18998,96201,0.40205664835436195
ciciot2023,with_normal,rf:maxprob,DoS-SYN_Flood,DoS,near,3,0.7925438119575778,0.29428919562774225,0.26470098976960826,0.004314485842547434,0.0483136488397238,0.0032256557198438065,3,19083,96184,0.06565864525062849
ciciot2023,with_normal,rf:maxprob,DoS-TCP_Flood,DoS,near,3,0.7903944348568577,0.3097561401944339,0.2539933389477478,0.006615003316228533,0.04855775395694917,0.009708950851910366,3,19098,96181,0.09526004087724023
ciciot2023,with_normal,rf:maxprob,DoS-UDP_Flood,DoS,near,3,0.7352293522914662,0.31651930991361144,0.4000464416671865,0.1565149136577708,0.049141522316260795,0.009845348204237001,3,19110,96178,0.167007392125104
ciciot2023,with_normal,rf:maxprob,MITM-ArpSpoofing,MITM_Spoofing,near,1,0.8972224215891175,0.503234140784516,0.24176658382122018,0.24218736428856805,0.0485945737965745,0.003333548955727316,3,19189,96163,0.24789559184656731
ciciot2023,with_normal,rf:maxprob,Mirai-greeth_flood,Mirai,near,2,0.4566177851359437,0.1791834367549715,1.0,0.0027574336547411663,0.04684441210609283,0.10745706280822019,3,18979,96205,0.0379744548264496
ciciot2023,with_normal,rf:maxprob,Mirai-greip_flood,Mirai,near,2,0.3930719252776569,0.15959172585091888,1.0,0.0047984144369686,0.049989947937247335,0.07542237163299635,3,19173,96166,0.0376406194312063
ciciot2023,with_normal,rf:maxprob,Mirai-udpplain,Mirai,near,2,0.9726747183072592,0.7634278014009562,0.053445324573622395,0.9263798302826284,0.04950206865007584,0.006286231391823515,3,19012,96198,0.6903346047482944
ciciot2023,with_normal,rf:maxprob,Recon-HostDiscovery,Reconnaissance,near,4,0.9067068610369479,0.5128913913699492,0.18166131329196158,0.25748881284548564,0.047352245125657,0.001590457988214945,3,18995,96201,0.22934768431425925
ciciot2023,with_normal,rf:maxprob,Recon-OSScan,Reconnaissance,near,4,0.8377333721951961,0.3996930214495724,1.0,0.14581140812460527,0.0493416493416493,0.001793234290445055,3,19004,96200,0.17159777578796295
ciciot2023,with_normal,rf:maxprob,Recon-PingSweep,Reconnaissance,near,4,0.9142134636202592,0.0634589631087425,0.19457500292295096,0.3153822346022903,0.047652452773462896,0.0005949475320591976,3,1077,99785,0.32648581270292837
ciciot2023,with_normal,rf:maxprob,Recon-PortScan,Reconnaissance,near,4,0.8175998041557744,0.3894482164866182,1.0,0.1743865380899685,0.04983455468357497,0.0010137538208138776,3,18977,96205,0.17063144220412732
ciciot2023,with_normal,rf:maxprob,SqlInjection,WebApplication,near,4,0.9537061261284517,0.23138957735577106,0.12489991725376291,0.6142037111200107,0.0485020251052753,0.0004939268115542378,3,2497,99501,0.20030438255486502
ciciot2023,with_normal,rf:maxprob,Uploading_Attack,WebApplication,near,4,0.8823905873044852,0.04895973530810924,0.2689467132554406,0.3987695749440716,0.049398784553618735,0.002956084337487247,3,596,99881,0.0709259389723509
ciciot2023,with_normal,rf:maxprob,VulnerabilityScan,Reconnaissance,near,4,0.9713738890551831,0.7952885033943783,0.08151788831167926,0.8116829606322807,0.04796023821127247,0.0012784124632321007,3,17798,96441,0.32899368097107384
ciciot2023,with_normal,rf:maxprob,XSS,WebApplication,near,4,0.9081341660961552,0.1272641200555166,0.21710794842456724,0.4039686874203532,0.048544338947213404,0.0009178134167334684,3,1831,99634,0.053819968914113205
edge_iiotset,attacks_only,edl:vacuity,Backdoor,Malware_C2,far,0,0.8172320671571806,0.43604367429447416,0.3317141761472581,0.2802737280571258,0.05032170096723334,0.022181556604190335,3,3361,15646,0.07898740961574886
edge_iiotset,attacks_only,edl:vacuity,DDoS_HTTP,DDoS,near,3,0.6541513941321329,0.35700657470452607,0.38468390228694854,0.0,0.04963591422272693,0.013005071654276007,3,6747,14969,0.26091009253578706
edge_iiotset,attacks_only,edl:vacuity,DDoS_ICMP,DDoS,near,3,0.2270270831986626,0.5972893529111182,0.7729688686408505,6.353240152477763e-05,0.048772462667679005,0.040015337189116804,3,15740,13170,1.676829077937447
edge_iiotset,attacks_only,edl:vacuity,DDoS_TCP,DDoS,near,3,0.47035251119172994,0.27646017392576955,0.7951219512195123,0.0,0.049716004009355136,0.08941091035125559,3,6768,14965,0.30004748006601517
edge_iiotset,attacks_only,edl:vacuity,DDoS_UDP,DDoS,near,3,0.00014325521418347788,0.5323155243930965,0.9999488438714957,0.0,0.048956414978514405,6.528732634284946e-05,3,16434,13032,1.78566197164362
edge_iiotset,attacks_only,edl:vacuity,Password,CredentialAttack,far,0,0.7326291797627738,0.41313782838648544,0.338078688232411,0.003195673549655833,0.049258120572116,0.03598802805977518,3,6780,14962,0.17620907757545243
edge_iiotset,attacks_only,edl:vacuity,Port_Scanning,Reconnaissance,near,2,0.6740632005410213,0.372126029813334,0.7097445038621509,0.260655737704918,0.04918937271878443,0.05114145851530317,3,3050,15708,0.2939348136814226
edge_iiotset,attacks_only,edl:vacuity,Ransomware,Ransomware,far,0,0.6885089425093384,0.15496170027406617,0.4833884624186065,0.07221846084405327,0.050968399592252765,0.03857704830941564,3,1477,16023,0.0785808182863869
edge_iiotset,attacks_only,edl:vacuity,SQL_injection,WebApplication,near,2,0.7517021715671591,0.43466647091040334,0.3437569751350386,0.0004334007512279666,0.051158430427213,0.006689485718463933,3,6922,14934,0.17155064636018225
edge_iiotset,attacks_only,edl:vacuity,Uploading,WebApplication,near,2,0.7424714819409317,0.3526418850249728,0.336949654706664,0.0011137316561844665,0.04990959196566667,0.01494823328810048,3,5088,15301,0.17534815083779387
edge_iiotset,attacks_only,edl:vacuity,Vulnerability_scanner,Reconnaissance,near,2,0.7293236635424938,0.47227597522148973,0.371959369152633,0.10309024702293075,0.051479105408536,0.030281753642534773,3,6774,14964,1.5842907763321543
edge_iiotset,attacks_only,edl:vacuity,XSS,WebApplication,near,2,0.626466921362914,0.14149093435319812,0.4638091641490432,0.0,0.0490936555891238,0.017231066433841105,3,2151,15888,0.2550181283693466
edge_iiotset,attacks_only,fusion_rank,Backdoor,Malware_C2,far,0,0.7690485251335049,0.34639665721510954,0.48642890621671137,0.1426162848358623,0.051663897055690466,0.02295139197721125,3,3361,15646,0.07898740961574886
edge_iiotset,attacks_only,fusion_rank,DDoS_HTTP,DDoS,near,3,0.9237001665504194,0.8376983346837147,0.27381031910392584,0.5219109727780248,0.05023715679070073,0.014705235952631152,3,6747,14969,0.26091009253578706
edge_iiotset,attacks_only,fusion_rank,DDoS_ICMP,DDoS,near,3,0.9975010476173019,0.9978568355897005,0.0024044545684636,0.9999788225328251,0.04806378132118447,0.0005698543240641738,3,15740,13170,1.676829077937447
edge_iiotset,attacks_only,fusion_rank,DDoS_TCP,DDoS,near,3,0.9969071944071234,0.9809870448447492,0.005145339124624067,1.0,0.045060697182314265,0.0007965013640549144,3,6768,14965,0.30004748006601517
edge_iiotset,attacks_only,fusion_rank,DDoS_UDP,DDoS,near,3,0.9999898210697208,0.9999919294363296,0.00010231225700836406,1.0,0.051514221403724136,1.1661429624592889e-05,3,16434,13032,1.78566197164362
edge_iiotset,attacks_only,fusion_rank,Password,CredentialAttack,far,0,0.8656140722015273,0.7399817292173904,0.38261373256694736,0.3972959685349066,0.05153054404491373,0.008068780229903535,3,6780,14962,0.17620907757545243
edge_iiotset,attacks_only,fusion_rank,Port_Scanning,Reconnaissance,near,2,0.9895933992076712,0.9423491792336093,0.05162974280621337,0.9345355191256831,0.048213224683812866,0.0027554173833938995,3,3050,15708,0.2939348136814226
edge_iiotset,attacks_only,fusion_rank,Ransomware,Ransomware,far,0,0.6299192625563514,0.11278855357528063,0.5343984688676694,0.0735725569848792,0.05188375044207283,0.0020471251559312106,3,1477,16023,0.0785808182863869
edge_iiotset,attacks_only,fusion_rank,SQL_injection,WebApplication,near,2,0.9989427654204102,0.9965904926347896,0.003749832596759033,1.0,0.04399357171554837,0.0007873512910150655,3,6922,14934,0.17155064636018225
edge_iiotset,attacks_only,fusion_rank,Uploading,WebApplication,near,2,0.7991334410974907,0.6258449113556274,0.544147441343703,0.3362159329140461,0.051151340870967,0.010011327535273676,3,5088,15301,0.17534815083779387
edge_iiotset,attacks_only,fusion_rank,Vulnerability_scanner,Reconnaissance,near,2,0.9999143533826063,0.9997597096767992,0.00028958389022542793,1.0,0.047803617571059366,0.0001102542937294435,3,6774,14964,1.5842907763321543
edge_iiotset,attacks_only,fusion_rank,XSS,WebApplication,near,2,0.8122588252979286,0.487058876930162,0.4929506545820745,0.376724004339067,0.04665995300436384,0.012548171953541675,3,2151,15888,0.2550181283693466
edge_iiotset,attacks_only,fusion_z,Backdoor,Malware_C2,far,0,0.8459808959533355,0.46512456192721396,0.465869870893519,0.2958444907269661,0.04938429417529503,0.013482883987285598,3,3361,15646,0.07898740961574886
edge_iiotset,attacks_only,fusion_z,DDoS_HTTP,DDoS,near,3,0.9305909650162532,0.8457467933295261,0.2291402231277974,0.6345536287732819,0.04872291624913703,0.006733758890855418,3,6747,14969,0.26091009253578706
edge_iiotset,attacks_only,fusion_z,DDoS_ICMP,DDoS,near,3,0.9997289195761162,0.9997780989327604,0.00017717033662360002,0.9996188055908514,0.048342191850164466,4.2894225922056344e-05,3,15740,13170,1.676829077937447
edge_iiotset,attacks_only,fusion_z,DDoS_TCP,DDoS,near,3,0.996278020792935,0.9856171983698224,0.009466533021494567,1.0,0.045795745628689134,0.002718540298698654,3,6768,14965,0.30004748006601517
edge_iiotset,attacks_only,fusion_z,DDoS_UDP,DDoS,near,3,0.9999769791196086,0.9999812923393088,2.5578064252097398e-05,1.0,0.05427665234295067,3.9873334473002384e-05,3,16434,13032,1.78566197164362
edge_iiotset,attacks_only,fusion_z,Password,CredentialAttack,far,0,0.8968149515317533,0.7899865818030992,0.3816780287840306,0.475811209439528,0.05153054404491373,0.005043747352442376,3,6780,14962,0.17620907757545243
edge_iiotset,attacks_only,fusion_z,Port_Scanning,Reconnaissance,near,2,0.9843670344441801,0.8859846013443359,0.04471182412358876,0.9727868852459016,0.04704609116373817,0.0022023396325766913,3,3050,15708,0.2939348136814226
edge_iiotset,attacks_only,fusion_z,Ransomware,Ransomware,far,0,0.7264792135509673,0.16060669666548769,0.5321516985999293,0.07718348002708186,0.048139133329172634,0.005718870427201057,3,1477,16023,0.0785808182863869
edge_iiotset,attacks_only,fusion_z,SQL_injection,WebApplication,near,2,0.99225391684889,0.9737388764172289,0.022588277309048634,1.0,0.05004240882103473,0.005168071934833354,3,6922,14934,0.17155064636018225
edge_iiotset,attacks_only,fusion_z,Uploading,WebApplication,near,2,0.8624506937276951,0.7024801821971933,0.3903448576345772,0.38515461215932917,0.049321395115787564,0.03950671970822871,3,5088,15301,0.17534815083779387
edge_iiotset,attacks_only,fusion_z,Vulnerability_scanner,Reconnaissance,near,2,0.9998166317266612,0.9995522963165349,0.0004009623095428667,1.0,0.0451973625590305,0.00020338558863468892,3,6774,14964,1.5842907763321543
edge_iiotset,attacks_only,fusion_z,XSS,WebApplication,near,2,0.7977496892863402,0.4654979754757485,0.5037134944612286,0.3801332713466605,0.047016616314199365,0.01050838250531193,3,2151,15888,0.2550181283693466
edge_iiotset,attacks_only,mlp:energy,Backdoor,Malware_C2,far,0,0.8342245112720245,0.4096017214969512,0.2827985853679321,0.13309530893583257,0.05260130384762873,0.037341009863628094,3,3361,15646,0.07898740961574886
edge_iiotset,attacks_only,mlp:energy,DDoS_HTTP,DDoS,near,3,0.7428647368519249,0.43292749699559696,0.3381210056338655,0.0036559458524775997,0.0505043757098002,0.08917357010090764,3,6747,14969,0.26091009253578706
edge_iiotset,attacks_only,mlp:energy,DDoS_ICMP,DDoS,near,3,0.3711719203508545,0.6562869790721974,0.6284231840040496,6.353240152477763e-05,0.04894963300430266,0.3061183428032334,3,15740,13170,1.676829077937447
edge_iiotset,attacks_only,mlp:energy,DDoS_TCP,DDoS,near,3,0.5146100571019797,0.4868397664836324,0.8376211159371868,0.4127265563435776,0.05118610090210487,0.12502519633509665,3,6768,14965,0.30004748006601517
edge_iiotset,attacks_only,mlp:energy,DDoS_UDP,DDoS,near,3,0.09335378591708693,0.5460095043449203,0.9211428279107836,0.0,0.049058727235522764,0.12048232483485667,3,16434,13032,1.78566197164362
edge_iiotset,attacks_only,mlp:energy,Password,CredentialAttack,far,0,0.7202662559638138,0.41007726041059,0.42367330570779305,0.009390363815142501,0.04919128458762193,0.03054251030683554,3,6780,14962,0.17620907757545243
edge_iiotset,attacks_only,mlp:energy,Port_Scanning,Reconnaissance,near,2,0.5972866215537382,0.5935986458669684,0.9405610729140141,0.5688524590163935,0.05054749172396227,0.00269897987497404,3,3050,15708,0.2939348136814226
edge_iiotset,attacks_only,mlp:energy,Ransomware,Ransomware,far,0,0.8511736957676487,0.3398030375615528,0.29443092221598116,0.4082599864590386,0.050718758451392766,0.028100238323739708,3,1477,16023,0.0785808182863869
edge_iiotset,attacks_only,mlp:energy,SQL_injection,WebApplication,near,2,0.6674498794083998,0.3739421842187492,0.6323155216284988,0.0,0.05080130351323597,0.051529258627430005,3,6922,14934,0.17155064636018225
edge_iiotset,attacks_only,mlp:energy,Uploading,WebApplication,near,2,0.6603137587642084,0.30075310626734514,0.5633183016360587,0.002882599580712733,0.051173125939481034,0.04178403914778465,3,5088,15301,0.17534815083779387
edge_iiotset,attacks_only,mlp:energy,Vulnerability_scanner,Reconnaissance,near,2,0.6486232706617787,0.45073915260605407,0.6980531052303306,0.12001771479185118,0.04969705069945643,0.1673438435498712,3,6774,14964,1.5842907763321543
edge_iiotset,attacks_only,mlp:energy,XSS,WebApplication,near,2,0.6484755991459822,0.15521099275152458,0.5701158106747231,0.015186734852006799,0.05102383350117487,0.1016147952182167,3,2151,15888,0.2550181283693466
edge_iiotset,attacks_only,mlp:entropy,Backdoor,Malware_C2,far,0,0.8301461096724364,0.4834999594353328,0.3546806425497464,0.4646434592879103,0.05179172525459114,0.015669290714527377,3,3361,15646,0.07898740961574886
edge_iiotset,attacks_only,mlp:entropy,DDoS_HTTP,DDoS,near,3,0.7009323228613807,0.3879131746440014,0.3521722671298462,0.0,0.051640056115972936,0.0435517079675726,3,6747,14969,0.26091009253578706
edge_iiotset,attacks_only,mlp:entropy,DDoS_ICMP,DDoS,near,3,0.27987998550863064,0.6078129555056823,0.720779549481144,6.353240152477763e-05,0.04993672487977724,0.16549148985772816,3,15740,13170,1.676829077937447
edge_iiotset,attacks_only,mlp:entropy,DDoS_TCP,DDoS,near,3,0.6729524705926648,0.43067380802391525,0.49880833054905893,0.13770685579196215,0.04947098786056353,0.1580269841039797,3,6768,14965,0.30004748006601517
edge_iiotset,attacks_only,mlp:entropy,DDoS_UDP,DDoS,near,3,0.2805460366993331,0.5879016589970809,0.7624309392265194,0.014056224899598367,0.04936566400654793,0.15495770605706202,3,16434,13032,1.78566197164362
edge_iiotset,attacks_only,mlp:entropy,Password,CredentialAttack,far,0,0.7361573524774726,0.41630178872005974,0.36728601345631146,0.0065388397246804,0.0496814151405783,0.02407944771480665,3,6780,14962,0.17620907757545243
edge_iiotset,attacks_only,mlp:entropy,Port_Scanning,Reconnaissance,near,2,0.6708896688332562,0.5731583677249855,0.7866479925303453,0.5688524590163935,0.0489771666242254,0.04758621505386616,3,3050,15708,0.2939348136814226
edge_iiotset,attacks_only,mlp:entropy,Ransomware,Ransomware,far,0,0.8089581238817539,0.2892306949367807,0.37132039360086533,0.28120063191153233,0.05019867274126769,0.004412846595324412,3,1477,16023,0.0785808182863869
edge_iiotset,attacks_only,mlp:entropy,SQL_injection,WebApplication,near,2,0.7125911927663587,0.4084998571019398,0.5520289272800321,0.0005297120292785667,0.05144859604481936,0.03133412590553277,3,6922,14934,0.17155064636018225
edge_iiotset,attacks_only,mlp:entropy,Uploading,WebApplication,near,2,0.6676078518456406,0.30272799067204686,0.5564342199856219,0.0,0.05130383635056526,0.03722241335456164,3,5088,15301,0.17534815083779387
edge_iiotset,attacks_only,mlp:entropy,Vulnerability_scanner,Reconnaissance,near,2,0.7166437878885574,0.40162104709892915,0.4008509311235855,0.012843224092116865,0.0506994564733137,0.022466020720513714,3,6774,14964,1.5842907763321543
edge_iiotset,attacks_only,mlp:entropy,XSS,WebApplication,near,2,0.7034145749675904,0.17108033901664774,0.4278281302450486,0.0,0.051170694864048266,0.04059888497986988,3,2151,15888,0.2550181283693466
edge_iiotset,attacks_only,mlp:mahalanobis,Backdoor,Malware_C2,far,0,0.7113108774824587,0.2521558204096576,0.5186842217393157,0.0030744818010511998,0.049192551876944,0.024512696521250606,3,3361,15646,0.07898740961574886
edge_iiotset,attacks_only,mlp:mahalanobis,DDoS_HTTP,DDoS,near,3,0.89432903028824,0.72373681438155,0.33181909279176963,0.3852082406995702,0.05032622976373386,0.014302442753868327,3,6747,14969,0.26091009253578706
edge_iiotset,attacks_only,mlp:mahalanobis,DDoS_ICMP,DDoS,near,3,0.998455779133007,0.9986695597463222,0.0014932928372563333,0.9999364675984751,0.05021513540875724,0.00023810214321362392,3,15740,13170,1.676829077937447
edge_iiotset,attacks_only,mlp:mahalanobis,DDoS_TCP,DDoS,near,3,0.9815163441515887,0.9338112197517029,0.04310056799198126,0.8613573680063041,0.051007907339347326,0.01375048814793478,3,6768,14965,0.30004748006601517
edge_iiotset,attacks_only,mlp:mahalanobis,DDoS_UDP,DDoS,near,3,0.999837630497933,0.9998581219975503,0.00017904644976463076,1.0,0.04910988336402697,0.00010397693541625701,3,16434,13032,1.78566197164362
edge_iiotset,attacks_only,mlp:mahalanobis,Password,CredentialAttack,far,0,0.844157613249534,0.6761010220823837,0.39889943412199796,0.32630285152409044,0.0515973800294078,0.012394014467738875,3,6780,14962,0.17620907757545243
edge_iiotset,attacks_only,mlp:mahalanobis,Port_Scanning,Reconnaissance,near,2,0.9529571371519299,0.7120847253504957,0.23285374755962987,0.8852459016393442,0.04993209404974106,0.0059217226941789165,3,3050,15708,0.2939348136814226
edge_iiotset,attacks_only,mlp:mahalanobis,Ransomware,Ransomware,far,0,0.5958930370249051,0.09526932825032887,0.5357922985708045,0.0,0.053131956146372866,0.0044007660443423115,3,1477,16023,0.0785808182863869
edge_iiotset,attacks_only,mlp:mahalanobis,SQL_injection,WebApplication,near,2,0.9630828823490346,0.8839824266068769,0.09475023436453726,0.6767311952229607,0.04814517209053167,0.022617602317122145,3,6922,14934,0.17155064636018225
edge_iiotset,attacks_only,mlp:mahalanobis,Uploading,WebApplication,near,2,0.7890821196207151,0.5804060585828603,0.5598109056052981,0.32717505241090145,0.05533407402566276,0.00939287769104423,3,5088,15301,0.17534815083779387
edge_iiotset,attacks_only,mlp:mahalanobis,Vulnerability_scanner,Reconnaissance,near,2,0.999199206593676,0.9981200149476238,0.0019825358638509336,0.9963586261194765,0.05192461908580587,0.0005951511224317059,3,6774,14964,1.5842907763321543
edge_iiotset,attacks_only,mlp:mahalanobis,XSS,WebApplication,near,2,0.8135347644654688,0.42295807039831756,0.47759315206445113,0.3164419649775298,0.050604229607250695,0.011301301109763663,3,2151,15888,0.2550181283693466
edge_iiotset,attacks_only,mlp:maxprob,Backdoor,Malware_C2,far,0,0.8267253710348806,0.4817630087014568,0.3555328305424177,0.45561836754934043,0.05268652264689586,0.015415196130189473,3,3361,15646,0.07898740961574886
edge_iiotset,attacks_only,mlp:maxprob,DDoS_HTTP,DDoS,near,3,0.7020177437732099,0.3888210135160155,0.35208319415681294,0.0009386887999604,0.051662324359231265,0.04223241555505835,3,6747,14969,0.26091009253578706
edge_iiotset,attacks_only,mlp:maxprob,DDoS_ICMP,DDoS,near,3,0.2818779283838199,0.6101725709935512,0.7189572260187295,6.353240152477763e-05,0.05079726651480634,0.16689908433636874,3,15740,13170,1.676829077937447
edge_iiotset,attacks_only,mlp:maxprob,DDoS_TCP,DDoS,near,3,0.6349750827186208,0.36202839228581835,0.4975164272190667,0.0,0.0520547945205479,0.13581299847146408,3,6768,14965,0.30004748006601517
edge_iiotset,attacks_only,mlp:maxprob,DDoS_UDP,DDoS,near,3,0.2830556939827817,0.5815818148572766,0.7559341109064865,0.005658999634903233,0.04936566400654793,0.1487660787978366,3,16434,13032,1.78566197164362
edge_iiotset,attacks_only,mlp:maxprob,Password,CredentialAttack,far,0,0.7369170531915858,0.4152433399294601,0.362718887849218,0.006637168141592867,0.05128547876843557,0.024306906615483192,3,6780,14962,0.17620907757545243
edge_iiotset,attacks_only,mlp:maxprob,Port_Scanning,Reconnaissance,near,2,0.6731065685091723,0.5375496394364866,0.7800908242084712,0.5687431693989071,0.04969866734572614,0.0455599891928839,3,3050,15708,0.2939348136814226
edge_iiotset,attacks_only,mlp:maxprob,Ransomware,Ransomware,far,0,0.8043166846326878,0.3137656430195814,0.3756683101375107,0.2613405551794177,0.0504483138821277,0.004770984676387751,3,1477,16023,0.0785808182863869
edge_iiotset,attacks_only,mlp:maxprob,SQL_injection,WebApplication,near,2,0.7209232775485047,0.4213650796933446,0.5567608588902281,0.0010112684195318332,0.049551359314316264,0.029145669610417018,3,6922,14934,0.17155064636018225
edge_iiotset,attacks_only,mlp:maxprob,Uploading,WebApplication,near,2,0.6707566719855117,0.3078191986883742,0.5566738557392763,0.016443920335429765,0.050432433610003664,0.04180322337524855,3,5088,15301,0.17534815083779387
edge_iiotset,attacks_only,mlp:maxprob,Vulnerability_scanner,Reconnaissance,near,2,0.7131860552193353,0.3974987785340574,0.39893522231132494,0.029721484105895066,0.05277109507261867,0.01419851429568525,3,6774,14964,1.5842907763321543
edge_iiotset,attacks_only,mlp:maxprob,XSS,WebApplication,near,2,0.706215640663944,0.17377451256094242,0.4262546156428331,0.014411901441190133,0.05047834843907347,0.04026922022084976,3,2151,15888,0.2550181283693466
edge_iiotset,attacks_only,rf:maxprob,Backdoor,Malware_C2,far,0,0.8182409629120864,0.47902683527544093,1.0,0.32877119904790236,0.04978908347181383,0.010459559659959624,3,3361,15646,0.07898740961574886
edge_iiotset,attacks_only,rf:maxprob,DDoS_HTTP,DDoS,near,3,0.8225844833369363,0.5929406522733128,1.0,0.07954152462822976,0.04936869530362747,0.005663153332245011,3,6747,14969,0.26091009253578706
edge_iiotset,attacks_only,rf:maxprob,DDoS_ICMP,DDoS,near,3,0.9185772874639365,0.9345051587537746,0.08190331561629964,6.353240152477763e-05,0.050949126803340905,0.002455306105863456,3,15740,13170,1.676829077937447
edge_iiotset,attacks_only,rf:maxprob,DDoS_TCP,DDoS,near,3,0.9344746077464174,0.7561475684053359,0.0807439581245127,0.1567671394799054,0.05033968147900653,0.005697353750330214,3,6768,14965,0.30004748006601517
edge_iiotset,attacks_only,rf:maxprob,DDoS_UDP,DDoS,near,3,0.986961873574623,0.9885132969170813,0.02087170042971143,1.0,0.050286474319623464,0.0032419825535078203,3,16434,13032,1.78566197164362
edge_iiotset,attacks_only,rf:maxprob,Password,CredentialAttack,far,0,0.7953022041285317,0.6095146361421354,1.0,0.22364798426745325,0.04994875907855453,0.017568124669487546,3,6780,14962,0.17620907757545243
edge_iiotset,attacks_only,rf:maxprob,Port_Scanning,Reconnaissance,near,2,0.9543531262480154,0.7918217327269672,0.14935064935064932,0.7617486338797814,0.051184110007639394,0.0023913081660479622,3,3050,15708,0.2939348136814226
edge_iiotset,attacks_only,rf:maxprob,Ransomware,Ransomware,far,0,0.6942382095090598,0.2288480790558546,1.0,0.2250056420672534,0.0481391333291726,0.0066942774026904055,3,1477,16023,0.0785808182863869
edge_iiotset,attacks_only,rf:maxprob,SQL_injection,WebApplication,near,2,0.9890156677825077,0.947317225350084,0.017633141377617033,1.0,0.048613901165126504,0.0022444643384058687,3,6922,14934,0.17155064636018225
edge_iiotset,attacks_only,rf:maxprob,Uploading,WebApplication,near,2,0.7698227895999453,0.4902442177621526,1.0,0.22091194968553454,0.0503888634729756,0.047785190028600905,3,5088,15301,0.17534815083779387
edge_iiotset,attacks_only,rf:maxprob,Vulnerability_scanner,Reconnaissance,near,2,0.9886945790916472,0.9426935086766178,0.018756125813062432,1.0,0.05049897531854223,0.0022201640489611534,3,6774,14964,1.5842907763321543
edge_iiotset,attacks_only,rf:maxprob,XSS,WebApplication,near,2,0.6589837603344284,0.20412958160861505,1.0,0.17805671780567178,0.051716179926149665,0.010409445112946674,3,2151,15888,0.2550181283693466
edge_iiotset,with_normal,edl:vacuity,Backdoor,Malware_C2,far,0,0.9201643977358476,0.309421010095325,0.14451298993167924,0.4601805018347714,0.05068433117583596,0.005883896157553115,3,3361,59328,0.07898740961574886
edge_iiotset,with_normal,edl:vacuity,DDoS_HTTP,DDoS,near,3,0.8536509765346197,0.25966843276545104,0.15697942064073925,0.0,0.0504509727029377,0.0035000922269705186,3,6747,58651,0.26091009253578706
edge_iiotset,with_normal,edl:vacuity,DDoS_ICMP,DDoS,near,3,0.742196474730244,0.508097090923351,0.25780388845892255,6.353240152477763e-05,0.050089120288937306,0.010804137229798838,3,15740,56852,1.676829077937447
edge_iiotset,with_normal,edl:vacuity,DDoS_TCP,DDoS,near,3,0.7975470320731176,0.20385527841602835,0.2870564564257336,0.0,0.05024979964874584,0.03036674009084592,3,6768,58647,0.30004748006601517
edge_iiotset,with_normal,edl:vacuity,DDoS_UDP,DDoS,near,3,0.0015840311193533003,0.207695789250822,0.9999764902258114,0.0,0.050751725029681005,0.0021085692124429805,3,16434,56714,1.78566197164362
edge_iiotset,with_normal,edl:vacuity,Password,CredentialAttack,far,0,0.8747013536739892,0.28737064531073914,0.14472068753836706,0.014552605703048132,0.05077529954755244,0.010412934139932755,3,6780,58644,0.17620907757545243
edge_iiotset,with_normal,edl:vacuity,Port_Scanning,Reconnaissance,near,2,0.8755177648534233,0.2669802886801424,0.2635909524611326,0.5534426229508197,0.050822248414435604,0.019022676883819842,3,3050,59390,0.2939348136814226
edge_iiotset,with_normal,edl:vacuity,Ransomware,Ransomware,far,0,0.8827493526766134,0.10851112888702691,0.19089970130921471,0.1444369216881065,0.05042012115121567,0.011531332431987264,3,1477,59705,0.0785808182863869
edge_iiotset,with_normal,edl:vacuity,SQL_injection,WebApplication,near,2,0.8982433626189548,0.33462944039884773,0.1449319867158,0.05990561494751034,0.051214685410126894,0.011636658013243659,3,6922,58616,0.17155064636018225
edge_iiotset,with_normal,edl:vacuity,Uploading,WebApplication,near,2,0.8758186259944991,0.23500822560955711,0.1461551068386936,0.0020964360587001998,0.05076038858654187,0.0036976977928532824,3,5088,58983,0.17534815083779387
edge_iiotset,with_normal,edl:vacuity,Vulnerability_scanner,Reconnaissance,near,2,0.8899035208987031,0.3762698566462757,0.15337789448555736,0.16976675524062587,0.0515579351817117,0.008979838022238604,3,6774,58646,1.5842907763321543
edge_iiotset,with_normal,edl:vacuity,XSS,WebApplication,near,2,0.8283003123188678,0.09401049208856789,0.18456158021375405,0.0,0.050982037938559634,0.003481958932284566,3,2151,59570,0.2550181283693466
edge_iiotset,with_normal,fusion_rank,Backdoor,Malware_C2,far,0,0.9152963896490306,0.30633915712991655,0.17125134843581438,0.4405434890409599,0.04978537396619916,0.007699628343269591,3,3361,59328,0.07898740961574886
edge_iiotset,with_normal,fusion_rank,DDoS_HTTP,DDoS,near,3,0.9763862443624468,0.8158410460524869,0.084124737856132,0.8552937107850402,0.0497632890601467,0.004544027673453595,3,6747,58651,0.26091009253578706
edge_iiotset,with_normal,fusion_rank,DDoS_ICMP,DDoS,near,3,0.9994010960356192,0.9977833394705024,0.0005745913365697667,1.0,0.0514669668613241,0.0001324654696212523,3,15740,56852,1.676829077937447
edge_iiotset,with_normal,fusion_rank,DDoS_TCP,DDoS,near,3,0.999195818625691,0.9808008502088352,0.0013527261979867668,1.0,0.050528302101272494,0.00020768909139622023,3,6768,58647,0.30004748006601517
edge_iiotset,with_normal,fusion_rank,DDoS_UDP,DDoS,near,3,0.9999976610392602,0.9999919294363296,2.3509774188618918e-05,1.0,0.051080861868321704,2.679616159383782e-06,3,16434,56714,1.78566197164362
edge_iiotset,with_normal,fusion_rank,Password,CredentialAttack,far,0,0.9584131358877798,0.7109413525028403,0.12334310983789189,0.6405604719764012,0.05130959688970737,0.002536545450723127,3,6780,58644,0.17620907757545243
edge_iiotset,with_normal,fusion_rank,Port_Scanning,Reconnaissance,near,2,0.9965498975467343,0.9333691413745692,0.018970646012235432,1.0,0.049677274513105406,0.0009453142563986752,3,3050,59390,0.2939348136814226
edge_iiotset,with_normal,fusion_rank,Ransomware,Ransomware,far,0,0.8624649750992104,0.08891213357074707,0.19451748876420175,0.12322274881516582,0.050369874103229705,0.0013291719025275562,3,1477,59705,0.0785808182863869
edge_iiotset,with_normal,fusion_rank,SQL_injection,WebApplication,near,2,0.9997208639028314,0.9964678529937633,0.0009838041945315667,1.0,0.049781629589190635,0.00021377199602642835,3,6922,58616,0.17155064636018225
edge_iiotset,with_normal,fusion_rank,Uploading,WebApplication,near,2,0.9302920793259871,0.5877849752537809,0.20580506247562855,0.5389150943396227,0.05057954551876526,0.003294678170268417,3,5088,58983,0.17534815083779387
edge_iiotset,with_normal,fusion_rank,Vulnerability_scanner,Reconnaissance,near,2,0.9999781188855404,0.9997594753909459,7.38896656776781e-05,1.0,0.048841069012947706,2.817921242628915e-05,3,6774,58646,1.5842907763321543
edge_iiotset,with_normal,fusion_rank,XSS,WebApplication,near,2,0.9372659517283858,0.45695597520356374,0.17269319008449438,0.5523012552301255,0.049633484416093034,0.005050351658566782,3,2151,59570,0.2550181283693466
edge_iiotset,with_normal,fusion_z,Backdoor,Malware_C2,far,0,0.9387104444785734,0.4130079006313368,0.16350907946781734,0.728354656352276,0.050392170082704,0.004365640963282636,3,3361,59328,0.07898740961574886
edge_iiotset,with_normal,fusion_z,DDoS_HTTP,DDoS,near,3,0.9757172697357821,0.815833693168909,0.08318698743414431,0.7960081023664838,0.05112728967394697,0.0023144721054791308,3,6747,58651,0.26091009253578706
edge_iiotset,with_normal,fusion_z,DDoS_ICMP,DDoS,near,3,0.9999189596456382,0.9997177141886522,5.2768592133961865e-05,0.9996823379923762,0.051701493937475,2.9852672836343466e-05,3,15740,56852,1.676829077937447
edge_iiotset,with_normal,fusion_z,DDoS_TCP,DDoS,near,3,0.9989915144627989,0.9838784479616938,0.0025178895197821667,1.0,0.0492835666501838,0.0006830299289466967,3,6768,58647,0.30004748006601517
edge_iiotset,with_normal,fusion_z,DDoS_UDP,DDoS,near,3,0.9999894203155036,0.9999625874925798,1.1754887094309459e-05,1.0,0.05146289569888677,1.832455107563044e-05,3,16434,56714,1.78566197164362
edge_iiotset,with_normal,fusion_z,Password,CredentialAttack,far,0,0.9634144560378215,0.7455928890399416,0.13061296409976578,0.7216322517207473,0.05111065638996879,0.0017075541103727177,3,6780,58644,0.17620907757545243
edge_iiotset,with_normal,fusion_z,Port_Scanning,Reconnaissance,near,2,0.9947597459416637,0.8739836199741436,0.015271931301565867,0.9727868852459016,0.05064264466520733,0.0010607548512026818,3,3050,59390,0.2939348136814226
edge_iiotset,with_normal,fusion_z,Ransomware,Ransomware,far,0,0.8927284001527785,0.12839756422098467,0.19435558160958036,0.40983976529000227,0.051961030622784204,0.0006546586258600044,3,1477,59705,0.0785808182863869
edge_iiotset,with_normal,fusion_z,SQL_injection,WebApplication,near,2,0.997921562002518,0.972004379076731,0.005965379191119567,1.0,0.051027023338337606,0.00136691874440485,3,6922,58616,0.17155064636018225
edge_iiotset,with_normal,fusion_z,Uploading,WebApplication,near,2,0.9485617192590153,0.6415861870381594,0.14650549028251078,0.5266640461215933,0.050641710323313466,0.016419811418701552,3,5088,58983,0.17534815083779387
edge_iiotset,with_normal,fusion_z,Vulnerability_scanner,Reconnaissance,near,2,0.9999461287264069,0.999485947124268,0.0001477793313553238,1.0,0.0514328911321033,5.399519016475657e-05,3,6774,58646,1.5842907763321543
edge_iiotset,with_normal,fusion_z,XSS,WebApplication,near,2,0.9268424678739396,0.4280303912070258,0.1823401040792345,0.4664497133116379,0.050495215712606935,0.0038639660352941573,3,2151,59570,0.2550181283693466
edge_iiotset,with_normal,mlp:energy,Backdoor,Malware_C2,far,0,0.9012456680680341,0.21177395463918977,0.1544239931679252,0.10512744222949515,0.0512686533620999,0.016182514740115627,3,3361,59328,0.07898740961574886
edge_iiotset,with_normal,mlp:energy,DDoS_HTTP,DDoS,near,3,0.8128002452040608,0.24000719000298246,0.3112194733820963,0.0029148757472456668,0.049166538791609066,0.10782523054133507,3,6747,58651,0.26091009253578706
edge_iiotset,with_normal,mlp:energy,DDoS_ICMP,DDoS,near,3,0.4731164836610469,0.3912364979055644,0.5254872300007035,6.353240152477763e-05,0.050845470109524095,0.40855155757884665,3,15740,56852,1.676829077937447
edge_iiotset,with_normal,mlp:energy,DDoS_TCP,DDoS,near,3,0.4780405596288235,0.3159778711136662,0.894686286880261,0.4127265563435776,0.05098299998294877,0.09685696075262465,3,6768,58647,0.30004748006601517
edge_iiotset,with_normal,mlp:energy,DDoS_UDP,DDoS,near,3,0.0680516008342991,0.21650440107548516,0.9443229772778032,0.0,0.05007581902175823,0.10711467714643902,3,16434,56714,1.78566197164362
edge_iiotset,with_normal,mlp:energy,Password,CredentialAttack,far,0,0.770712763066744,0.21205776073183216,0.5013471113839438,0.006588003933136633,0.0506445672191528,0.0858417374633842,3,6780,58644,0.17620907757545243
edge_iiotset,with_normal,mlp:energy,Port_Scanning,Reconnaissance,near,2,0.5763768127143262,0.49926728071209353,0.9837009597575349,0.5688524590163935,0.051501375091205004,0.0018832142756459458,3,3050,59390,0.2939348136814226
edge_iiotset,with_normal,mlp:energy,Ransomware,Ransomware,far,0,0.9082519275779504,0.14392662316587837,0.15579934678837612,0.20604829609568945,0.050570862295173435,0.0042744885798547605,3,1477,59705,0.0785808182863869
edge_iiotset,with_normal,mlp:energy,SQL_injection,WebApplication,near,2,0.7810411322274717,0.21889139627078735,0.6700559574177699,0.0,0.05072562667758517,0.0679347759369159,3,6922,58616,0.17155064636018225
edge_iiotset,with_normal,mlp:energy,Uploading,WebApplication,near,2,0.7031618770310857,0.12792115257769157,0.662173846701592,0.002227463312368933,0.0508677641580342,0.04247448159064727,3,5088,58983,0.17534815083779387
edge_iiotset,with_normal,mlp:energy,Vulnerability_scanner,Reconnaissance,near,2,0.742697981872543,0.29795928535057564,0.7022928531641828,0.11765574254502505,0.05005172276597433,0.19162916359786525,3,6774,58646,1.5842907763321543
edge_iiotset,with_normal,mlp:energy,XSS,WebApplication,near,2,0.6720380272681528,0.06496082305901277,0.6485815007554138,0.0007748334108166667,0.0507246376811594,0.22113338086469356,3,2151,59570,0.2550181283693466
edge_iiotset,with_normal,mlp:entropy,Backdoor,Malware_C2,far,0,0.9080563304414246,0.2965741109345648,0.19700085400934916,0.4971734602796786,0.0501449568500539,0.01739710541471073,3,3361,59328,0.07898740961574886
edge_iiotset,with_normal,mlp:entropy,DDoS_HTTP,DDoS,near,3,0.8263035568793357,0.2399992614425069,0.2904355140293146,9.880934736423333e-05,0.050405506015811,0.06868102820786151,3,6747,58651,0.26091009253578706
edge_iiotset,with_normal,mlp:entropy,DDoS_ICMP,DDoS,near,3,0.2958810217471563,0.2748391173839346,0.7045427894650437,6.353240152477763e-05,0.0509979127090222,0.09413721782356037,3,15740,56852,1.676829077937447
edge_iiotset,with_normal,mlp:entropy,DDoS_TCP,DDoS,near,3,0.7649447547448442,0.2641300262231018,0.3775129162617013,0.13883963750985026,0.0501702275194525,0.20159855311479102,3,6768,58647,0.30004748006601517
edge_iiotset,with_normal,mlp:entropy,DDoS_UDP,DDoS,near,3,0.3717737909827175,0.2907692734862564,0.6808371830588568,0.013954809135532,0.0494998295541371,0.2045822885029512,3,16434,56714,1.78566197164362
edge_iiotset,with_normal,mlp:entropy,Password,CredentialAttack,far,0,0.8065583489719178,0.2245154303614967,0.33360616601868903,0.009292035398230066,0.05083782370461313,0.07797761179036929,3,6780,58644,0.17620907757545243
edge_iiotset,with_normal,mlp:entropy,Port_Scanning,Reconnaissance,near,2,0.6627154338691083,0.3805668238669586,0.7994275130493348,0.5688524590163935,0.05082224841443563,0.03887712818045464,3,3050,59390,0.2939348136814226
edge_iiotset,with_normal,mlp:entropy,Ransomware,Ransomware,far,0,0.8805245420617366,0.16236510218853772,0.25401557658487556,0.43263371699390657,0.05204477570276076,0.030123509141351652,3,1477,59705,0.0785808182863869
edge_iiotset,with_normal,mlp:entropy,SQL_injection,WebApplication,near,2,0.8468410599112014,0.27463538975588225,0.4281026795869159,0.00048155639025326667,0.05184022564942444,0.0463380385655498,3,6922,58616,0.17155064636018225
edge_iiotset,with_normal,mlp:entropy,Uploading,WebApplication,near,2,0.7612768841453837,0.14745525514617944,0.5638008691769946,6.551362683436666e-05,0.050404353796856705,0.032564778950224235,3,5088,58983,0.17534815083779387
edge_iiotset,with_normal,mlp:entropy,Vulnerability_scanner,Reconnaissance,near,2,0.8655731958552931,0.27539732842087394,0.2028214484648001,0.07085916740478293,0.0510122884197842,0.005058786553311687,3,6774,58646,1.5842907763321543
edge_iiotset,with_normal,mlp:entropy,XSS,WebApplication,near,2,0.7970759007142489,0.08280617531138297,0.3127972693190084,0.00046490004649,0.0505064070281461,0.06071828341122447,3,2151,59570,0.2550181283693466
edge_iiotset,with_normal,mlp:mahalanobis,Backdoor,Malware_C2,far,0,0.897682810410914,0.2200191476495531,0.18771350233728867,0.16433601110780519,0.0492740920532182,0.008233865368302172,3,3361,59328,0.07898740961574886
edge_iiotset,with_normal,mlp:mahalanobis,DDoS_HTTP,DDoS,near,3,0.9690337416973165,0.7007064661115283,0.10364131330525761,0.7882515685983894,0.048933522020084906,0.004450126261854219,3,6747,58651,0.26091009253578706
edge_iiotset,with_normal,mlp:mahalanobis,DDoS_ICMP,DDoS,near,3,0.9995170235963146,0.9982041593510891,0.0004690541523018333,0.9999364675984751,0.0495379816599826,0.00013098475615702727,3,15740,56852,1.676829077937447
edge_iiotset,with_normal,mlp:mahalanobis,DDoS_TCP,DDoS,near,3,0.9948840206654813,0.9275477701597378,0.011776675135414699,1.0,0.049903092513967705,0.0036539715462359603,3,6768,58647,0.30004748006601517
edge_iiotset,with_normal,mlp:mahalanobis,DDoS_UDP,DDoS,near,3,0.9999415292002575,0.9997832813852002,6.465187901867365e-05,1.0,0.05054601450553064,3.950690185001783e-05,3,16434,56714,1.78566197164362
edge_iiotset,with_normal,mlp:mahalanobis,Password,CredentialAttack,far,0,0.9532316517671718,0.6478465622295665,0.1280210535888866,0.5975417895771878,0.050314894391014664,0.004119315469298636,3,6780,58644,0.17620907757545243
edge_iiotset,with_normal,mlp:mahalanobis,Port_Scanning,Reconnaissance,near,2,0.9857276022071386,0.6866661278975977,0.07123533703766062,0.8852459016393442,0.0490093730706628,0.0019082549425928704,3,3050,59390,0.2939348136814226
edge_iiotset,with_normal,mlp:mahalanobis,Ransomware,Ransomware,far,0,0.8500937591469199,0.07534439481843837,0.1957234179158641,0.004513653802753233,0.050073974820645906,0.001528781112513692,3,1477,59705,0.0785808182863869
edge_iiotset,with_normal,mlp:mahalanobis,SQL_injection,WebApplication,near,2,0.9895954523436562,0.8717770844036347,0.026227196214912835,1.0,0.04907078840817064,0.006095883401298235,3,6922,58616,0.17155064636018225
edge_iiotset,with_normal,mlp:mahalanobis,Uploading,WebApplication,near,2,0.9280284259631574,0.5427311271247706,0.2141747057061639,0.5005896226415094,0.05009918111998366,0.0023756603362452607,3,5088,58983,0.17534815083779387
edge_iiotset,with_normal,mlp:mahalanobis,Vulnerability_scanner,Reconnaissance,near,2,0.9997147718948943,0.9972126401919863,0.0006991099137195999,1.0,0.04962543623321847,0.00016024724301254097,3,6774,58646,1.5842907763321543
edge_iiotset,with_normal,mlp:mahalanobis,XSS,WebApplication,near,2,0.9396371643870279,0.3919477834689517,0.16285602372558894,0.5440880210754687,0.049146662190140404,0.005019655010863549,3,2151,59570,0.2550181283693466
edge_iiotset,with_normal,mlp:maxprob,Backdoor,Malware_C2,far,0,0.9068591063643175,0.3019330874888115,0.19849537037037032,0.47981751462858274,0.050470828838547234,0.017660805483148977,3,3361,59328,0.07898740961574886
edge_iiotset,with_normal,mlp:maxprob,DDoS_HTTP,DDoS,near,3,0.8268813626949038,0.2405949988174221,0.28973078037885114,0.004841658020848734,0.05010428921359677,0.06914240640138787,3,6747,58651,0.26091009253578706
edge_iiotset,with_normal,mlp:maxprob,DDoS_ICMP,DDoS,near,3,0.29959849456265214,0.27682777948014553,0.7009252093154155,6.353240152477763e-05,0.0506168062102769,0.09194024243625291,3,15740,56852,1.676829077937447
edge_iiotset,with_normal,mlp:maxprob,DDoS_TCP,DDoS,near,3,0.7591923625556403,0.23871493595315071,0.3764330087927203,0.0,0.05071018125394303,0.1993365572417782,3,6768,58647,0.30004748006601517
edge_iiotset,with_normal,mlp:maxprob,DDoS_UDP,DDoS,near,3,0.38584342395687504,0.2977571696822158,0.6654147711911227,0.013691128148959467,0.05049311751360624,0.2232523146681015,3,16434,56714,1.78566197164362
edge_iiotset,with_normal,mlp:maxprob,Password,CredentialAttack,far,0,0.8083288867239334,0.22491842833488118,0.3239547097742309,0.013225172074729565,0.05132664893254207,0.07726133990818376,3,6780,58644,0.17620907757545243
edge_iiotset,with_normal,mlp:maxprob,Port_Scanning,Reconnaissance,near,2,0.6636353896674478,0.365374061250961,0.792456642532413,0.5688524590163935,0.050659482516697496,0.03603081524230906,3,3050,59390,0.2939348136814226
edge_iiotset,with_normal,mlp:maxprob,Ransomware,Ransomware,far,0,0.8799940374863843,0.2063750709222917,0.25885045920218847,0.42654028436018954,0.05184378751081703,0.03015010213179942,3,1477,59705,0.0785808182863869
edge_iiotset,with_normal,mlp:maxprob,SQL_injection,WebApplication,near,2,0.858783077146911,0.297600277422443,0.42951298849005964,0.1493787922565732,0.0509019152904781,0.04409906526059998,3,6922,58616,0.17155064636018225
edge_iiotset,with_normal,mlp:maxprob,Uploading,WebApplication,near,2,0.7653872152907932,0.15277134885832208,0.5606926289495844,0.049462788259958035,0.05124640433119143,0.033708911612707095,3,5088,58983,0.17534815083779387
edge_iiotset,with_normal,mlp:maxprob,Vulnerability_scanner,Reconnaissance,near,2,0.8693901170555886,0.28119744770114957,0.20410599188350434,0.0828658596594823,0.0515351998999647,0.006747139064048218,3,6774,58646,1.5842907763321543
edge_iiotset,with_normal,mlp:maxprob,XSS,WebApplication,near,2,0.8002240760472522,0.08467430991395507,0.30927760058194836,0.0213854021385402,0.050025180459962994,0.06151730092239972,3,2151,59570,0.2550181283693466
edge_iiotset,with_normal,rf:maxprob,Backdoor,Malware_C2,far,0,0.8567967467244095,0.3485093500521281,1.0,0.707725875235545,0.04473997662711251,0.009855769393480894,3,3361,59328,0.07898740961574886
edge_iiotset,with_normal,rf:maxprob,DDoS_HTTP,DDoS,near,3,0.8645492321860804,0.4452066790051334,1.0,0.683464255718591,0.0457622205929992,0.004232443214269934,3,6747,58651,0.26091009253578706
edge_iiotset,with_normal,rf:maxprob,DDoS_ICMP,DDoS,near,3,0.9674578552683647,0.8925352519506992,0.032663758530922335,0.9949809402795425,0.048482609817303325,0.0003046694886035427,3,15740,56852,1.676829077937447
edge_iiotset,with_normal,rf:maxprob,DDoS_TCP,DDoS,near,3,0.9713679715098453,0.6476580489949906,0.0345172529427478,1.0,0.04807293354022083,0.0022551511677862206,3,6768,58647,0.30004748006601517
edge_iiotset,with_normal,rf:maxprob,DDoS_UDP,DDoS,near,3,0.9918451583041317,0.969759994785501,0.0111201231912167,1.0,0.0497584370702119,0.0012748193921304886,3,16434,56714,1.78566197164362
edge_iiotset,with_normal,rf:maxprob,Password,CredentialAttack,far,0,0.8315579792594847,0.444674987683311,1.0,0.6242871189773845,0.0458074710683673,0.016668932592429065,3,6780,58644,0.17620907757545243
edge_iiotset,with_normal,rf:maxprob,Port_Scanning,Reconnaissance,near,2,0.9697210658083962,0.6223409928565943,0.06007184149969127,0.9224043715846996,0.0490430487736431,0.00377412618914831,3,3050,59390,0.2939348136814226
edge_iiotset,with_normal,rf:maxprob,Ransomware,Ransomware,far,0,0.7390964350016181,0.12933493206548832,1.0,0.4628751974723538,0.049169527956899134,0.005850684492098241,3,1477,59705,0.0785808182863869
edge_iiotset,with_normal,rf:maxprob,SQL_injection,WebApplication,near,2,0.9924629893648399,0.8741054794287623,0.0104522087257176,1.0,0.04871821118238473,0.0011368038961486926,3,6922,58616,0.17155064636018225
edge_iiotset,with_normal,rf:maxprob,Uploading,WebApplication,near,2,0.8067685139823361,0.3265395094297299,1.0,0.5536556603773585,0.04540291270366029,0.050197937664414154,3,5088,58983,0.17534815083779387
edge_iiotset,with_normal,rf:maxprob,Vulnerability_scanner,Reconnaissance,near,2,0.9925110325102681,0.8715682747149659,0.010998192545101067,1.0,0.0494606054405529,0.0014425694378254591,3,6774,58646,1.5842907763321543
edge_iiotset,with_normal,rf:maxprob,XSS,WebApplication,near,2,0.7040370173442758,0.1087913717783815,1.0,0.3288392995505966,0.048167422080465504,0.01061582267600764,3,2151,59570,0.2550181283693466
x_iiotid,attacks_only,edl:vacuity,BruteForce,CredentialAttack,near,1,0.7399124293422923,0.637244693333245,0.4016366908803688,0.23072319394571217,0.047754082015823006,0.024793986903151453,3,17266,25743,0.8103930667162854
x_iiotid,attacks_only,edl:vacuity,C&C,Malware_C2,near,2,0.7884693998010537,0.33106103485398036,0.5225560883614494,0.3317399617590822,0.04974643805843993,0.07544944115120249,3,1046,28987,0.7441934741355922
x_iiotid,attacks_only,edl:vacuity,Dictionary,CredentialAttack,near,1,0.7616892246404025,0.07908784728785283,0.37497701783416065,0.035460992907801366,0.049170343813200935,0.04045050257897104,3,940,29008,0.6505726950064926
x_iiotid,attacks_only,edl:vacuity,Discovering_resources,Reconnaissance,near,2,0.37708744262887645,0.18214652133987727,0.7266215823152996,0.0,0.04701134380453747,0.03838522844922042,3,8460,27504,0.5811086929352469
x_iiotid,attacks_only,edl:vacuity,Exfiltration,Exfiltration,far,0,0.34462168255253706,0.16644536125971918,0.797906543863466,0.0011536876802636666,0.04942345347740947,0.08746887983621443,3,8090,27578,0.6519150831536481
x_iiotid,attacks_only,edl:vacuity,False_data_injection,False_data_injection,far,0,0.8405502345481483,0.20284957819850524,0.19898926820242382,0.025062656641603967,0.0486747155148487,0.09057190442665985,3,1862,28824,0.44711846068680056
x_iiotid,attacks_only,edl:vacuity,Generic_scanning,Reconnaissance,near,2,0.7770882825499359,0.5766447919632958,0.4381228530752452,0.015637188208616735,0.05031150816974253,0.015550633520480438,3,18375,25521,0.4617262022016792
x_iiotid,attacks_only,edl:vacuity,MQTT_cloud_broker_subscription,MQTT_cloud_broker_subscription,far,0,0.9664390810859795,0.8923382900243068,0.1294537249335808,0.7057455222144685,0.051497616188084495,0.009854410354616998,3,8598,27477,0.42313010731243933
x_iiotid,attacks_only,edl:vacuity,Modbus_register_reading,Modbus_register_reading,far,0,0.7720271833547403,0.1401462431439335,0.26139563992907056,0.0010723039215686,0.05039231366549607,0.09125873199685826,3,2176,28761,0.683030991609522
x_iiotid,attacks_only,edl:vacuity,RDOS,DoS,far,0,0.6851009927048558,0.6657461852922879,0.5899881652623956,0.1083,0.05353893981947607,0.015349284419535923,3,20000,18871,0.9250332194304604
x_iiotid,attacks_only,edl:vacuity,Reverse_shell,Malware_C2,near,2,0.7965570747297069,0.036312367775478395,0.38919030286381423,0.17699910152740336,0.05153034361193137,0.05069907990252709,3,371,29122,0.6981019747268006
x_iiotid,attacks_only,edl:vacuity,Scanning_vulnerability,Reconnaissance,near,2,0.801824643290543,0.6648358153794499,0.4990855142830826,0.13089321460619863,0.050776983907682934,0.013437784695874387,3,19316,25333,0.4746122046230101
x_iiotid,attacks_only,edl:vacuity,TCP Relay,Malware_C2,near,2,0.7447885729223015,0.08175045681879027,0.414724010881168,0.09247311827956987,0.04756493692825079,0.046390494240636015,3,775,29041,0.44368206388051284
x_iiotid,attacks_only,edl:vacuity,fuzzing,fuzzing,far,0,0.5896098105192822,0.018784330562660267,0.5545475372279496,0.009027777777777734,0.052302405498281766,0.008590397593935371,3,480,29100,0.6749960103436989
x_iiotid,attacks_only,edl:vacuity,insider_malcious,insider_malcious,far,0,0.8697894112714136,0.7747074280452372,0.4514284349891957,0.7105744603000366,0.05118011532538227,0.006203152761514477,3,6377,27921,0.6256446133392543
x_iiotid,attacks_only,fusion_rank,BruteForce,CredentialAttack,near,1,0.9439712837223012,0.9063624389742747,0.1647826593637105,0.5695200586895247,0.0524414403915627,0.01178045344875501,3,17266,25743,0.8103930667162854
x_iiotid,attacks_only,fusion_rank,C&C,Malware_C2,near,2,0.9477625659448711,0.7767990033208708,0.7474270075091133,0.8910133843212237,0.05104587113763637,0.0018740601508033914,3,1046,28987,0.7441934741355922
x_iiotid,attacks_only,fusion_rank,Dictionary,CredentialAttack,near,1,0.9973508714152711,0.872239394221083,0.005228442728442699,1.0,0.05092847949990803,0.0003000457987296762,3,940,29008,0.6505726950064926
x_iiotid,attacks_only,fusion_rank,Discovering_resources,Reconnaissance,near,2,0.7126195420360949,0.47427144979267616,0.8294066317626528,0.1481481481481481,0.050368431258483566,0.003242079178242618,3,8460,27504,0.5811086929352469
x_iiotid,attacks_only,fusion_rank,Exfiltration,Exfiltration,far,0,0.9642301120636129,0.8977965385935681,0.16967631203616407,0.7400494437577256,0.0469335460632871,0.0020392361003328057,3,8090,27578,0.6519150831536481
x_iiotid,attacks_only,fusion_rank,False_data_injection,False_data_injection,far,0,0.9976758586923675,0.9236883709439034,0.0023475807197705333,1.0,0.04831621796650933,0.0004072191946138757,3,1862,28824,0.44711846068680056
x_iiotid,attacks_only,fusion_rank,Generic_scanning,Reconnaissance,near,2,0.743635468403105,0.5514803870836681,0.3588417381764037,0.03684353741496593,0.049214372477567436,0.012061323816051373,3,18375,25521,0.4617262022016792
x_iiotid,attacks_only,fusion_rank,MQTT_cloud_broker_subscription,MQTT_cloud_broker_subscription,far,0,0.998709442451377,0.9892901697789028,0.0032390726789678337,1.0,0.049665781077507194,0.0005967239186134716,3,8598,27477,0.42313010731243933
x_iiotid,attacks_only,fusion_rank,Modbus_register_reading,Modbus_register_reading,far,0,0.9990516149916383,0.9731912125933161,0.0028163137582142,1.0,0.050937032787455205,0.00011593019599756969,3,2176,28761,0.683030991609522
x_iiotid,attacks_only,fusion_rank,RDOS,DoS,far,0,0.9956463568438343,0.9946013366703564,0.010668927631462701,0.99695,0.049529260063942836,0.0004186097979438477,3,20000,18871,0.9250332194304604
x_iiotid,attacks_only,fusion_rank,Reverse_shell,Malware_C2,near,2,0.908120949553673,0.4021300593594665,0.5931712565528925,0.7268643306379156,0.05029416477806006,0.005808788735607379,3,371,29122,0.6981019747268006
x_iiotid,attacks_only,fusion_rank,Scanning_vulnerability,Reconnaissance,near,2,0.8159861994620146,0.8226719025164347,0.7286543243990052,0.6612135017601988,0.04976381268174577,0.0009196161607320795,3,19316,25333,0.4746122046230101
x_iiotid,attacks_only,fusion_rank,TCP Relay,Malware_C2,near,2,0.9736788515161917,0.6432726975921181,0.09612846205938726,0.7604301075268817,0.05153633368915209,0.0019895852010975924,3,775,29041,0.44368206388051284
x_iiotid,attacks_only,fusion_rank,fuzzing,fuzzing,far,0,0.9582579348033601,0.1911994386175454,0.12229095074455897,0.7368055555555556,0.0517983963344788,0.007097530061305978,3,480,29100,0.6749960103436989
x_iiotid,attacks_only,fusion_rank,insider_malcious,insider_malcious,far,0,0.9519743141792313,0.8602376251481537,0.17069589198094617,0.7168992734305576,0.05089359263636686,0.001862067301275863,3,6377,27921,0.6256446133392543
x_iiotid,attacks_only,fusion_z,BruteForce,CredentialAttack,near,1,0.9065941304772748,0.8640658982233077,0.33203848295329474,0.7294297077107225,0.04994237915808827,0.0388352661485053,3,17266,25743,0.8103930667162854
x_iiotid,attacks_only,fusion_z,C&C,Malware_C2,near,2,0.9537360795326307,0.6951485370617224,0.1675003737307528,0.7106437221159974,0.04974643805843993,0.0064744842262600055,3,1046,28987,0.7441934741355922
x_iiotid,attacks_only,fusion_z,Dictionary,CredentialAttack,near,1,0.9963429261871509,0.7823653584927968,0.0051365140650854665,1.0,0.0496529692958264,0.0005794755514843818,3,940,29008,0.6505726950064926
x_iiotid,attacks_only,fusion_z,Discovering_resources,Reconnaissance,near,2,0.6380125438305756,0.38188686034678887,0.8294066317626528,0.2085500394011032,0.05015028117122353,0.021809210226576933,3,8460,27504,0.5811086929352469
x_iiotid,attacks_only,fusion_z,Exfiltration,Exfiltration,far,0,0.9754947192071883,0.9420141387753743,0.13706577706867792,0.9458590852904821,0.05041458167138053,0.010922096482827982,3,8090,27578,0.6519150831536481
x_iiotid,attacks_only,fusion_z,False_data_injection,False_data_injection,far,0,0.9967206063809458,0.8904506185266934,0.006325747062632967,0.9985678481919084,0.050016190211860434,0.0007715291146142948,3,1862,28824,0.44711846068680056
x_iiotid,attacks_only,fusion_z,Generic_scanning,Reconnaissance,near,2,0.7394668538940986,0.5508954355760071,0.3683241252302025,0.07210884353741494,0.049815184880425196,0.011533984086626538,3,18375,25521,0.4617262022016792
x_iiotid,attacks_only,fusion_z,MQTT_cloud_broker_subscription,MQTT_cloud_broker_subscription,far,0,0.9956715953985484,0.9593705939966578,0.0073637345173538675,1.0,0.04996906503621207,0.0007397872509906505,3,8598,27477,0.42313010731243933
x_iiotid,attacks_only,fusion_z,Modbus_register_reading,Modbus_register_reading,far,0,0.9983678133208708,0.9618196938264904,0.0068843225200792,1.0,0.050647288573647135,0.00025772957493787254,3,2176,28761,0.683030991609522
x_iiotid,attacks_only,fusion_z,RDOS,DoS,far,0,0.996091969159027,0.9952159964138163,0.0147139349619345,0.9970666666666667,0.048575415540600166,0.001462303507757752,3,20000,18871,0.9250332194304604
x_iiotid,attacks_only,fusion_z,Reverse_shell,Malware_C2,near,2,0.9371911134081471,0.34714175839813927,0.3885035368449969,0.8095238095238094,0.0495387221573609,0.010943896694622373,3,371,29122,0.6981019747268006
x_iiotid,attacks_only,fusion_z,Scanning_vulnerability,Reconnaissance,near,2,0.8225347248127708,0.8383380997758286,0.7325227963525837,0.646959342859115,0.048053263858734964,0.002146169414865707,3,19316,25333,0.4746122046230101
x_iiotid,attacks_only,fusion_z,TCP Relay,Malware_C2,near,2,0.9252220572101808,0.4996429980896894,0.25372174971017986,0.6933333333333334,0.05065252573947173,0.0013947375124859897,3,775,29041,0.44368206388051284
x_iiotid,attacks_only,fusion_z,fuzzing,fuzzing,far,0,0.8951390559373807,0.16482117015618372,0.27493699885452455,0.5381944444444445,0.049942726231385966,0.02688045062315235,3,480,29100,0.6749960103436989
x_iiotid,attacks_only,fusion_z,insider_malcious,insider_malcious,far,0,0.9171936792002988,0.8041680603363917,0.3249525446796318,0.7537504573728504,0.050380239485214195,0.001077908701431414,3,6377,27921,0.6256446133392543
x_iiotid,attacks_only,mlp:energy,BruteForce,CredentialAttack,near,1,0.881820382332975,0.827980613273473,0.2564192207590413,0.47200664118305724,0.050084812699892504,0.037288891044231644,3,17266,25743,0.8103930667162854
x_iiotid,attacks_only,mlp:energy,C&C,Malware_C2,near,2,0.958514050484335,0.6648974184530975,0.2640838996791665,0.8505417463352454,0.04920596589275647,0.02106397145198597,3,1046,28987,0.7441934741355922
x_iiotid,attacks_only,mlp:energy,Dictionary,CredentialAttack,near,1,0.9322096582307449,0.4789064484047567,0.22707528957528952,0.6145390070921986,0.05080207758779184,0.01269203623663412,3,940,29008,0.6505726950064926
x_iiotid,attacks_only,mlp:energy,Discovering_resources,Reconnaissance,near,2,0.5792457009476893,0.2509770831476252,0.5699534613147179,0.04625689519306537,0.049507950358735626,0.03881423527399296,3,8460,27504,0.5811086929352469
x_iiotid,attacks_only,mlp:energy,Exfiltration,Exfiltration,far,0,0.3168263067636334,0.1888451906357921,0.8915439843353399,0.0389781623403378,0.048069717407595365,0.06927726442779973,3,8090,27578,0.6519150831536481
x_iiotid,attacks_only,mlp:energy,False_data_injection,False_data_injection,far,0,0.9530432493052144,0.6096358922512305,0.06477241187898967,0.7495524525599713,0.05025904338976777,0.04282637130429824,3,1862,28824,0.44711846068680056
x_iiotid,attacks_only,mlp:energy,Generic_scanning,Reconnaissance,near,2,0.7983790873924378,0.6425074368826694,0.5418936039601374,0.11121995464852602,0.049201311338374874,0.05278866930568854,3,18375,25521,0.4617262022016792
x_iiotid,attacks_only,mlp:energy,MQTT_cloud_broker_subscription,MQTT_cloud_broker_subscription,far,0,0.9755526116623318,0.926465983506943,0.0867634749062852,0.9008684190121734,0.049435285268891495,0.02410764698692174,3,8598,27477,0.42313010731243933
x_iiotid,attacks_only,mlp:energy,Modbus_register_reading,Modbus_register_reading,far,0,0.9795820288452295,0.6584847639947878,0.03081719458062417,0.9849877450980392,0.051470162140861996,0.011018806245142882,3,2176,28761,0.683030991609522
x_iiotid,attacks_only,mlp:energy,RDOS,DoS,far,0,0.21770935253387028,0.4061917960676002,0.8787380990231926,5e-05,0.0480455019165209,0.10520434435430873,3,20000,18871,0.9250332194304604
x_iiotid,attacks_only,mlp:energy,Reverse_shell,Malware_C2,near,2,0.7364729616269332,0.0278628669436651,0.4587139161687612,0.035040431266846334,0.051015269097818304,0.07100604021882093,3,371,29122,0.6981019747268006
x_iiotid,attacks_only,mlp:energy,Scanning_vulnerability,Reconnaissance,near,2,0.8567998396786569,0.7668410489743812,0.36532059632363584,0.27091530337544,0.05096119685785333,0.03187714547337654,3,19316,25333,0.4746122046230101
x_iiotid,attacks_only,mlp:energy,TCP Relay,Malware_C2,near,2,0.9621213316138512,0.574290193607856,0.17009285722484302,0.7681720430107527,0.0496654155619067,0.011809577757358357,3,775,29041,0.44368206388051284
x_iiotid,attacks_only,mlp:energy,fuzzing,fuzzing,far,0,0.6823019282168766,0.02340157798440137,0.446815578465063,0.03333333333333333,0.05003436426116836,0.04991513914545149,3,480,29100,0.6749960103436989
x_iiotid,attacks_only,mlp:energy,insider_malcious,insider_malcious,far,0,0.9610394535740788,0.8891618385497034,0.13611021572770787,0.7165333751502797,0.0486491649057459,0.03368322419608432,3,6377,27921,0.6256446133392543
x_iiotid,attacks_only,mlp:entropy,BruteForce,CredentialAttack,near,1,0.7897658330957479,0.710095396234148,0.4012870812777583,0.2660334375844627,0.0484015072058423,0.013762879842820534,3,17266,25743,0.8103930667162854
x_iiotid,attacks_only,mlp:entropy,C&C,Malware_C2,near,2,0.8638304004016834,0.351648569287365,0.37565115396557075,0.3779477374123646,0.04710157426892513,0.08123954301311816,3,1046,28987,0.7441934741355922
x_iiotid,attacks_only,mlp:entropy,Dictionary,CredentialAttack,near,1,0.7893454679168966,0.10892649597409466,0.39569544033829745,0.16489361702127656,0.050710148924434595,0.01199339318000685,3,940,29008,0.6505726950064926
x_iiotid,attacks_only,mlp:entropy,Discovering_resources,Reconnaissance,near,2,0.5223894820829271,0.22467177175497066,0.671066026759744,0.0008668242710795668,0.04748400232693423,0.04142873657188584,3,8460,27504,0.5811086929352469
x_iiotid,attacks_only,mlp:entropy,Exfiltration,Exfiltration,far,0,0.42592169483668196,0.1870684370249104,0.7469601373075156,0.00037082818294186665,0.04904875867237166,0.09442945365816739,3,8090,27578,0.6519150831536481
x_iiotid,attacks_only,mlp:entropy,False_data_injection,False_data_injection,far,0,0.8590217210436185,0.3713401269744782,0.20641363678416128,0.25742928750447547,0.048281524655379694,0.04547129980041738,3,1862,28824,0.44711846068680056
x_iiotid,attacks_only,mlp:entropy,Generic_scanning,Reconnaissance,near,2,0.7940847436920251,0.6175829451163494,0.4992881679140055,0.0216961451247165,0.05140864386191757,0.024174509693187084,3,18375,25521,0.4617262022016792
x_iiotid,attacks_only,mlp:entropy,MQTT_cloud_broker_subscription,MQTT_cloud_broker_subscription,far,0,0.9552549493000226,0.845406789469972,0.14072375683905322,0.5287276110723423,0.0503208744283097,0.023948829987105645,3,8598,27477,0.42313010731243933
x_iiotid,attacks_only,mlp:entropy,Modbus_register_reading,Modbus_register_reading,far,0,0.8164748272357517,0.2355140353164624,0.21363420372495157,0.07460171568627451,0.050392313665496034,0.10503815403016935,3,2176,28761,0.683030991609522
x_iiotid,attacks_only,mlp:entropy,RDOS,DoS,far,0,0.6400058237507286,0.613497966010424,0.5403175948986981,0.0006166666666666666,0.0519138713722996,0.08172158857929702,3,20000,18871,0.9250332194304604
x_iiotid,attacks_only,mlp:entropy,Reverse_shell,Malware_C2,near,2,0.8264748207698037,0.09025855943246593,0.3298880571389327,0.2677448337825696,0.05122129890346353,0.049290659324592444,3,371,29122,0.6981019747268006
x_iiotid,attacks_only,mlp:entropy,Scanning_vulnerability,Reconnaissance,near,2,0.8790727530689707,0.8086038164242311,0.3978736562323188,0.31127907779388414,0.05188226160870533,0.015495776587206767,3,19316,25333,0.4746122046230101
x_iiotid,attacks_only,mlp:entropy,TCP Relay,Malware_C2,near,2,0.8291878112257308,0.1022497818766635,0.2868128967092501,0.08645161290322578,0.049057080219918926,0.045753457067100774,3,775,29041,0.44368206388051284
x_iiotid,attacks_only,mlp:entropy,fuzzing,fuzzing,far,0,0.6181023172012218,0.019429317124257935,0.5347995418098511,0.0027777777777777666,0.05135166093928973,0.04704011152589344,3,480,29100,0.6749960103436989
x_iiotid,attacks_only,mlp:entropy,insider_malcious,insider_malcious,far,0,0.8788192398637755,0.6613637375756206,0.2967658751477383,0.48261983168679096,0.05011759368695007,0.05886590478195221,3,6377,27921,0.6256446133392543
x_iiotid,attacks_only,mlp:mahalanobis,BruteForce,CredentialAttack,near,1,0.9336520915095136,0.84688494816807,0.15902057517253876,0.5689022742190818,0.05131492056092913,0.013176651209773597,3,17266,25743,0.8103930667162854
x_iiotid,attacks_only,mlp:mahalanobis,C&C,Malware_C2,near,2,0.9455636065335368,0.7705992755285359,0.7981393958211153,0.8910133843212237,0.05104587113763637,0.0012564746281833465,3,1046,28987,0.7441934741355922
x_iiotid,attacks_only,mlp:mahalanobis,Dictionary,CredentialAttack,near,1,0.9892094941771994,0.5950663265266568,0.0184891524177238,1.0,0.050790586504872136,0.0028031275757222657,3,940,29008,0.6505726950064926
x_iiotid,attacks_only,mlp:mahalanobis,Discovering_resources,Reconnaissance,near,2,0.7152982920229154,0.450947953586867,0.8294066317626528,0.1094168636721828,0.049713980996703495,0.0033506114266790457,3,8460,27504,0.5811086929352469
x_iiotid,attacks_only,mlp:mahalanobis,Exfiltration,Exfiltration,far,0,0.9570071334994307,0.8881865110782288,0.1780525539681388,0.7394313967861558,0.047102763072013866,0.0012154713856467531,3,8090,27578,0.6519150831536481
x_iiotid,attacks_only,mlp:mahalanobis,False_data_injection,False_data_injection,far,0,0.9892439556128337,0.7829636404356219,0.030194745119807503,0.9998209810239885,0.04846655564807097,0.001437263088041127,3,1862,28824,0.44711846068680056
x_iiotid,attacks_only,mlp:mahalanobis,Generic_scanning,Reconnaissance,near,2,0.7443537287020133,0.542791661900854,0.3585935765317451,0.035972789115646234,0.0502200801953946,0.012241664491378878,3,18375,25521,0.4617262022016792
x_iiotid,attacks_only,mlp:mahalanobis,MQTT_cloud_broker_subscription,MQTT_cloud_broker_subscription,far,0,0.9855098797638471,0.8952297378574099,0.028496560759908234,0.9995347755291929,0.050417925295095235,0.00395392517229716,3,8598,27477,0.42313010731243933
x_iiotid,attacks_only,mlp:mahalanobis,Modbus_register_reading,Modbus_register_reading,far,0,0.9948542386340162,0.9191932066551081,0.025219336369852633,1.0,0.0508790839446936,0.0004494374958123431,3,2176,28761,0.683030991609522
x_iiotid,attacks_only,mlp:mahalanobis,RDOS,DoS,far,0,0.9961264135445922,0.9951330933404349,0.005776058502464034,0.9969333333333333,0.048646070690477404,0.0008267731764893772,3,20000,18871,0.9250332194304604
x_iiotid,attacks_only,mlp:mahalanobis,Reverse_shell,Malware_C2,near,2,0.890907156206813,0.15550999854983424,0.7013140123160039,0.7097933513027853,0.049721859762378896,0.004637228642115569,3,371,29122,0.6981019747268006
x_iiotid,attacks_only,mlp:mahalanobis,Scanning_vulnerability,Reconnaissance,near,2,0.8071557077849638,0.7914589846579029,0.7275622047658521,0.5957237523296749,0.04955328359583674,0.0014202638143337573,3,19316,25333,0.4746122046230101
x_iiotid,attacks_only,mlp:mahalanobis,TCP Relay,Malware_C2,near,2,0.9674965278973406,0.39694550936535805,0.09056161977893319,0.7427956989247312,0.04991793211895823,0.0005736979683074658,3,775,29041,0.44368206388051284
x_iiotid,attacks_only,mlp:mahalanobis,fuzzing,fuzzing,far,0,0.9547910462008401,0.16703199408802102,0.12048109965635735,0.6986111111111111,0.05134020618556693,0.0074500857113109446,3,480,29100,0.6749960103436989
x_iiotid,attacks_only,mlp:mahalanobis,insider_malcious,insider_malcious,far,0,0.9481623622056145,0.7904766292422387,0.16772321908241106,0.7166901886989704,0.05009371679619873,0.002816963462672977,3,6377,27921,0.6256446133392543
x_iiotid,attacks_only,mlp:maxprob,BruteForce,CredentialAttack,near,1,0.7804996892411582,0.6576546864550251,0.4033199963744189,0.1782115139580678,0.04864752877804967,0.02127353116553037,3,17266,25743,0.8103930667162854
x_iiotid,attacks_only,mlp:maxprob,C&C,Malware_C2,near,2,0.8293942529741744,0.1751864895420411,0.371442370717908,0.13224984066284257,0.05033290785524543,0.08061074880514113,3,1046,28987,0.7441934741355922
x_iiotid,attacks_only,mlp:maxprob,Dictionary,CredentialAttack,near,1,0.7643022235489941,0.08698814369679682,0.3963619231476374,0.07482269503546095,0.05145706931421213,0.025186507163592286,3,940,29008,0.6505726950064926
x_iiotid,attacks_only,mlp:maxprob,Discovering_resources,Reconnaissance,near,2,0.5238490083081547,0.2362873301985692,0.6720113438045375,0.023640661938534233,0.04859899166181884,0.042184887692158335,3,8460,27504,0.5811086929352469
x_iiotid,attacks_only,mlp:maxprob,Exfiltration,Exfiltration,far,0,0.434629297915553,0.19232971134326082,0.742608842797399,0.012731767614338634,0.04862571615055473,0.08991953666659702,3,8090,27578,0.6519150831536481
x_iiotid,attacks_only,mlp:maxprob,False_data_injection,False_data_injection,far,0,0.853502034496256,0.30997962987483035,0.1942131557035803,0.17543859649122806,0.04851281339624383,0.054680320562535724,3,1862,28824,0.44711846068680056
x_iiotid,attacks_only,mlp:maxprob,Generic_scanning,Reconnaissance,near,2,0.7950574978891156,0.6152720412889331,0.501678356386244,0.015510204081632598,0.050807831459059795,0.024457778498151984,3,18375,25521,0.4617262022016792
x_iiotid,attacks_only,mlp:maxprob,MQTT_cloud_broker_subscription,MQTT_cloud_broker_subscription,far,0,0.927017546411243,0.7492127462265552,0.14592810957042854,0.38121268512057066,0.04854969610947333,0.020337246652527934,3,8598,27477,0.42313010731243933
x_iiotid,attacks_only,mlp:maxprob,Modbus_register_reading,Modbus_register_reading,far,0,0.7988588131199247,0.19693338891173384,0.23574748212278196,0.06617647058823527,0.04974328662656604,0.11167402548633966,3,2176,28761,0.683030991609522
x_iiotid,attacks_only,mlp:maxprob,RDOS,DoS,far,0,0.6441501788458481,0.6257146980098681,0.5401056294490665,0.001,0.04891102750251703,0.08147617766476972,3,20000,18871,0.9250332194304604
x_iiotid,attacks_only,mlp:maxprob,Reverse_shell,Malware_C2,near,2,0.8142573273398961,0.0409915659152263,0.32944165922670143,0.14465408805031443,0.05119840670283634,0.03791958879299741,3,371,29122,0.6981019747268006
x_iiotid,attacks_only,mlp:maxprob,Scanning_vulnerability,Reconnaissance,near,2,0.8725564488400437,0.7677523008082238,0.40083422150291453,0.18171464071236276,0.051303306622455504,0.010226601744911457,3,19316,25333,0.4746122046230101
x_iiotid,attacks_only,mlp:maxprob,TCP Relay,Malware_C2,near,2,0.8117542754718672,0.0702335447395838,0.290841683596754,0.06623655913978489,0.05011305854940714,0.03607480042620503,3,775,29041,0.44368206388051284
x_iiotid,attacks_only,mlp:maxprob,fuzzing,fuzzing,far,0,0.6179799064528445,0.0194200791926183,0.5373883161512027,0.007638888888888834,0.0517640320733104,0.04662079307002588,3,480,29100,0.6749960103436989
x_iiotid,attacks_only,mlp:maxprob,insider_malcious,insider_malcious,far,0,0.8532600327015304,0.5672377688497958,0.2952496925850316,0.32110187653546596,0.05014147057770133,0.0753675432102272,3,6377,27921,0.6256446133392543
x_iiotid,attacks_only,rf:maxprob,BruteForce,CredentialAttack,near,1,0.7917892261749896,0.7358740763039305,1.0,0.2692961118189891,0.04913957192246434,0.06393312556586919,3,17266,25743,0.8103930667162854
x_iiotid,attacks_only,rf:maxprob,C&C,Malware_C2,near,2,0.8247631028550787,0.3441301985454351,1.0,0.578393881453155,0.048550499649268,0.020240979557395344,3,1046,28987,0.7441934741355922
x_iiotid,attacks_only,rf:maxprob,Dictionary,CredentialAttack,near,1,0.9405024916090645,0.3405868700962718,0.13493978672550097,0.4907801418439716,0.0502505056076484,0.006044145822265845,3,940,29008,0.6505726950064926
x_iiotid,attacks_only,rf:maxprob,Discovering_resources,Reconnaissance,near,2,0.5098965488965628,0.23978421100791147,1.0,0.04546887312844757,0.04931403917006006,0.03979139906016668,3,8460,27504,0.5811086929352469
x_iiotid,attacks_only,rf:maxprob,Exfiltration,Exfiltration,far,0,0.910573966882053,0.6723459901006978,0.44744603186114534,0.4565718994643593,0.05355718326202039,0.014148991899064918,3,8090,27578,0.6519150831536481
x_iiotid,attacks_only,rf:maxprob,False_data_injection,False_data_injection,far,0,0.9453005761151619,0.5932357797042681,0.07010361735590707,0.2551020408163265,0.0501318345822925,0.005791929484093925,3,1862,28824,0.44711846068680056
x_iiotid,attacks_only,rf:maxprob,Generic_scanning,Reconnaissance,near,2,0.5089512504086048,0.43865343391431155,1.0,0.06126077097505663,0.044747462873711806,0.0029686009716422004,3,18375,25521,0.4617262022016792
x_iiotid,attacks_only,rf:maxprob,MQTT_cloud_broker_subscription,MQTT_cloud_broker_subscription,far,0,0.9895986053808503,0.9604417931375558,0.039184287464667365,0.9883306195239204,0.05070907789545193,0.003625379165139736,3,8598,27477,0.42313010731243933
x_iiotid,attacks_only,rf:maxprob,Modbus_register_reading,Modbus_register_reading,far,0,0.9869515877045508,0.768478470920709,0.02225235562045823,0.9947916666666666,0.04955785032972887,0.0026138911371625328,3,2176,28761,0.683030991609522
x_iiotid,attacks_only,rf:maxprob,RDOS,DoS,far,0,0.8989306563863425,0.8927557918012067,0.49078833483475526,0.5150166666666667,0.047197640117994065,0.025149533576775504,3,20000,18871,0.9250332194304604
x_iiotid,attacks_only,rf:maxprob,Reverse_shell,Malware_C2,near,2,0.8697161823732152,0.10880931456963945,1.0,0.32794249775381845,0.051541789712245,0.0037389063548995756,3,371,29122,0.6981019747268006
x_iiotid,attacks_only,rf:maxprob,Scanning_vulnerability,Reconnaissance,near,2,0.8052107183778897,0.7585686759926958,1.0,0.6454925105266791,0.045513756759957336,0.003511849393012006,3,19316,25333,0.4746122046230101
x_iiotid,attacks_only,rf:maxprob,TCP Relay,Malware_C2,near,2,0.803719428186994,0.4407550904782129,1.0,0.6081720430107528,0.04695660158626306,0.005495122535886945,3,775,29041,0.44368206388051284
x_iiotid,attacks_only,rf:maxprob,fuzzing,fuzzing,far,0,0.6481555698739977,0.025590159033995464,1.0,0.02291666666666663,0.0500916380297823,0.05702679083312155,3,480,29100,0.6749960103436989
x_iiotid,attacks_only,rf:maxprob,insider_malcious,insider_malcious,far,0,0.8466131923161244,0.7696841768454353,1.0,0.7188333071977419,0.0514546995690221,0.0014159658962524097,3,6377,27921,0.6256446133392543
x_iiotid,with_normal,edl:vacuity,BruteForce,CredentialAttack,near,1,0.6931902513658089,0.45658626609457187,0.49703786230922953,0.2670566431136337,0.05034160373966196,0.020737730571807122,3,17266,56547,0.8103930667162854
x_iiotid,with_normal,edl:vacuity,C&C,Malware_C2,near,2,0.7979533317879034,0.2763463324959572,0.5522124288493809,0.387189292543021,0.050308574869127404,0.06363657241381383,3,1046,59791,0.7441934741355922
x_iiotid,with_normal,edl:vacuity,Dictionary,CredentialAttack,near,1,0.7799039769054148,0.043223235355298734,0.3721326824048685,0.06595744680851061,0.05073117991930267,0.061344017587185856,3,940,59812,0.6505726950064926
x_iiotid,with_normal,edl:vacuity,Discovering_resources,Reconnaissance,near,2,0.32749908835788627,0.08930561067436253,0.8338078251126203,0.0,0.0483981614872744,0.03265246138203068,3,8460,58308,0.5811086929352469
x_iiotid,with_normal,edl:vacuity,Exfiltration,Exfiltration,far,0,0.23452818321150026,0.07619125469762177,0.8924383086111017,0.0050679851668726334,0.049524396788964566,0.04970210073634309,3,8090,58382,0.6519150831536481
x_iiotid,with_normal,edl:vacuity,False_data_injection,False_data_injection,far,0,0.8480666779215525,0.1405498220082668,0.19898928914827482,0.19119226638023626,0.04866841081371163,0.11886736775691488,3,1862,59628,0.44711846068680056
x_iiotid,with_normal,edl:vacuity,Generic_scanning,Reconnaissance,near,2,0.7677467359519632,0.3978490099132146,0.4823553780144992,0.019247165532879768,0.05019677467080926,0.06347811370333128,3,18375,56325,0.4617262022016792
x_iiotid,with_normal,edl:vacuity,MQTT_cloud_broker_subscription,MQTT_cloud_broker_subscription,far,0,0.9758600284387393,0.8364438009905344,0.08568258380375533,0.821819027680856,0.05167493122401234,0.006274582164667155,3,8598,58281,0.42313010731243933
x_iiotid,with_normal,edl:vacuity,Modbus_register_reading,Modbus_register_reading,far,0,0.772248848833372,0.07976376749132463,0.26784744956490103,0.10232843137254899,0.051215758694983037,0.1227914386632447,3,2176,59565,0.683030991609522
x_iiotid,with_normal,edl:vacuity,RDOS,DoS,far,0,0.7213692383828216,0.4909420914221514,0.5634692165744003,0.11578333333333334,0.05112565005871494,0.034164406840719565,3,20000,49675,0.9250332194304604
x_iiotid,with_normal,edl:vacuity,Reverse_shell,Malware_C2,near,2,0.7971200719281843,0.01871097928016373,0.42082457252834055,0.17789757412398918,0.0506124219871174,0.07428868234739773,3,371,59926,0.6981019747268006
x_iiotid,with_normal,edl:vacuity,Scanning_vulnerability,Reconnaissance,near,2,0.7065246318610495,0.40201050040316866,0.6808462630113236,0.12014219645199141,0.04986016352851056,0.056856857638318166,3,19316,56137,0.4746122046230101
x_iiotid,with_normal,edl:vacuity,TCP Relay,Malware_C2,near,2,0.7683183780321386,0.043027221417545065,0.41091152143036175,0.11010752688172043,0.0503968585512574,0.08274313683954355,3,775,59845,0.44368206388051284
x_iiotid,with_normal,edl:vacuity,fuzzing,fuzzing,far,0,0.5627899082977208,0.008906499429292834,0.6353888443732193,0.013194444444444434,0.05048633368945863,0.0850236003058778,3,480,59904,0.6749960103436989
x_iiotid,with_normal,edl:vacuity,insider_malcious,insider_malcious,far,0,0.8552734380345822,0.7169869559119014,0.5041294167730949,0.7109403585803147,0.050330637150560464,0.0021851811021258894,3,6377,58725,0.6256446133392543
x_iiotid,with_normal,fusion_rank,BruteForce,CredentialAttack,near,1,0.9150616627462891,0.7922565487930191,0.24722796965356245,0.5688057453955752,0.050842661856508674,0.017192109885201926,3,17266,56547,0.8103930667162854
x_iiotid,with_normal,fusion_rank,C&C,Malware_C2,near,2,0.9431469507247568,0.6764631005314187,0.7600419238123909,0.8910133843212237,0.049511353436693335,0.0016705543492921222,3,1046,59791,0.7441934741355922
x_iiotid,with_normal,fusion_rank,Dictionary,CredentialAttack,near,1,0.9976531992915865,0.7987688310141828,0.005021288927528434,1.0,0.0504748211061325,0.0003920480103565689,3,940,59812,0.6505726950064926
x_iiotid,with_normal,fusion_rank,Discovering_resources,Reconnaissance,near,2,0.6635592611026805,0.23809466966061824,0.8762662642061695,0.09468085106382973,0.0509192563627632,0.001506307385631602,3,8460,58308,0.5811086929352469
x_iiotid,with_normal,fusion_rank,Exfiltration,Exfiltration,far,0,0.944923616401006,0.8145079516628727,0.2579219622486382,0.7396374124433457,0.05010105854544206,0.004398841747377153,3,8090,58382,0.6519150831536481
x_iiotid,with_normal,fusion_rank,False_data_injection,False_data_injection,far,0,0.9982237167250414,0.891292064443852,0.0017776883343395332,1.0,0.05014422754410674,0.00023435499574932331,3,1862,59628,0.44711846068680056
x_iiotid,with_normal,fusion_rank,Generic_scanning,Reconnaissance,near,2,0.6552093870505741,0.3112302879395621,0.44117177097203725,0.0354104308390022,0.050830004438526366,0.011350262005556687,3,18375,56325,0.4617262022016792
x_iiotid,with_normal,fusion_rank,MQTT_cloud_broker_subscription,MQTT_cloud_broker_subscription,far,0,0.9990220262831698,0.9845278397248317,0.0026595288344399997,1.0,0.05118306137506213,0.00047560677045827677,3,8598,58281,0.42313010731243933
x_iiotid,with_normal,fusion_rank,Modbus_register_reading,Modbus_register_reading,far,0,0.9993280583659637,0.9636732757900964,0.002294412266711367,1.0,0.050348358935616504,0.00014510889513976493,3,2176,59565,0.683030991609522
x_iiotid,with_normal,fusion_rank,RDOS,DoS,far,0,0.9963671446066096,0.990285689188728,0.0089112565005871,0.9969333333333333,0.04991779902700886,0.00031829894456472923,3,20000,49675,0.9250332194304604
x_iiotid,with_normal,fusion_rank,Reverse_shell,Malware_C2,near,2,0.8822272461882384,0.2975209175208815,0.6274961341209714,0.7259658580413296,0.04982812134966453,0.008928535513375984,3,371,59926,0.6981019747268006
x_iiotid,with_normal,fusion_rank,Scanning_vulnerability,Reconnaissance,near,2,0.7879040777098085,0.6752403578127361,0.7540896972288033,0.5944985159108166,0.05043613540683206,0.004777781644303601,3,19316,56137,0.4746122046230101
x_iiotid,with_normal,fusion_rank,TCP Relay,Malware_C2,near,2,0.9576325651301705,0.5542948827975489,0.16046453337789288,0.7156989247311829,0.05030773943799257,0.0024466754165691144,3,775,59845,0.44368206388051284
x_iiotid,with_normal,fusion_rank,fuzzing,fuzzing,far,0,0.9341158063549827,0.0734574233269349,0.18894675925925922,0.5645833333333333,0.0509092325498575,0.010598871515036839,3,480,59904,0.6749960103436989
x_iiotid,with_normal,fusion_rank,insider_malcious,insider_malcious,far,0,0.9300470856768301,0.7821132012208358,0.24997303817227187,0.7165856463331766,0.0502284660139066,0.0019253398556412927,3,6377,58725,0.6256446133392543
x_iiotid,with_normal,fusion_z,BruteForce,CredentialAttack,near,1,0.9080072078856221,0.7803330511937369,0.333639863004816,0.7294297077107225,0.0515500380214688,0.03885351678524065,3,17266,56547,0.8103930667162854
x_iiotid,with_normal,fusion_z,C&C,Malware_C2,near,2,0.9638216471036741,0.6368012674122981,0.12303412442229321,0.7109623964308476,0.04883678145540293,0.004831520430589531,3,1046,59791,0.7441934741355922
x_iiotid,with_normal,fusion_z,Dictionary,CredentialAttack,near,1,0.9961838761452552,0.6489243797319321,0.005561871642256799,1.0,0.0488029158028489,0.001012078161290247,3,940,59812,0.6505726950064926
x_iiotid,with_normal,fusion_z,Discovering_resources,Reconnaissance,near,2,0.6356655278674757,0.23676072593692676,0.8761976629850677,0.2085500394011032,0.05062770117308083,0.02036284396073161,3,8460,58308,0.5811086929352469
x_iiotid,with_normal,fusion_z,Exfiltration,Exfiltration,far,0,0.9729975007818658,0.9011482861530777,0.14444520571408995,0.9477544293366296,0.051026001164742506,0.012408520091411484,3,8090,58382,0.6519150831536481
x_iiotid,with_normal,fusion_z,False_data_injection,False_data_injection,far,0,0.9963823023427912,0.798584225806492,0.007630643321929233,1.0,0.050127456899443125,0.0006887628593946047,3,1862,59628,0.44711846068680056
x_iiotid,with_normal,fusion_z,Generic_scanning,Reconnaissance,near,2,0.652167105507094,0.30979519338373224,0.4546885633969522,0.07210884353741494,0.05115549637520337,0.012375714217884493,3,18375,56325,0.4617262022016792
x_iiotid,with_normal,fusion_z,MQTT_cloud_broker_subscription,MQTT_cloud_broker_subscription,far,0,0.995551960691197,0.925231825379155,0.008241679678339968,1.0,0.050668313858718894,0.001101959455422234,3,8598,58281,0.42313010731243933
x_iiotid,with_normal,fusion_z,Modbus_register_reading,Modbus_register_reading,far,0,0.9982350698610678,0.9274033260256207,0.007890539746495366,1.0,0.05093595232099383,0.00010073943845009638,3,2176,59565,0.683030991609522
x_iiotid,with_normal,fusion_z,RDOS,DoS,far,0,0.996796481966113,0.9912962869273015,0.013286361348766934,0.9972666666666666,0.04877705083039757,0.0013993861525256105,3,20000,49675,0.9250332194304604
x_iiotid,with_normal,fusion_z,Reverse_shell,Malware_C2,near,2,0.9315133618374912,0.20270929100399096,0.4461224398980965,0.8203054806828391,0.04860438985860333,0.012708645843754805,3,371,59926,0.6981019747268006
x_iiotid,with_normal,fusion_z,Scanning_vulnerability,Reconnaissance,near,2,0.8002535680556733,0.7302819982496912,0.7643799989311862,0.645199144060192,0.04952170582681653,0.0022598048033269434,3,19316,56137,0.4746122046230101
x_iiotid,with_normal,fusion_z,TCP Relay,Malware_C2,near,2,0.929720897264169,0.39139749628771675,0.25008494165483053,0.6933333333333334,0.04938312863787,0.0020581855777984034,3,775,59845,0.44368206388051284
x_iiotid,with_normal,fusion_z,fuzzing,fuzzing,far,0,0.9073959191187382,0.08551697153615334,0.2735821759259259,0.5381944444444445,0.050230368589743536,0.022226958319737738,3,480,59904,0.6749960103436989
x_iiotid,with_normal,fusion_z,insider_malcious,insider_malcious,far,0,0.9152369541285768,0.7362784519930479,0.3338101319710514,0.7537504573728504,0.04899673619980127,0.0004130073785371943,3,6377,58725,0.6256446133392543
x_iiotid,with_normal,mlp:energy,BruteForce,CredentialAttack,near,1,0.7683502078731408,0.5876506839063323,0.47633531988139666,0.3377929649793428,0.050913399473004696,0.05150935810350247,3,17266,56547,0.8103930667162854
x_iiotid,with_normal,mlp:energy,C&C,Malware_C2,near,2,0.9191339901975737,0.4105878984534142,0.45427126713607957,0.6746335245379221,0.0512730455531211,0.04353393526910751,3,1046,59791,0.7441934741355922
x_iiotid,with_normal,mlp:energy,Dictionary,CredentialAttack,near,1,0.8742874392956086,0.1918018275868043,0.3975679350854901,0.5322695035460993,0.05090951648498627,0.01228566880753178,3,940,59812,0.6505726950064926
x_iiotid,with_normal,mlp:energy,Discovering_resources,Reconnaissance,near,2,0.4393346397162796,0.10452670435342126,0.7740161441540326,0.0028762805358549335,0.05020466030962014,0.003076600676719526,3,8460,58308,0.5811086929352469
x_iiotid,with_normal,mlp:energy,Exfiltration,Exfiltration,far,0,0.22693935641784255,0.07826491820122262,0.9487227798522376,0.0290894107952204,0.04996403000924937,0.01769922154180148,3,8090,58382,0.6519150831536481
x_iiotid,with_normal,mlp:energy,False_data_injection,False_data_injection,far,0,0.8914491592713109,0.3711630766950805,0.14871089644685936,0.3675259577515217,0.050116276469667466,0.11027672581509686,3,1862,59628,0.44711846068680056
x_iiotid,with_normal,mlp:energy,Generic_scanning,Reconnaissance,near,2,0.6366539132605253,0.3064705481036208,0.7548039650835922,0.019265306122448932,0.05001923361443993,0.07714310340355342,3,18375,56325,0.4617262022016792
x_iiotid,with_normal,mlp:energy,MQTT_cloud_broker_subscription,MQTT_cloud_broker_subscription,far,0,0.9457090305921443,0.760245926839857,0.17999004821468398,0.7640536558889665,0.04859216554280119,0.05266503624157005,3,8598,58281,0.42313010731243933
x_iiotid,with_normal,mlp:energy,Modbus_register_reading,Modbus_register_reading,far,0,0.9641588377460444,0.34927685578778056,0.05424326366154617,0.7207414215686274,0.05016368672878363,0.019031886663420542,3,2176,59565,0.683030991609522
x_iiotid,with_normal,mlp:energy,RDOS,DoS,far,0,0.14268699379298774,0.2028312753437195,0.934494212380473,1.6666666666666667e-05,0.04885757423251127,0.08663649754329644,3,20000,49675,0.9250332194304604
x_iiotid,with_normal,mlp:energy,Reverse_shell,Malware_C2,near,2,0.5689587163491456,0.0084926930097062,0.6445338139260643,0.026954177897574105,0.04881019924573637,0.0848442601520263,3,371,59926,0.6981019747268006
x_iiotid,with_normal,mlp:energy,Scanning_vulnerability,Reconnaissance,near,2,0.6817259214368692,0.3855851946612722,0.6396316155120508,0.15971215572582312,0.049337632339930236,0.061682840363991014,3,19316,56137,0.4746122046230101
x_iiotid,with_normal,mlp:energy,TCP Relay,Malware_C2,near,2,0.9070807615012618,0.17708506662055576,0.34578772941209235,0.5599999999999999,0.05027431977051827,0.020106371632371747,3,775,59845,0.44368206388051284
x_iiotid,with_normal,mlp:energy,fuzzing,fuzzing,far,0,0.49652456662140904,0.0073022779717642336,0.6566395121082621,0.027777777777777766,0.050469640313390234,0.048029891559859476,3,480,59904,0.6749960103436989
x_iiotid,with_normal,mlp:energy,insider_malcious,insider_malcious,far,0,0.9171065926467552,0.7552774543205286,0.2876685114233007,0.7153311379436517,0.0500695331346672,0.04651837886751643,3,6377,58725,0.6256446133392543
x_iiotid,with_normal,mlp:entropy,BruteForce,CredentialAttack,near,1,0.7175009835861547,0.5303770947133523,0.5831078571807523,0.2660334375844627,0.050123496088799235,0.023973631752192,3,17266,56547,0.8103930667162854
x_iiotid,with_normal,mlp:entropy,C&C,Malware_C2,near,2,0.8216252994457142,0.22435048850123004,0.525446973624793,0.4069471000637348,0.0497232024886688,0.10461447208238672,3,1046,59791,0.7441934741355922
x_iiotid,with_normal,mlp:entropy,Dictionary,CredentialAttack,near,1,0.7286984353575008,0.0406680050929421,0.5401480193495174,0.2031914893617021,0.0505082592121982,0.002288101961532995,3,940,59812,0.6505726950064926
x_iiotid,with_normal,mlp:entropy,Discovering_resources,Reconnaissance,near,2,0.44110218274867957,0.1089872505901087,0.8243237062953055,0.028802206461780864,0.04832384349774757,0.04220685989062959,3,8460,58308,0.5811086929352469
x_iiotid,with_normal,mlp:entropy,Exfiltration,Exfiltration,far,0,0.30228926085991725,0.08208736859784356,0.8685782147465543,0.008158220024721833,0.0503579870508033,0.05598004623029326,3,8090,58382,0.6519150831536481
x_iiotid,with_normal,mlp:entropy,False_data_injection,False_data_injection,far,0,0.8325205770345901,0.2735419377696146,0.2578318910578922,0.26584317937701396,0.04874667382214167,0.05627052618855141,3,1862,59628,0.44711846068680056
x_iiotid,with_normal,mlp:entropy,Generic_scanning,Reconnaissance,near,2,0.6413485264998143,0.3014741775001308,0.7162124574641219,0.018848072562358233,0.0499186270158307,0.04058948258546223,3,18375,56325,0.4617262022016792
x_iiotid,with_normal,mlp:entropy,MQTT_cloud_broker_subscription,MQTT_cloud_broker_subscription,far,0,0.9616403697685079,0.7690386918068666,0.1528742929370921,0.8428704349848802,0.05122881670984824,0.011543913439006575,3,8598,58281,0.42313010731243933
x_iiotid,with_normal,mlp:entropy,Modbus_register_reading,Modbus_register_reading,far,0,0.7759396569265244,0.15140771946920256,0.2675620470634321,0.33639705882352944,0.05062256918212593,0.160379316909869,3,2176,59565,0.683030991609522
x_iiotid,with_normal,mlp:entropy,RDOS,DoS,far,0,0.6209578147961752,0.39534484320981633,0.583472571716155,0.0006666666666666666,0.05056198624391877,0.1387377043242936,3,20000,49675,0.9250332194304604
x_iiotid,with_normal,mlp:entropy,Reverse_shell,Malware_C2,near,2,0.7748617949559172,0.0293659049340697,0.4487367753562727,0.23090745732255166,0.048982634137658604,0.06011591439699347,3,371,59926,0.6981019747268006
x_iiotid,with_normal,mlp:entropy,Scanning_vulnerability,Reconnaissance,near,2,0.7496914908673507,0.5111642756708644,0.6293531895184994,0.2951784358390281,0.0500501748698125,0.05803654253316054,3,19316,56137,0.4746122046230101
x_iiotid,with_normal,mlp:entropy,TCP Relay,Malware_C2,near,2,0.7908487535452249,0.040798734263279596,0.38231542596151163,0.16043010752688172,0.04971175536803407,0.08269908275507774,3,775,59845,0.44368206388051284
x_iiotid,with_normal,mlp:entropy,fuzzing,fuzzing,far,0,0.49188503109605003,0.007124164425481634,0.6916956018518517,0.0048611111111111,0.0508146367521367,0.05541512519368572,3,480,59904,0.6749960103436989
x_iiotid,with_normal,mlp:entropy,insider_malcious,insider_malcious,far,0,0.8468221495143196,0.5450712044641319,0.4000283808712927,0.48915372954889963,0.050160351922803964,0.05916449522506587,3,6377,58725,0.6256446133392543
x_iiotid,with_normal,mlp:mahalanobis,BruteForce,CredentialAttack,near,1,0.8984971489997656,0.6521295576394874,0.2433963487600285,0.5679755975134175,0.05061865940427133,0.019954736544744636,3,17266,56547,0.8103930667162854
x_iiotid,with_normal,mlp:mahalanobis,C&C,Malware_C2,near,2,0.9389061775296548,0.6065746856627571,0.8346295150329203,0.8910133843212237,0.04971205253856483,0.002510406610789166,3,1046,59791,0.7441934741355922
x_iiotid,with_normal,mlp:mahalanobis,Dictionary,CredentialAttack,near,1,0.9844526680051393,0.3519079553353707,0.0275808644865021,1.0,0.050636438618783274,0.005456527909074407,3,940,59812,0.6505726950064926
x_iiotid,with_normal,mlp:mahalanobis,Discovering_resources,Reconnaissance,near,2,0.660757514793456,0.21283357755070995,0.8761976629850677,0.04456264775413707,0.05080492099426034,0.0008221270251384168,3,8460,58308,0.5811086929352469
x_iiotid,with_normal,mlp:mahalanobis,Exfiltration,Exfiltration,far,0,0.9327791899612002,0.7938103520511227,0.277534171491213,0.7393901936547178,0.05022095851461059,0.00402131278987127,3,8090,58382,0.6519150831536481
x_iiotid,with_normal,mlp:mahalanobis,False_data_injection,False_data_injection,far,0,0.9829921014526849,0.563683942675603,0.04918830079828263,0.9178302900107411,0.049948570023031665,0.0018407676086180848,3,1862,59628,0.44711846068680056
x_iiotid,with_normal,mlp:mahalanobis,Generic_scanning,Reconnaissance,near,2,0.6552506327768568,0.2959172919732774,0.4409468856339695,0.03310657596371877,0.05082408640331403,0.01143971896907278,3,18375,56325,0.4617262022016792
x_iiotid,with_normal,mlp:mahalanobis,MQTT_cloud_broker_subscription,MQTT_cloud_broker_subscription,far,0,0.9785616985591474,0.7545719872642778,0.04436551649193843,0.917655268667132,0.05091424878319403,0.007919636603561224,3,8598,58281,0.42313010731243933
x_iiotid,with_normal,mlp:mahalanobis,Modbus_register_reading,Modbus_register_reading,far,0,0.9907979784606699,0.7987748749507747,0.045474131900724635,0.9341299019607843,0.0498279190799966,0.0015502550872992036,3,2176,59565,0.683030991609522
x_iiotid,with_normal,mlp:mahalanobis,RDOS,DoS,far,0,0.9952773100150982,0.9858726054892787,0.006904881731253099,0.9969333333333333,0.05098473410501586,0.0011382698779068751,3,20000,49675,0.9250332194304604
x_iiotid,with_normal,mlp:mahalanobis,Reverse_shell,Malware_C2,near,2,0.8542088551921433,0.057105002090248526,0.7281869861718341,0.6181491464510332,0.049872620676612196,0.007252467637165682,3,371,59926,0.6981019747268006
x_iiotid,with_normal,mlp:mahalanobis,Scanning_vulnerability,Reconnaissance,near,2,0.7722085993303671,0.5807688369363081,0.753169329794372,0.29842272382135704,0.0510655479748947,0.005724668385082022,3,19316,56137,0.4746122046230101
x_iiotid,with_normal,mlp:mahalanobis,TCP Relay,Malware_C2,near,2,0.9462427399815114,0.18926055323266486,0.15605870721586312,0.6645161290322581,0.051070821845322634,0.001102315921498927,3,775,59845,0.44368206388051284
x_iiotid,with_normal,mlp:mahalanobis,fuzzing,fuzzing,far,0,0.9256368175191417,0.05679531448018623,0.18909143518518512,0.4895833333333333,0.0513933404558404,0.010978727128221002,3,480,59904,0.6749960103436989
x_iiotid,with_normal,mlp:mahalanobis,insider_malcious,insider_malcious,far,0,0.9235795657637681,0.6373395147342213,0.24967787711082726,0.7165856463331766,0.050523627075351164,0.005256235972180097,3,6377,58725,0.6256446133392543
x_iiotid,with_normal,mlp:maxprob,BruteForce,CredentialAttack,near,1,0.712288702806131,0.47005440616879435,0.5855188309429914,0.1782115139580678,0.0482371596489056,0.02586580316633732,3,17266,56547,0.8103930667162854
x_iiotid,with_normal,mlp:maxprob,C&C,Malware_C2,near,2,0.7789396981597646,0.0939877017983139,0.5237187313586772,0.12970044614404078,0.05210371683586714,0.09713903225489626,3,1046,59791,0.7441934741355922
x_iiotid,with_normal,mlp:maxprob,Dictionary,CredentialAttack,near,1,0.6909430933236197,0.030889488866302234,0.543358077531822,0.0719858156028368,0.05091508950266386,0.019652741522044166,3,940,59812,0.6505726950064926
x_iiotid,with_normal,mlp:maxprob,Discovering_resources,Reconnaissance,near,2,0.4431007737747425,0.11459636453165238,0.8231574855365759,0.03565799842395583,0.048295259655621835,0.044166356700723865,3,8460,58308,0.5811086929352469
x_iiotid,with_normal,mlp:maxprob,Exfiltration,Exfiltration,far,0,0.30690584476815147,0.08332583840241843,0.866437143868544,0.012731767614338634,0.04933027302935833,0.053309561168758846,3,8090,58382,0.6519150831536481
x_iiotid,with_normal,mlp:maxprob,False_data_injection,False_data_injection,far,0,0.8323790593336402,0.2190831709568504,0.2351412088280673,0.1802721088435374,0.04992061894859234,0.0622010808614001,3,1862,59628,0.44711846068680056
x_iiotid,with_normal,mlp:maxprob,Generic_scanning,Reconnaissance,near,2,0.6408798171447896,0.29658012459928634,0.7174079005770085,0.012825396825396768,0.049752922029886036,0.036472651707588614,3,18375,56325,0.4617262022016792
x_iiotid,with_normal,mlp:maxprob,MQTT_cloud_broker_subscription,MQTT_cloud_broker_subscription,far,0,0.929142149323352,0.6141465386974937,0.16700697196913797,0.4357990230286113,0.05067403327556717,0.0202566506206473,3,8598,58281,0.42313010731243933
x_iiotid,with_normal,mlp:maxprob,Modbus_register_reading,Modbus_register_reading,far,0,0.7543715515407455,0.11948459557373103,0.29210106606228486,0.20082720588235295,0.050359551190576064,0.16778050591359725,3,2176,59565,0.683030991609522
x_iiotid,with_normal,mlp:maxprob,RDOS,DoS,far,0,0.6271180405972152,0.41040534886183383,0.582392216071129,0.001,0.04984398590840456,0.13969996832635798,3,20000,49675,0.9250332194304604
x_iiotid,with_normal,mlp:maxprob,Reverse_shell,Malware_C2,near,2,0.7685282423344587,0.016471733217379866,0.4508783054656298,0.1644204851752021,0.04959449988318924,0.049115203995903786,3,371,59926,0.6981019747268006
x_iiotid,with_normal,mlp:maxprob,Scanning_vulnerability,Reconnaissance,near,2,0.7371571772713507,0.448297535474598,0.6300063535042247,0.12271346724649683,0.049943293490330165,0.05101680804681926,3,19316,56137,0.4746122046230101
x_iiotid,with_normal,mlp:maxprob,TCP Relay,Malware_C2,near,2,0.7635090507107519,0.028304851015214433,0.3967972818670454,0.06924731182795693,0.0502353301584649,0.07263708746817367,3,775,59845,0.44368206388051284
x_iiotid,with_normal,mlp:maxprob,fuzzing,fuzzing,far,0,0.4896911331278193,0.0070988897109618004,0.6930366363960113,0.007638888888888834,0.05052528490028483,0.05344102360630275,3,480,59904,0.6749960103436989
x_iiotid,with_normal,mlp:maxprob,insider_malcious,insider_malcious,far,0,0.8158084021042077,0.4181659001005837,0.40087413083581663,0.32063143588939413,0.0501376472257698,0.08550704794936971,3,6377,58725,0.6256446133392543
x_iiotid,with_normal,rf:maxprob,BruteForce,CredentialAttack,near,1,0.8212020617031278,0.6658372145796368,1.0,0.5516815321054866,0.048372740080522926,0.06496214997795416,3,17266,56547,0.8103930667162854
x_iiotid,with_normal,rf:maxprob,C&C,Malware_C2,near,2,0.8461574015431426,0.30304810731438975,1.0,0.5822179732313576,0.04849670797723173,0.02039567466952907,3,1046,59791,0.7441934741355922
x_iiotid,with_normal,rf:maxprob,Dictionary,CredentialAttack,near,1,0.9633141852746169,0.28887016492719725,0.08080318330769744,0.601418439716312,0.04957756526003696,0.0030920717115523553,3,940,59812,0.6505726950064926
x_iiotid,with_normal,rf:maxprob,Discovering_resources,Reconnaissance,near,2,0.5493244631251678,0.14811731249846025,1.0,0.06895193065405826,0.04996455603576403,0.04299466972800306,3,8460,58308,0.5811086929352469
x_iiotid,with_normal,rf:maxprob,Exfiltration,Exfiltration,far,0,0.9341181788128393,0.607831497442128,0.4046509768992726,0.8161104243922538,0.05111735352220429,0.014640152071318817,3,8090,58382,0.6519150831536481
x_iiotid,with_normal,rf:maxprob,False_data_injection,False_data_injection,far,0,0.9649593201683833,0.5433308929537387,0.04455401265624647,0.7459720730397422,0.04855660651595443,0.0028519519713319772,3,1862,59628,0.44711846068680056
x_iiotid,with_normal,rf:maxprob,Generic_scanning,Reconnaissance,near,2,0.5074537304053149,0.26584127397391516,1.0,0.05647165532879814,0.042734132268087,0.0029334271499468554,3,18375,56325,0.4617262022016792
x_iiotid,with_normal,rf:maxprob,MQTT_cloud_broker_subscription,MQTT_cloud_broker_subscription,far,0,0.9929022050217181,0.9450628723429689,0.02585748357097507,0.9991083197642863,0.0512574137940895,0.002625025666077961,3,8598,58281,0.42313010731243933
x_iiotid,with_normal,rf:maxprob,Modbus_register_reading,Modbus_register_reading,far,0,0.9909749727085916,0.7057855618381574,0.015579618903718567,0.9998468137254902,0.04990626486471356,0.0021433911389497507,3,2176,59565,0.683030991609522
x_iiotid,with_normal,rf:maxprob,RDOS,DoS,far,0,0.943795571716155,0.8605181835347756,0.4098305653413856,0.64,0.04866968629424587,0.022341170708307958,3,20000,49675,0.9250332194304604
x_iiotid,with_normal,rf:maxprob,Reverse_shell,Malware_C2,near,2,0.8943164149231192,0.08924111707288877,1.0,0.6990116801437556,0.049082757623290896,0.006653376592679736,3,371,59926,0.6981019747268006
x_iiotid,with_normal,rf:maxprob,Scanning_vulnerability,Reconnaissance,near,2,0.8015323942561855,0.6335852312622671,1.0,0.6380893214606199,0.0466952871249502,0.004002067140872197,3,19316,56137,0.4746122046230101
x_iiotid,with_normal,rf:maxprob,TCP Relay,Malware_C2,near,2,0.819079705008548,0.4139524144545539,1.0,0.6516129032258065,0.04821901022084826,0.0034283206405044033,3,775,59845,0.44368206388051284
x_iiotid,with_normal,rf:maxprob,fuzzing,fuzzing,far,0,0.6941165297346125,0.017827424978290533,1.0,0.027777777777777766,0.05051415598290596,0.06112199806474765,3,480,59904,0.6749960103436989
x_iiotid,with_normal,rf:maxprob,insider_malcious,insider_malcious,far,0,0.8575669573491848,0.7414473104274409,1.0,0.7200355444043699,0.049791400595998236,0.0016269510406392606,3,6377,58725,0.6256446133392543
