AUROC,AUROC_CI_low,AUROC_CI_high,AUPR,FPR@95TPR,DetRate@val5FPR,KnownFPR@val5,dataset,variant,family,group,near_far,n_siblings,seed,method,condition,n_known,n_unknown,run_id
0.74804902490873,0.7435188996666239,0.7525791501508362,0.5982276304302028,1.0,0.5500405421058728,0.047411887456452154,x_iiotid,E4_network_only,BruteForce,CredentialAttack,near,1,42,rf:maxprob,with_normal,56547,17266,SAFE_FINAL_01
0.7207545236403464,0.7157232327954139,0.7257858144852789,0.6840800296378492,1.0,0.27006834240704275,0.04715845084100532,x_iiotid,E4_network_only,BruteForce,CredentialAttack,near,1,42,rf:maxprob,attacks_only,25743,17266,SAFE_FINAL_01
0.7421130758334554,0.7375518419620158,0.746674309704895,0.5615712070742317,0.5283923108210868,0.2661878837020734,0.04960475356782853,x_iiotid,E4_network_only,BruteForce,CredentialAttack,near,1,42,mlp:maxprob,with_normal,56547,17266,SAFE_FINAL_01
0.8043521823876717,0.7999417390772805,0.8087626256980629,0.726182688507539,0.36712892825234045,0.2661878837020734,0.04991648215048751,x_iiotid,E4_network_only,BruteForce,CredentialAttack,near,1,42,mlp:maxprob,attacks_only,25743,17266,SAFE_FINAL_01
0.7384307964517896,0.7338509044889557,0.7430106884146234,0.5528475110166399,0.5241303694272021,0.26612996640796943,0.05103719030187278,x_iiotid,E4_network_only,BruteForce,CredentialAttack,near,1,42,mlp:entropy,with_normal,56547,17266,SAFE_FINAL_01
0.8010063073042444,0.7965654323980363,0.8054471822104524,0.7199892458103856,0.36503127063667795,0.26612996640796943,0.04913957192246436,x_iiotid,E4_network_only,BruteForce,CredentialAttack,near,1,42,mlp:entropy,attacks_only,25743,17266,SAFE_FINAL_01
0.8226121070003506,0.8185937410490856,0.8266304729516156,0.6011574617379855,0.3447574583974393,0.26890999652496234,0.052292782994676996,x_iiotid,E4_network_only,BruteForce,CredentialAttack,near,1,42,mlp:energy,with_normal,56547,17266,SAFE_FINAL_01
0.9067240223589778,0.9035576873876907,0.9098903573302648,0.8449841888646824,0.18218544847142912,0.4559828564809452,0.051276075049528025,x_iiotid,E4_network_only,BruteForce,CredentialAttack,near,1,42,mlp:energy,attacks_only,25743,17266,SAFE_FINAL_01
0.8877283583181721,0.88439491116672,0.8910618054696242,0.6123314033287496,0.2889631633862097,0.5671261438665586,0.05105487470599678,x_iiotid,E4_network_only,BruteForce,CredentialAttack,near,1,42,mlp:mahalanobis,with_normal,56547,17266,SAFE_FINAL_01
0.9275693357393702,0.9247638670357451,0.9303748044429953,0.8282063175199132,0.19131414365070115,0.568284489748639,0.05329604164238822,x_iiotid,E4_network_only,BruteForce,CredentialAttack,near,1,42,mlp:mahalanobis,attacks_only,25743,17266,SAFE_FINAL_01
0.7034254669279304,0.698691577441538,0.7081593564143228,0.48259986860118453,0.44725626470016094,0.2675778987605699,0.0506127646028967,x_iiotid,E4_network_only,BruteForce,CredentialAttack,near,1,42,edl:vacuity,with_normal,56547,17266,SAFE_FINAL_01
0.7507407150127202,0.7459006596020269,0.7555807704234135,0.6606408591008641,0.3789768092296935,0.2660720491138654,0.051043001981121085,x_iiotid,E4_network_only,BruteForce,CredentialAttack,near,1,42,edl:vacuity,attacks_only,25743,17266,SAFE_FINAL_01
0.9015561632410902,0.8984092779748043,0.9047030485073762,0.7752377203833665,0.29104992307284205,0.5687478281014711,0.051072559110120784,x_iiotid,E4_network_only,BruteForce,CredentialAttack,near,1,42,fusion_rank,with_normal,56547,17266,SAFE_FINAL_01
0.9343209571749992,0.9316452203027191,0.9369966940472793,0.8954766103425107,0.1948490851882065,0.5701957604540716,0.052752204482772014,x_iiotid,E4_network_only,BruteForce,CredentialAttack,near,1,42,fusion_rank,attacks_only,25743,17266,SAFE_FINAL_01
0.8632914933605816,0.8596678854932543,0.8669151012279089,0.695578585363088,0.37466178577112846,0.5796941966871307,0.04928643429359648,x_iiotid,E4_network_only,BruteForce,CredentialAttack,near,1,42,fusion_z,with_normal,56547,17266,SAFE_FINAL_01
0.8617525371376791,0.8579539773162558,0.8655510969591024,0.8036346950068085,0.3572621683564464,0.5796941966871307,0.046769995726993745,x_iiotid,E4_network_only,BruteForce,CredentialAttack,near,1,42,fusion_z,attacks_only,25743,17266,SAFE_FINAL_01
0.8721506306003888,0.86862695208533,0.8756743091154475,0.7456075855589517,1.0,0.5520097301054094,0.047341149839956145,x_iiotid,E4_network_only,BruteForce,CredentialAttack,near,1,7,rf:maxprob,with_normal,56547,17266,SAFE_FINAL_01
0.844713410051441,0.8407139325252402,0.8487128875776417,0.7964090656997905,1.0,0.267983319819298,0.0493726449908713,x_iiotid,E4_network_only,BruteForce,CredentialAttack,near,1,7,rf:maxprob,attacks_only,25743,17266,SAFE_FINAL_01
0.6959909284804001,0.6912295476162023,0.700752309344598,0.504115601753861,0.6461173890745752,0.26612996640796943,0.0476771535183122,x_iiotid,E4_network_only,BruteForce,CredentialAttack,near,1,7,mlp:maxprob,with_normal,56547,17266,SAFE_FINAL_01
0.7736584260771604,0.7689874209078255,0.7783294312464953,0.6957009629114952,0.4499087130482073,0.26612996640796943,0.04583770345336596,x_iiotid,E4_network_only,BruteForce,CredentialAttack,near,1,7,mlp:maxprob,attacks_only,25743,17266,SAFE_FINAL_01
0.6913455634763782,0.6865678954031476,0.6961232315496089,0.5165268575933715,0.6448617963817709,0.26612996640796943,0.0506127646028967,x_iiotid,E4_network_only,BruteForce,CredentialAttack,near,1,7,mlp:entropy,with_normal,56547,17266,SAFE_FINAL_01
0.7744164816307775,0.7697514267743312,0.7790815364872238,0.7025487994424018,0.4484325836149633,0.26612996640796943,0.04785767004622616,x_iiotid,E4_network_only,BruteForce,CredentialAttack,near,1,7,mlp:entropy,attacks_only,25743,17266,SAFE_FINAL_01
0.720125451171747,0.7154598657007629,0.724791036642731,0.5535098349439845,0.581533945213716,0.26612996640796943,0.050895715068880756,x_iiotid,E4_network_only,BruteForce,CredentialAttack,near,1,7,mlp:energy,with_normal,56547,17266,SAFE_FINAL_01
0.8389495233739446,0.834886038309242,0.8430130084386471,0.7881057893332879,0.3712853979722643,0.48048187188694547,0.04898418987685973,x_iiotid,E4_network_only,BruteForce,CredentialAttack,near,1,7,mlp:energy,attacks_only,25743,17266,SAFE_FINAL_01
0.8862402186814125,0.8828877369134106,0.8895927004494143,0.6518396410766616,0.2651069022229296,0.5678211513958068,0.050011494862680604,x_iiotid,E4_network_only,BruteForce,CredentialAttack,near,1,7,mlp:mahalanobis,with_normal,56547,17266,SAFE_FINAL_01
0.9246156302341801,0.9217555910097972,0.9274756694585631,0.8437181394966601,0.17379481800877908,0.5689215799837831,0.04933379947947015,x_iiotid,E4_network_only,BruteForce,CredentialAttack,near,1,7,mlp:mahalanobis,attacks_only,25743,17266,SAFE_FINAL_01
0.6693247439406135,0.664478945821671,0.674170542059556,0.3913416043050695,0.5197976904168214,0.26601413181976136,0.05199214812456894,x_iiotid,E4_network_only,BruteForce,CredentialAttack,near,1,7,edl:vacuity,with_normal,56547,17266,SAFE_FINAL_01
0.7115460979701795,0.7064625073777063,0.7166296885626527,0.5801100596362234,0.4137046964223284,0.16002548360940577,0.047741133512022686,x_iiotid,E4_network_only,BruteForce,CredentialAttack,near,1,7,edl:vacuity,attacks_only,25743,17266,SAFE_FINAL_01
0.9092140254158994,0.9061787294288635,0.9122493214029352,0.7877387579425053,0.26901515553433425,0.5687478281014711,0.04995844165030859,x_iiotid,E4_network_only,BruteForce,CredentialAttack,near,1,7,fusion_rank,with_normal,56547,17266,SAFE_FINAL_01
0.9404938882574599,0.9379435268617853,0.9430442496531346,0.9045131768484425,0.18051509148117936,0.5689794972778872,0.051975294254748866,x_iiotid,E4_network_only,BruteForce,CredentialAttack,near,1,7,fusion_rank,attacks_only,25743,17266,SAFE_FINAL_01
0.9272068342402946,0.9244616166357988,0.9299520518447904,0.8258125007126561,0.3535642916511928,0.8217884860419321,0.053230056413249155,x_iiotid,E4_network_only,BruteForce,CredentialAttack,near,1,7,fusion_z,with_normal,56547,17266,SAFE_FINAL_01
0.928696294286251,0.9259119844509297,0.9314806041215723,0.8968504479621702,0.3449869867536806,0.8217884860419321,0.051664530163539606,x_iiotid,E4_network_only,BruteForce,CredentialAttack,near,1,7,fusion_z,attacks_only,25743,17266,SAFE_FINAL_01
0.8434065296002643,0.8395777460861802,0.8472353131143484,0.6536764277497562,1.0,0.5529943241051778,0.05036518294516066,x_iiotid,E4_network_only,BruteForce,CredentialAttack,near,1,13,rf:maxprob,with_normal,56547,17266,SAFE_FINAL_01
0.8098997448331815,0.8055409115930758,0.8142585780732872,0.7271331335741515,1.0,0.26983667323062666,0.05088761993551645,x_iiotid,E4_network_only,BruteForce,CredentialAttack,near,1,13,rf:maxprob,attacks_only,25743,17266,SAFE_FINAL_01
0.6987621041045371,0.6940107641980281,0.7035134440110461,0.3444764096782903,0.5820467929333121,0.0023166917641607786,0.047429571860576156,x_iiotid,E4_network_only,BruteForce,CredentialAttack,near,1,13,mlp:maxprob,with_normal,56547,17266,SAFE_FINAL_01
0.7634884592586427,0.7587398784802131,0.7682370400370724,0.5510804079460411,0.3929223478227091,0.0023166917641607786,0.05018840073029562,x_iiotid,E4_network_only,BruteForce,CredentialAttack,near,1,13,mlp:maxprob,attacks_only,25743,17266,SAFE_FINAL_01
0.7227265908302962,0.7180724795939372,0.7273807020666553,0.5217569155300454,0.5803314057332838,0.2658403799374493,0.04872053336162838,x_iiotid,E4_network_only,BruteForce,CredentialAttack,near,1,13,mlp:entropy,with_normal,56547,17266,SAFE_FINAL_01
0.7938747103522217,0.7893706760623763,0.798378744642067,0.7077481434496566,0.39039738958163384,0.2658403799374493,0.04820727964883658,x_iiotid,E4_network_only,BruteForce,CredentialAttack,near,1,13,mlp:entropy,attacks_only,25743,17266,SAFE_FINAL_01
0.7623130654473249,0.757863041392585,0.7667630895020648,0.6082847550370272,0.5027145560330345,0.4783389320050967,0.04955170035545652,x_iiotid,E4_network_only,BruteForce,CredentialAttack,near,1,13,mlp:energy,with_normal,56547,17266,SAFE_FINAL_01
0.8997876012660028,0.896512237387624,0.9030629651443816,0.8508518616224487,0.21578681583343046,0.47955519518128115,0.04999417317328983,x_iiotid,E4_network_only,BruteForce,CredentialAttack,near,1,13,mlp:energy,attacks_only,25743,17266,SAFE_FINAL_01
0.9215228699997124,0.9186813371975598,0.924364402801865,0.692217628513051,0.17611898067094628,0.5689794972778872,0.05078960864413674,x_iiotid,E4_network_only,BruteForce,CredentialAttack,near,1,13,mlp:mahalanobis,with_normal,56547,17266,SAFE_FINAL_01
0.9487713085549906,0.9464009440852631,0.9511416730247181,0.8687303874876369,0.1119527638581362,0.5695007529248234,0.051314920560929185,x_iiotid,E4_network_only,BruteForce,CredentialAttack,near,1,13,mlp:mahalanobis,attacks_only,25743,17266,SAFE_FINAL_01
0.7068205432288827,0.7020997988229452,0.7115412876348202,0.4958173253774616,0.5240596318107061,0.2675778987605699,0.04841989849152033,x_iiotid,E4_network_only,BruteForce,CredentialAttack,near,1,13,edl:vacuity,with_normal,56547,17266,SAFE_FINAL_01
0.7574504750439772,0.7526577822056212,0.7622431678823333,0.6709831612626473,0.4122285669890844,0.2660720491138654,0.04447811055432545,x_iiotid,E4_network_only,BruteForce,CredentialAttack,near,1,13,edl:vacuity,attacks_only,25743,17266,SAFE_FINAL_01
0.9344147995818778,0.9317989093443346,0.937030689819421,0.8137931680531858,0.18161883035351123,0.5689215799837831,0.051496984809096855,x_iiotid,E4_network_only,BruteForce,CredentialAttack,near,1,13,fusion_rank,with_normal,56547,17266,SAFE_FINAL_01
0.9570990057344443,0.9549264557111685,0.95927155575772,0.9190975297318711,0.11898380142174572,0.5693849183366153,0.05259682243716739,x_iiotid,E4_network_only,BruteForce,CredentialAttack,near,1,13,fusion_rank,attacks_only,25743,17266,SAFE_FINAL_01
0.9335232960559902,0.9308909404208793,0.936155651691101,0.8196080675054663,0.2726935115921269,0.7868064404031043,0.052133623357560964,x_iiotid,E4_network_only,BruteForce,CredentialAttack,near,1,13,fusion_z,with_normal,56547,17266,SAFE_FINAL_01
0.9293335600078941,0.9265613000377728,0.9321058199780154,0.8917125517009443,0.2938662937497572,0.7868064404031043,0.0513926115837315,x_iiotid,E4_network_only,BruteForce,CredentialAttack,near,1,13,fusion_z,attacks_only,25743,17266,SAFE_FINAL_01
0.8670634593867171,0.8530112459437466,0.8811156728296877,0.37562202842791,1.0,0.5822179732313576,0.04955595323710926,x_iiotid,E4_network_only,C&C,Malware_C2,near,2,42,rf:maxprob,with_normal,59791,1046,SAFE_FINAL_01
0.8446326173379892,0.8296985259351277,0.8595667087408507,0.40781307005164413,1.0,0.5793499043977055,0.050229413185220964,x_iiotid,E4_network_only,C&C,Malware_C2,near,2,42,rf:maxprob,attacks_only,28987,1046,SAFE_FINAL_01
0.667286786704727,0.6491235783261389,0.6854499950833151,0.023859183758574903,0.5322038433878008,0.0057361376673040155,0.05111137127661354,x_iiotid,E4_network_only,C&C,Malware_C2,near,2,42,mlp:maxprob,with_normal,59791,1046,SAFE_FINAL_01
0.7383986531576989,0.720887097000502,0.7559102093148958,0.05947131294942039,0.3859661227446787,0.0057361376673040155,0.049159968261634525,x_iiotid,E4_network_only,C&C,Malware_C2,near,2,42,mlp:maxprob,attacks_only,28987,1046,SAFE_FINAL_01
0.703733796369655,0.6858634146000838,0.7216041781392263,0.03757429843797366,0.538843638674717,0.16347992351816443,0.049756652338980786,x_iiotid,E4_network_only,C&C,Malware_C2,near,2,42,mlp:entropy,with_normal,59791,1046,SAFE_FINAL_01
0.7708869427258913,0.753953449994372,0.7878204354574107,0.10261462509961736,0.39234829406285576,0.16347992351816443,0.04595163349087522,x_iiotid,E4_network_only,C&C,Malware_C2,near,2,42,mlp:entropy,attacks_only,28987,1046,SAFE_FINAL_01
0.8694056124691576,0.8554493899110902,0.883361835027225,0.2527876970839318,0.4818283688180495,0.36806883365200765,0.05236574066331053,x_iiotid,E4_network_only,C&C,Malware_C2,near,2,42,mlp:energy,with_normal,59791,1046,SAFE_FINAL_01
0.9357937932353271,0.9254420823537265,0.9461455041169277,0.5299241498347657,0.31652119915824334,0.8269598470363289,0.04950495049504951,x_iiotid,E4_network_only,C&C,Malware_C2,near,2,42,mlp:energy,attacks_only,28987,1046,SAFE_FINAL_01
0.9379033109371768,0.9277179054980068,0.9480887163763468,0.5814886960452056,0.8498101720994798,0.8910133843212237,0.04815105952400863,x_iiotid,E4_network_only,C&C,Malware_C2,near,2,42,mlp:mahalanobis,with_normal,59791,1046,SAFE_FINAL_01
0.9445538683820881,0.9348689607183187,0.9542387760458575,0.7436533821323,0.8022216855831925,0.8910133843212237,0.050332907855245454,x_iiotid,E4_network_only,C&C,Malware_C2,near,2,42,mlp:mahalanobis,attacks_only,28987,1046,SAFE_FINAL_01
0.746083385488131,0.728769813047735,0.763396957928527,0.3478617328054612,0.6299777558495425,0.4101338432122371,0.04883678145540299,x_iiotid,E4_network_only,C&C,Malware_C2,near,2,42,edl:vacuity,with_normal,59791,1046,SAFE_FINAL_01
0.7657278422627775,0.7486916586371977,0.7827640258883573,0.4096443275087436,0.5379997930106599,0.3852772466539197,0.04884948425156104,x_iiotid,E4_network_only,C&C,Malware_C2,near,2,42,edl:vacuity,attacks_only,28987,1046,SAFE_FINAL_01
0.9432063433963551,0.9334247178073947,0.9529879689853156,0.708769702967908,0.7737117626398622,0.8910133843212237,0.04803398504791691,x_iiotid,E4_network_only,C&C,Malware_C2,near,2,42,fusion_rank,with_normal,59791,1046,SAFE_FINAL_01
0.9468901170901363,0.9373944635284484,0.9563857706518242,0.7940978846912656,0.7649636043743747,0.8910133843212237,0.04991892917514748,x_iiotid,E4_network_only,C&C,Malware_C2,near,2,42,fusion_rank,attacks_only,28987,1046,SAFE_FINAL_01
0.9691402905589589,0.9617838296879331,0.9764967514299847,0.6396024834142299,0.1155692328276831,0.7523900573613767,0.048335033700724186,x_iiotid,E4_network_only,C&C,Malware_C2,near,2,42,fusion_z,with_normal,59791,1046,SAFE_FINAL_01
0.9607690887475699,0.9525216278542339,0.969016549640906,0.7083601946851044,0.16076172077138026,0.7523900573613767,0.049056473591610035,x_iiotid,E4_network_only,C&C,Malware_C2,near,2,42,fusion_z,attacks_only,28987,1046,SAFE_FINAL_01
0.8450951182949481,0.8302175543216187,0.8599726822682775,0.374864733880859,1.0,0.5831739961759083,0.048803331605091066,x_iiotid,E4_network_only,C&C,Malware_C2,near,2,7,rf:maxprob,with_normal,59791,1046,SAFE_FINAL_01
0.8254866310809468,0.8099272842794069,0.8410459778824867,0.414910783546487,1.0,0.5822179732313576,0.04833201090143858,x_iiotid,E4_network_only,C&C,Malware_C2,near,2,7,rf:maxprob,attacks_only,28987,1046,SAFE_FINAL_01
0.8440512015515613,0.829137564171235,0.8589648389318877,0.18661098472105347,0.4704219698616849,0.2801147227533461,0.05091067217474202,x_iiotid,E4_network_only,C&C,Malware_C2,near,2,7,mlp:maxprob,with_normal,59791,1046,SAFE_FINAL_01
0.8918609489412442,0.8788904445943361,0.9048314532881524,0.3120154481946608,0.29944457860420187,0.2829827915869981,0.0529202746058578,x_iiotid,E4_network_only,C&C,Malware_C2,near,2,7,mlp:maxprob,attacks_only,28987,1046,SAFE_FINAL_01
0.8577591484780973,0.8433413665257262,0.8721769304304684,0.33694131573438685,0.47129166596979477,0.36806883365200765,0.050743422923182416,x_iiotid,E4_network_only,C&C,Malware_C2,near,2,7,mlp:entropy,with_normal,59791,1046,SAFE_FINAL_01
0.8993021926292403,0.8867093311787128,0.9118950540797678,0.4251921901161848,0.30306689205505916,0.3508604206500956,0.04909097181495153,x_iiotid,E4_network_only,C&C,Malware_C2,near,2,7,mlp:entropy,attacks_only,28987,1046,SAFE_FINAL_01
0.9376326581569523,0.927427267153982,0.9478380491599225,0.4159190465980797,0.3456205783479119,0.8154875717017208,0.049355254135237746,x_iiotid,E4_network_only,C&C,Malware_C2,near,2,7,mlp:energy,with_normal,59791,1046,SAFE_FINAL_01
0.9623553144183246,0.9542666875930654,0.9704439412435837,0.630064782936977,0.181874633456377,0.8460803059273423,0.04829751267809708,x_iiotid,E4_network_only,C&C,Malware_C2,near,2,7,mlp:energy,attacks_only,28987,1046,SAFE_FINAL_01
0.9370522265048619,0.9268041697861169,0.9473002832236068,0.625042504695731,0.8553293974009466,0.8910133843212237,0.05050927397099898,x_iiotid,E4_network_only,C&C,Malware_C2,near,2,7,mlp:mahalanobis,with_normal,59791,1046,SAFE_FINAL_01
0.9451662283369462,0.9355304256407168,0.9548020310331756,0.7844818775808802,0.8053610239072688,0.8910133843212237,0.0545071928795667,x_iiotid,E4_network_only,C&C,Malware_C2,near,2,7,mlp:mahalanobis,attacks_only,28987,1046,SAFE_FINAL_01
0.8689631854337223,0.8549887040682946,0.88293766679915,0.4244904784765557,0.4867287718887458,0.5133843212237094,0.049589403087421186,x_iiotid,E4_network_only,C&C,Malware_C2,near,2,7,edl:vacuity,with_normal,59791,1046,SAFE_FINAL_01
0.8726737857895155,0.8588232166911456,0.8865243548878854,0.5036554348873502,0.437954945320316,0.4904397705544933,0.049021975368268536,x_iiotid,E4_network_only,C&C,Malware_C2,near,2,7,edl:vacuity,attacks_only,28987,1046,SAFE_FINAL_01
0.941447492065494,0.9315292983374641,0.951365685793524,0.6871938250410943,0.7723235938519175,0.8910133843212237,0.05022495024334766,x_iiotid,E4_network_only,C&C,Malware_C2,near,2,7,fusion_rank,with_normal,59791,1046,SAFE_FINAL_01
0.9464837900236283,0.9369548445713296,0.9560127354759269,0.783744457190203,0.7652395901611067,0.8910133843212237,0.05398971952944424,x_iiotid,E4_network_only,C&C,Malware_C2,near,2,7,fusion_rank,attacks_only,28987,1046,SAFE_FINAL_01
0.9597036912485438,0.9513578795184102,0.9680495029786774,0.6448486948606454,0.1370105868776237,0.7017208413001912,0.04960612801257715,x_iiotid,E4_network_only,C&C,Malware_C2,near,2,7,fusion_z,with_normal,59791,1046,SAFE_FINAL_01
0.9480237762019118,0.9386218706247837,0.9574256817790399,0.6956004435176495,0.18580743091730775,0.7017208413001912,0.051988822575637354,x_iiotid,E4_network_only,C&C,Malware_C2,near,2,7,fusion_z,attacks_only,28987,1046,SAFE_FINAL_01
0.8263136269477623,0.8108264421988453,0.8418008116966794,0.15865755963440029,1.0,0.5812619502868069,0.04713083908949507,x_iiotid,E4_network_only,C&C,Malware_C2,near,2,13,rf:maxprob,with_normal,59791,1046,SAFE_FINAL_01
0.8041700601463002,0.7880076780913552,0.8203324422012452,0.20966674203817437,1.0,0.5736137667304015,0.04709007486114465,x_iiotid,E4_network_only,C&C,Malware_C2,near,2,13,rf:maxprob,attacks_only,28987,1046,SAFE_FINAL_01
0.8254811062230056,0.8099687493096559,0.8409934631363554,0.07149293691531344,0.5685303808265458,0.10325047801147227,0.05428910705624592,x_iiotid,E4_network_only,C&C,Malware_C2,near,2,13,mlp:maxprob,with_normal,59791,1046,SAFE_FINAL_01
0.8579231568235802,0.8434756184173591,0.8723706952298014,0.15407270748204221,0.42891641080484355,0.10803059273422562,0.04891848069824404,x_iiotid,E4_network_only,C&C,Malware_C2,near,2,13,mlp:maxprob,attacks_only,28987,1046,SAFE_FINAL_01
0.9033829534893902,0.8910282226233776,0.9157376843554029,0.2985358513313297,0.5662056162298674,0.6892925430210325,0.04866953220384339,x_iiotid,E4_network_only,C&C,Malware_C2,near,2,13,mlp:entropy,with_normal,59791,1046,SAFE_FINAL_01
0.9213020658499185,0.9099709682033783,0.9326331634964586,0.5271388926462929,0.4315382757787974,0.6195028680688337,0.046262117500948705,x_iiotid,E4_network_only,C&C,Malware_C2,near,2,13,mlp:entropy,attacks_only,28987,1046,SAFE_FINAL_01
0.950363699966611,0.9411678095775898,0.9595595903556321,0.5630569516782312,0.5353648542422773,0.8403441682600382,0.05209814186081517,x_iiotid,E4_network_only,C&C,Malware_C2,near,2,13,mlp:energy,with_normal,59791,1046,SAFE_FINAL_01
0.9773930437993533,0.9710544705362154,0.9837316170624912,0.8347033225875499,0.2938558664228792,0.878585086042065,0.049815434505122984,x_iiotid,E4_network_only,C&C,Malware_C2,near,2,13,mlp:energy,attacks_only,28987,1046,SAFE_FINAL_01
0.9417629951469255,0.9318690998637427,0.9516568904301084,0.6131928562473349,0.7987489755983342,0.8910133843212237,0.05047582412068706,x_iiotid,E4_network_only,C&C,Malware_C2,near,2,13,mlp:mahalanobis,with_normal,59791,1046,SAFE_FINAL_01
0.9469707228815765,0.9374816928783695,0.9564597528847835,0.7836625668724276,0.7868354779728844,0.8910133843212237,0.04829751267809708,x_iiotid,E4_network_only,C&C,Malware_C2,near,2,13,mlp:mahalanobis,attacks_only,28987,1046,SAFE_FINAL_01
0.7788134244418567,0.7621099485638826,0.7955169003198309,0.05668678620585473,0.5399307588098543,0.23804971319311663,0.05249954006455821,x_iiotid,E4_network_only,C&C,Malware_C2,near,2,13,edl:vacuity,with_normal,59791,1046,SAFE_FINAL_01
0.7270065713508681,0.709329124039382,0.7446840186623542,0.07988334216584737,0.5917135267533722,0.11950286806883365,0.051367854555490394,x_iiotid,E4_network_only,C&C,Malware_C2,near,2,13,edl:vacuity,attacks_only,28987,1046,SAFE_FINAL_01
0.9447870167124215,0.9351304899813105,0.9544435434435324,0.6334257735852538,0.7340904149453931,0.8910133843212237,0.05027512501881554,x_iiotid,E4_network_only,C&C,Malware_C2,near,2,13,fusion_rank,with_normal,59791,1046,SAFE_FINAL_01
0.9499137907208487,0.9406710925466532,0.9591564888950442,0.752554668081144,0.7120778279918584,0.8910133843212237,0.04922896470831752,x_iiotid,E4_network_only,C&C,Malware_C2,near,2,13,fusion_rank,attacks_only,28987,1046,SAFE_FINAL_01
0.9626209595035198,0.9545648789742767,0.9706770400327629,0.6259526239620189,0.11652255356157282,0.6787762906309751,0.048569182652907626,x_iiotid,E4_network_only,C&C,Malware_C2,near,2,13,fusion_z,with_normal,59791,1046,SAFE_FINAL_01
0.9524153736484101,0.9433892889402139,0.9614414583566063,0.6814849729824135,0.15593196950357058,0.6778202676864244,0.04819401800807258,x_iiotid,E4_network_only,C&C,Malware_C2,near,2,13,fusion_z,attacks_only,28987,1046,SAFE_FINAL_01
0.9660215127968341,0.9578984752792308,0.9741445503144375,0.23105309438658295,0.07737577743596602,0.8063829787234043,0.051260616598675854,x_iiotid,E4_network_only,Dictionary,CredentialAttack,near,1,42,rf:maxprob,with_normal,59812,940,SAFE_FINAL_01
0.9463642641501684,0.936304029784637,0.9564244985156998,0.28988136052798547,0.12813706563706564,0.49361702127659574,0.050572255929398784,x_iiotid,E4_network_only,Dictionary,CredentialAttack,near,1,42,rf:maxprob,attacks_only,29008,940,SAFE_FINAL_01
0.6856270480839965,0.666610898009509,0.7046431981584841,0.02460369604835423,0.580234735504581,0.002127659574468085,0.05228047883367886,x_iiotid,E4_network_only,Dictionary,CredentialAttack,near,1,42,mlp:maxprob,with_normal,59812,940,SAFE_FINAL_01
0.7549885174742698,0.7368212223930839,0.7731558125554556,0.06152914172887985,0.43391478212906787,0.002127659574468085,0.05667402095973525,x_iiotid,E4_network_only,Dictionary,CredentialAttack,near,1,42,mlp:maxprob,attacks_only,29008,940,SAFE_FINAL_01
0.7270222317161148,0.7084703010600686,0.745574162372161,0.034131668909607935,0.5805356784591721,0.12234042553191489,0.051143583227446,x_iiotid,E4_network_only,Dictionary,CredentialAttack,near,1,42,mlp:entropy,with_normal,59812,940,SAFE_FINAL_01
0.7787314724624756,0.7610554883166024,0.7964074566083489,0.07314586830190081,0.43408714837286266,0.010638297872340425,0.05026199669056812,x_iiotid,E4_network_only,Dictionary,CredentialAttack,near,1,42,mlp:entropy,attacks_only,29008,940,SAFE_FINAL_01
0.8849353150509897,0.870933685746343,0.8989369443556363,0.330283871955717,0.5000668762121313,0.6,0.05082592121982211,x_iiotid,E4_network_only,Dictionary,CredentialAttack,near,1,42,mlp:energy,with_normal,59812,940,SAFE_FINAL_01
0.9324285450235299,0.9212582224660867,0.9435988675809731,0.6640592202344711,0.3035369553226696,0.8127659574468085,0.052261445118587976,x_iiotid,E4_network_only,Dictionary,CredentialAttack,near,1,42,mlp:energy,attacks_only,29008,940,SAFE_FINAL_01
0.9832571312097053,0.977480141883938,0.9890341205354726,0.3243024591397284,0.028756771216478298,1.0,0.04871932053768475,x_iiotid,E4_network_only,Dictionary,CredentialAttack,near,1,42,mlp:mahalanobis,with_normal,59812,940,SAFE_FINAL_01
0.9884952133527362,0.9836866863314405,0.9933037403740318,0.5722402206686206,0.01892581356867071,1.0,0.05084804191947049,x_iiotid,E4_network_only,Dictionary,CredentialAttack,near,1,42,mlp:mahalanobis,attacks_only,29008,940,SAFE_FINAL_01
0.8507360029510908,0.8352564799963702,0.8662155259058113,0.06961755769320249,0.30577476091754163,0.1829787234042553,0.0521132883033505,x_iiotid,E4_network_only,Dictionary,CredentialAttack,near,1,42,edl:vacuity,with_normal,59812,940,SAFE_FINAL_01
0.8038251186759925,0.7867776837618502,0.8208725535901348,0.12183323193379612,0.37655129619415334,0.09361702127659574,0.0500896304467733,x_iiotid,E4_network_only,Dictionary,CredentialAttack,near,1,42,edl:vacuity,attacks_only,29008,940,SAFE_FINAL_01
0.9978375505662423,0.9957387882979407,0.999936312834544,0.8010849722450757,0.0054838493947702805,1.0,0.04803383936333846,x_iiotid,E4_network_only,Dictionary,CredentialAttack,near,1,42,fusion_rank,with_normal,59812,940,SAFE_FINAL_01
0.9973975997817183,0.9950958437834116,0.9996993557800249,0.8666024879579727,0.005653612796469939,1.0,0.05050330943188086,x_iiotid,E4_network_only,Dictionary,CredentialAttack,near,1,42,fusion_rank,attacks_only,29008,940,SAFE_FINAL_01
0.995945398418591,0.9930755519036714,0.9988152449335106,0.6322035249063898,0.005634320872065806,1.0,0.04602755299939811,x_iiotid,E4_network_only,Dictionary,CredentialAttack,near,1,42,fusion_z,with_normal,59812,940,SAFE_FINAL_01
0.9960142323174237,0.9931684918390277,0.9988599727958197,0.7655154172497856,0.00520546056260342,1.0,0.04674572531715389,x_iiotid,E4_network_only,Dictionary,CredentialAttack,near,1,42,fusion_z,attacks_only,29008,940,SAFE_FINAL_01
0.9639763813139326,0.9556255597347405,0.9723272028931247,0.39105424937157873,0.08138835016384673,0.5,0.04858556811342206,x_iiotid,E4_network_only,Dictionary,CredentialAttack,near,1,7,rf:maxprob,with_normal,59812,940,SAFE_FINAL_01
0.9408520650209479,0.9303323677120879,0.9513717623298078,0.43024560078823776,0.13675537782680638,0.48617021276595745,0.049572531715388855,x_iiotid,E4_network_only,Dictionary,CredentialAttack,near,1,7,rf:maxprob,attacks_only,29008,940,SAFE_FINAL_01
0.7127070049986411,0.6939678558996636,0.7314461540976187,0.04450828729001092,0.5299271049287768,0.21170212765957447,0.04935464455293252,x_iiotid,E4_network_only,Dictionary,CredentialAttack,near,1,7,mlp:maxprob,with_normal,59812,940,SAFE_FINAL_01
0.7928191122625013,0.7754813445955524,0.8101568799294503,0.1395863858632658,0.3518684500827358,0.2127659574468085,0.04764202978488693,x_iiotid,E4_network_only,Dictionary,CredentialAttack,near,1,7,mlp:maxprob,attacks_only,29008,940,SAFE_FINAL_01
0.7277678748020394,0.7092265017383621,0.7463092478657167,0.04893199728583204,0.5322176151942754,0.2148936170212766,0.049605430348425066,x_iiotid,E4_network_only,Dictionary,CredentialAttack,near,1,7,mlp:entropy,with_normal,59812,940,SAFE_FINAL_01
0.802356283226344,0.7852687239700911,0.8194438424825969,0.15851180225388053,0.35169608383894096,0.21170212765957447,0.049813844456701596,x_iiotid,E4_network_only,Dictionary,CredentialAttack,near,1,7,mlp:entropy,attacks_only,29008,940,SAFE_FINAL_01
0.8608453295503216,0.8457649055738334,0.8759257535268097,0.12005115904529605,0.4903865445061192,0.7276595744680852,0.05045810205309971,x_iiotid,E4_network_only,Dictionary,CredentialAttack,near,1,7,mlp:energy,with_normal,59812,940,SAFE_FINAL_01
0.9194095942718663,0.9073353825747089,0.9314838059690237,0.4188825000586638,0.30715664644236074,0.7585106382978724,0.049986210700496414,x_iiotid,E4_network_only,Dictionary,CredentialAttack,near,1,7,mlp:energy,attacks_only,29008,940,SAFE_FINAL_01
0.9904078346193961,0.9860117883823801,0.994803880856412,0.4357183214958023,0.013592590115695847,1.0,0.05234735504581021,x_iiotid,E4_network_only,Dictionary,CredentialAttack,near,1,7,mlp:mahalanobis,with_normal,59812,940,SAFE_FINAL_01
0.9923006566053678,0.9883560820262425,0.9962452311844932,0.6572806191298246,0.010686707115278544,1.0,0.05253723110865968,x_iiotid,E4_network_only,Dictionary,CredentialAttack,near,1,7,mlp:mahalanobis,attacks_only,29008,940,SAFE_FINAL_01
0.7440334768800397,0.7257429546265498,0.7623239991335297,0.030151974355192332,0.39224570320337054,0.00851063829787234,0.04988965424998328,x_iiotid,E4_network_only,Dictionary,CredentialAttack,near,1,7,edl:vacuity,with_normal,59812,940,SAFE_FINAL_01
0.7231665365973877,0.7044817692477746,0.7418513039470008,0.05411382328653475,0.36879481522338664,0.006382978723404255,0.04884859349145063,x_iiotid,E4_network_only,Dictionary,CredentialAttack,near,1,7,edl:vacuity,attacks_only,29008,940,SAFE_FINAL_01
0.9979190915222306,0.9958601556150037,0.9999780274294574,0.8320350459646062,0.004664615796161306,1.0,0.05202969303818632,x_iiotid,E4_network_only,Dictionary,CredentialAttack,near,1,7,fusion_rank,with_normal,59812,940,SAFE_FINAL_01
0.9976248114973418,0.9954254717802625,0.9998241512144211,0.8933199906713567,0.004826254826254826,1.0,0.05339906232763376,x_iiotid,E4_network_only,Dictionary,CredentialAttack,near,1,7,fusion_rank,attacks_only,29008,940,SAFE_FINAL_01
0.997293896763049,0.9949470293022107,0.9996407642238874,0.6986192003104592,0.004012572727880693,1.0,0.04950511603022805,x_iiotid,E4_network_only,Dictionary,CredentialAttack,near,1,7,fusion_z,with_normal,59812,940,SAFE_FINAL_01
0.9970120128269824,0.9945463084420019,0.9994777172119629,0.7987661773707287,0.004171263099834528,1.0,0.05026199669056812,x_iiotid,E4_network_only,Dictionary,CredentialAttack,near,1,7,fusion_z,attacks_only,29008,940,SAFE_FINAL_01
0.959944661713084,0.9511662021628108,0.9687231212633572,0.24450315102343012,0.08364542232327961,0.4978723404255319,0.04888651106801311,x_iiotid,E4_network_only,Dictionary,CredentialAttack,near,1,13,rf:maxprob,with_normal,59812,940,SAFE_FINAL_01
0.9342911456560773,0.9232597919035357,0.9453224994086189,0.30163364897259254,0.139926916712631,0.4925531914893617,0.05060672917815775,x_iiotid,E4_network_only,Dictionary,CredentialAttack,near,1,13,rf:maxprob,attacks_only,29008,940,SAFE_FINAL_01
0.6744952268882214,0.6553931090934841,0.6935973446829586,0.023556483260541602,0.5199123921621079,0.002127659574468085,0.051110145121380325,x_iiotid,E4_network_only,Dictionary,CredentialAttack,near,1,13,mlp:maxprob,with_normal,59812,940,SAFE_FINAL_01
0.7450990409102111,0.7267543549792957,0.7634437268411264,0.05984890349824498,0.40330253723110865,0.009574468085106383,0.050055157198014344,x_iiotid,E4_network_only,Dictionary,CredentialAttack,near,1,13,mlp:maxprob,attacks_only,29008,940,SAFE_FINAL_01
0.7313051995543484,0.7128150205363203,0.7497953785723764,0.038940349083386436,0.5076907643951046,0.2723404255319149,0.0507757640607236,x_iiotid,E4_network_only,Dictionary,CredentialAttack,near,1,13,mlp:entropy,with_normal,59812,940,SAFE_FINAL_01
0.7869486480618699,0.7694655086442579,0.804431787479482,0.09512181736650274,0.4013030888030888,0.2723404255319149,0.0520546056260342,x_iiotid,E4_network_only,Dictionary,CredentialAttack,near,1,13,mlp:entropy,attacks_only,29008,940,SAFE_FINAL_01
0.8770816732855145,0.8627069265850286,0.8914564199860003,0.12507045175939993,0.20225038453821975,0.2691489361702128,0.05144452618203705,x_iiotid,E4_network_only,Dictionary,CredentialAttack,near,1,13,mlp:energy,with_normal,59812,940,SAFE_FINAL_01
0.9447908353968384,0.9345964614145622,0.9549852093791146,0.35377762492113546,0.07053226696083839,0.2723404255319149,0.05015857694429123,x_iiotid,E4_network_only,Dictionary,CredentialAttack,near,1,13,mlp:energy,attacks_only,29008,940,SAFE_FINAL_01
0.979693038186317,0.9733478211762172,0.9860382551964169,0.2957030853705814,0.040393232127332306,1.0,0.05084264027285495,x_iiotid,E4_network_only,Dictionary,CredentialAttack,near,1,13,mlp:mahalanobis,with_normal,59812,940,SAFE_FINAL_01
0.9868326125734941,0.9816945873697885,0.9919706377771996,0.5556781397815254,0.025854936569222282,1.0,0.048986486486486486,x_iiotid,E4_network_only,Dictionary,CredentialAttack,near,1,13,mlp:mahalanobis,attacks_only,29008,940,SAFE_FINAL_01
0.7449424508851138,0.7266671301899215,0.7632177715803061,0.029900174017501516,0.41837758309369355,0.006382978723404255,0.05019059720457433,x_iiotid,E4_network_only,Dictionary,CredentialAttack,near,1,13,edl:vacuity,with_normal,59812,940,SAFE_FINAL_01
0.758076018647827,0.7399672980931563,0.7761847392024978,0.06131648664322775,0.3795849420849421,0.006382978723404255,0.04857280750137893,x_iiotid,E4_network_only,Dictionary,CredentialAttack,near,1,13,edl:vacuity,attacks_only,29008,940,SAFE_FINAL_01
0.9972029557862864,0.9948171397643668,0.9995887718082059,0.7631864748328667,0.004915401591653849,1.0,0.05136093091687287,x_iiotid,E4_network_only,Dictionary,CredentialAttack,near,1,13,fusion_rank,with_normal,59812,940,SAFE_FINAL_01
0.9970302029667532,0.9945719831342247,0.9994884227992816,0.8567957040339197,0.00520546056260342,1.0,0.0488830667402096,x_iiotid,E4_network_only,Dictionary,CredentialAttack,near,1,13,fusion_rank,attacks_only,29008,940,SAFE_FINAL_01
0.9953123332541254,0.9922280093292385,0.9983966571790123,0.6159504139789473,0.007038721326824049,1.0,0.050876078378920615,x_iiotid,E4_network_only,Dictionary,CredentialAttack,near,1,13,fusion_z,with_normal,59812,940,SAFE_FINAL_01
0.996002533417047,0.9931526436818413,0.9988524231522528,0.7828144808578759,0.006032818532818533,1.0,0.051951185879757306,x_iiotid,E4_network_only,Dictionary,CredentialAttack,near,1,13,fusion_z,attacks_only,29008,940,SAFE_FINAL_01
0.5231195693740796,0.5164702084442947,0.5297689303038644,0.1376453802783678,1.0,0.07281323877068557,0.05211977773204363,x_iiotid,E4_network_only,Discovering_resources,Reconnaissance,near,2,42,rf:maxprob,with_normal,58308,8460,SAFE_FINAL_01
0.4860621541229506,0.479065859143198,0.49305844910270324,0.23253526877978525,1.0,0.04657210401891253,0.050465386852821405,x_iiotid,E4_network_only,Discovering_resources,Reconnaissance,near,2,42,rf:maxprob,attacks_only,27504,8460,SAFE_FINAL_01
0.4652585708549253,0.45880998452224697,0.4717071571876036,0.12285378216811378,0.7522295396858064,0.04728132387706856,0.04690608492831173,x_iiotid,E4_network_only,Discovering_resources,Reconnaissance,near,2,42,mlp:maxprob,with_normal,58308,8460,SAFE_FINAL_01
0.5320827522873957,0.524987007504018,0.5391784970707733,0.24811209331777623,0.6020578824898196,0.036288416075650115,0.04802937754508435,x_iiotid,E4_network_only,Discovering_resources,Reconnaissance,near,2,42,mlp:maxprob,attacks_only,27504,8460,SAFE_FINAL_01
0.4599609459573203,0.45353635224414224,0.46638553967049834,0.11206388342816088,0.7566543184468684,0.003309692671394799,0.04728339164437127,x_iiotid,E4_network_only,Discovering_resources,Reconnaissance,near,2,42,mlp:entropy,with_normal,58308,8460,SAFE_FINAL_01
0.5282073714272552,0.5211170980539419,0.5352976448005684,0.22728515918407105,0.6042757417102966,0.00023640661938534278,0.04330279232111693,x_iiotid,E4_network_only,Discovering_resources,Reconnaissance,near,2,42,mlp:entropy,attacks_only,27504,8460,SAFE_FINAL_01
0.43689378840269594,0.43058451110469154,0.44320306570070034,0.10293506361897367,0.7406359333196131,0.0009456264775413711,0.04987308774096179,x_iiotid,E4_network_only,Discovering_resources,Reconnaissance,near,2,42,mlp:energy,with_normal,58308,8460,SAFE_FINAL_01
0.5370019422062142,0.5299000290029657,0.5441038554094627,0.22677569819141846,0.5676992437463642,0.0028368794326241137,0.04930191972076789,x_iiotid,E4_network_only,Discovering_resources,Reconnaissance,near,2,42,mlp:energy,attacks_only,27504,8460,SAFE_FINAL_01
0.6605641025297957,0.6539123365223475,0.6672158685372439,0.21217154033884245,0.8803251697880222,0.05484633569739953,0.05090210605748782,x_iiotid,E4_network_only,Discovering_resources,Reconnaissance,near,2,42,mlp:mahalanobis,with_normal,58308,8460,SAFE_FINAL_01
0.7129904917333323,0.7062784126448777,0.7197025708217869,0.4434914546938856,0.8299520069808028,0.11725768321513003,0.04715677719604421,x_iiotid,E4_network_only,Discovering_resources,Reconnaissance,near,2,42,mlp:mahalanobis,attacks_only,27504,8460,SAFE_FINAL_01
0.3623396892445773,0.35652310898750283,0.3681562695016518,0.09451069984660879,0.7487308774096179,0.0,0.04668313095973108,x_iiotid,E4_network_only,Discovering_resources,Reconnaissance,near,2,42,edl:vacuity,with_normal,58308,8460,SAFE_FINAL_01
0.4011562857136964,0.39453808189364364,0.4077744895337491,0.18845888235892036,0.6276905177428738,0.0,0.04493891797556719,x_iiotid,E4_network_only,Discovering_resources,Reconnaissance,near,2,42,edl:vacuity,attacks_only,27504,8460,SAFE_FINAL_01
0.6619203298178045,0.6552721370791963,0.6685685225564126,0.242007430006767,0.8803251697880222,0.11430260047281324,0.050987857583864996,x_iiotid,E4_network_only,Discovering_resources,Reconnaissance,near,2,42,fusion_rank,with_normal,58308,8460,SAFE_FINAL_01
0.7093622767270816,0.7026290556394581,0.7160954978147052,0.47156328942454095,0.8299520069808028,0.15449172576832151,0.05006544502617801,x_iiotid,E4_network_only,Discovering_resources,Reconnaissance,near,2,42,fusion_rank,attacks_only,27504,8460,SAFE_FINAL_01
0.6211159048849746,0.6143925191710853,0.6278392905988639,0.2128553561566364,0.8803251697880222,0.15153664302600472,0.0520511765109419,x_iiotid,E4_network_only,Discovering_resources,Reconnaissance,near,2,42,fusion_z,with_normal,58308,8460,SAFE_FINAL_01
0.621892558159604,0.6148247344500114,0.6289603818691966,0.35240538478291195,0.8299520069808028,0.15153664302600472,0.05050174520069808,x_iiotid,E4_network_only,Discovering_resources,Reconnaissance,near,2,42,fusion_z,attacks_only,27504,8460,SAFE_FINAL_01
0.598944293294709,0.5922071020531008,0.6056814845363172,0.16813408862915963,1.0,0.06312056737588652,0.04587706661178569,x_iiotid,E4_network_only,Discovering_resources,Reconnaissance,near,2,7,rf:maxprob,with_normal,58308,8460,SAFE_FINAL_01
0.5558328094465005,0.5487153651792469,0.5629502537137541,0.2537531865817757,1.0,0.0433806146572104,0.04788394415357766,x_iiotid,E4_network_only,Discovering_resources,Reconnaissance,near,2,7,rf:maxprob,attacks_only,27504,8460,SAFE_FINAL_01
0.392241967170018,0.38620579226495466,0.3982781420750814,0.10905647438111145,0.9221890649653564,0.04621749408983451,0.04942717980380051,x_iiotid,E4_network_only,Discovering_resources,Reconnaissance,near,2,7,mlp:maxprob,with_normal,58308,8460,SAFE_FINAL_01
0.4781542714784147,0.47118258468765806,0.4851259582691714,0.22512518934738407,0.835260325770797,0.03049645390070922,0.048647469458987784,x_iiotid,E4_network_only,Discovering_resources,Reconnaissance,near,2,7,mlp:maxprob,attacks_only,27504,8460,SAFE_FINAL_01
0.3927539200002724,0.38671424192554665,0.3987935980749982,0.10383298937294026,0.9198566234478974,0.057328605200945626,0.048518213624202514,x_iiotid,E4_network_only,Discovering_resources,Reconnaissance,near,2,7,mlp:entropy,with_normal,58308,8460,SAFE_FINAL_01
0.4783593222460142,0.47138696971765187,0.4853316747743765,0.21271411698058862,0.8303155904595695,0.002364066193853428,0.04908376963350786,x_iiotid,E4_network_only,Discovering_resources,Reconnaissance,near,2,7,mlp:entropy,attacks_only,27504,8460,SAFE_FINAL_01
0.4427904971820792,0.4364500662652958,0.44913092809886257,0.10806727705025185,0.7959799684434383,0.0026004728132387705,0.04968443438293202,x_iiotid,E4_network_only,Discovering_resources,Reconnaissance,near,2,7,mlp:energy,with_normal,58308,8460,SAFE_FINAL_01
0.6133345959908517,0.6062509583569292,0.6204182336247742,0.27982996436276747,0.5759525887143688,0.11146572104018912,0.049229203025014545,x_iiotid,E4_network_only,Discovering_resources,Reconnaissance,near,2,7,mlp:energy,attacks_only,27504,8460,SAFE_FINAL_01
0.6600493379414543,0.653396235496269,0.6667024403866395,0.2101907306406104,0.8742368114152432,0.05508274231678487,0.049890238046237226,x_iiotid,E4_network_only,Discovering_resources,Reconnaissance,near,2,7,mlp:mahalanobis,with_normal,58308,8460,SAFE_FINAL_01
0.7137629282721136,0.7070554303239148,0.7204704262203124,0.4488555857782154,0.8300974403723095,0.1293144208037825,0.050865328679464805,x_iiotid,E4_network_only,Discovering_resources,Reconnaissance,near,2,7,mlp:mahalanobis,attacks_only,27504,8460,SAFE_FINAL_01
0.2975974966473789,0.2923580057084794,0.30283698758627836,0.08492870829706735,0.9174384304040611,0.0,0.04839816148727447,x_iiotid,E4_network_only,Discovering_resources,Reconnaissance,near,2,7,edl:vacuity,with_normal,58308,8460,SAFE_FINAL_01
0.3328203690466858,0.3266891705208058,0.33895156757256584,0.17055050033881447,0.891870273414776,0.0,0.047920302501454334,x_iiotid,E4_network_only,Discovering_resources,Reconnaissance,near,2,7,edl:vacuity,attacks_only,27504,8460,SAFE_FINAL_01
0.6648830977619298,0.6582429752550736,0.671523220268786,0.2435562117232023,0.8744426150785484,0.10933806146572105,0.05040474720450024,x_iiotid,E4_network_only,Discovering_resources,Reconnaissance,near,2,7,fusion_rank,with_normal,58308,8460,SAFE_FINAL_01
0.7126501307525267,0.7059360420104384,0.719364219494615,0.47969384457246156,0.8300974403723095,0.15697399527186762,0.05064717859220477,x_iiotid,E4_network_only,Discovering_resources,Reconnaissance,near,2,7,fusion_rank,attacks_only,27504,8460,SAFE_FINAL_01
0.6589364878785859,0.6522805334363497,0.6655924423208222,0.2819643476563809,0.8742368114152432,0.3160756501182033,0.04814090690814297,x_iiotid,E4_network_only,Discovering_resources,Reconnaissance,near,2,7,fusion_z,with_normal,58308,8460,SAFE_FINAL_01
0.6628281684710033,0.655876546673691,0.6697797902683157,0.4374803621541984,0.8300974403723095,0.3160756501182033,0.04741128563118092,x_iiotid,E4_network_only,Discovering_resources,Reconnaissance,near,2,7,fusion_z,attacks_only,27504,8460,SAFE_FINAL_01
0.5259095267067149,0.5192533555285197,0.53256569788491,0.1385724685878533,1.0,0.07092198581560284,0.05189682376346299,x_iiotid,E4_network_only,Discovering_resources,Reconnaissance,near,2,13,rf:maxprob,with_normal,58308,8460,SAFE_FINAL_01
0.4877946831202372,0.4807932894431115,0.4947960767973629,0.23306417766217358,1.0,0.046453900709219856,0.049592786503781267,x_iiotid,E4_network_only,Discovering_resources,Reconnaissance,near,2,13,rf:maxprob,attacks_only,27504,8460,SAFE_FINAL_01
0.4718017832992841,0.4653248522856713,0.478278714312897,0.11187883704573205,0.7950538519585648,0.01347517730496454,0.04855251423475338,x_iiotid,E4_network_only,Discovering_resources,Reconnaissance,near,2,13,mlp:maxprob,with_normal,58308,8460,SAFE_FINAL_01
0.5613100011586537,0.5541904636251811,0.5684295386921263,0.23562470793054754,0.578715823152996,0.004137115839243499,0.04912012798138453,x_iiotid,E4_network_only,Discovering_resources,Reconnaissance,near,2,13,mlp:maxprob,attacks_only,27504,8460,SAFE_FINAL_01
0.47059168228844594,0.46411988581711905,0.47706347875977284,0.11106487896922516,0.7964601769911505,0.025768321513002363,0.049169925224669,x_iiotid,E4_network_only,Discovering_resources,Reconnaissance,near,2,13,mlp:entropy,with_normal,58308,8460,SAFE_FINAL_01
0.560601752575512,0.553482423821206,0.567721081329818,0.23401603910025245,0.578606748109366,0.0,0.05006544502617801,x_iiotid,E4_network_only,Discovering_resources,Reconnaissance,near,2,13,mlp:entropy,attacks_only,27504,8460,SAFE_FINAL_01
0.4383196335640638,0.4320027179275724,0.4446365492005552,0.10257777239103844,0.7854325306990464,0.00508274231678487,0.05105645880496673,x_iiotid,E4_network_only,Discovering_resources,Reconnaissance,near,2,13,mlp:energy,with_normal,58308,8460,SAFE_FINAL_01
0.5874005646460021,0.5802862755407665,0.5945148537512377,0.24632558688868983,0.5662085514834206,0.02446808510638298,0.04999272833042467,x_iiotid,E4_network_only,Discovering_resources,Reconnaissance,near,2,13,mlp:energy,attacks_only,27504,8460,SAFE_FINAL_01
0.6616591039091182,0.6550102170227856,0.6683079907954508,0.21613846167267706,0.874031007751938,0.02375886524822695,0.051622418879056046,x_iiotid,E4_network_only,Discovering_resources,Reconnaissance,near,2,13,mlp:mahalanobis,with_normal,58308,8460,SAFE_FINAL_01
0.7191414560633004,0.7124666430567197,0.7258162690698811,0.4604968202885001,0.8281704479348458,0.08167848699763594,0.05111983711460151,x_iiotid,E4_network_only,Discovering_resources,Reconnaissance,near,2,13,mlp:mahalanobis,attacks_only,27504,8460,SAFE_FINAL_01
0.3225600791817026,0.31708148832012323,0.32803867004328197,0.08847742387941164,0.8352541675241819,0.0,0.05011319201481786,x_iiotid,E4_network_only,Discovering_resources,Reconnaissance,near,2,13,edl:vacuity,with_normal,58308,8460,SAFE_FINAL_01
0.39728567312624724,0.3906906799492371,0.40388066630325736,0.1874301813218971,0.660303955788249,0.0,0.04817481093659104,x_iiotid,E4_network_only,Discovering_resources,Reconnaissance,near,2,13,edl:vacuity,attacks_only,27504,8460,SAFE_FINAL_01
0.6638743557283073,0.6572314447382755,0.6705172667183391,0.2287203672518855,0.874031007751938,0.06040189125295508,0.05136516429992454,x_iiotid,E4_network_only,Discovering_resources,Reconnaissance,near,2,13,fusion_rank,with_normal,58308,8460,SAFE_FINAL_01
0.7158462186286766,0.7091512171380431,0.7225412201193101,0.471557215381026,0.8281704479348458,0.13297872340425532,0.05039267015706806,x_iiotid,E4_network_only,Discovering_resources,Reconnaissance,near,2,13,fusion_rank,attacks_only,27504,8460,SAFE_FINAL_01
0.6269441908388664,0.6202275353665848,0.633660846311148,0.21546247399776308,0.874031007751938,0.15803782505910166,0.05169102010015778,x_iiotid,E4_network_only,Discovering_resources,Reconnaissance,near,2,13,fusion_z,with_normal,58308,8460,SAFE_FINAL_01
0.6293169048611197,0.6222651347550943,0.6363686749671451,0.35577483410325633,0.8281704479348458,0.15803782505910166,0.05253781268179174,x_iiotid,E4_network_only,Discovering_resources,Reconnaissance,near,2,13,fusion_z,attacks_only,27504,8460,SAFE_FINAL_01
0.9477165513491362,0.9443090656024301,0.9511240370958424,0.6102347248591558,0.09506354698365935,0.8489493201483312,0.05126580110307972,x_iiotid,E4_network_only,Exfiltration,Exfiltration,far,0,42,rf:maxprob,with_normal,58382,8090,SAFE_FINAL_01
0.9259682549130677,0.9219298005306034,0.930006709295532,0.6778038609412406,0.15900355355718326,0.41953028430160694,0.05413735586336935,x_iiotid,E4_network_only,Exfiltration,Exfiltration,far,0,42,rf:maxprob,attacks_only,27578,8090,SAFE_FINAL_01
0.31710862145354507,0.3115822818753775,0.32263496103171263,0.08569229835357525,0.8446267685245452,0.022373300370828183,0.04946730156555103,x_iiotid,E4_network_only,Exfiltration,Exfiltration,far,0,42,mlp:maxprob,with_normal,58382,8090,SAFE_FINAL_01
0.4530920434150544,0.4460994618309006,0.46008462499920816,0.20171726255150346,0.7185437667706143,0.022373300370828183,0.051163971281456236,x_iiotid,E4_network_only,Exfiltration,Exfiltration,far,0,42,mlp:maxprob,attacks_only,27578,8090,SAFE_FINAL_01
0.3131938821670614,0.3077052892125206,0.3186824751216022,0.08347970460713895,0.8447637970607379,0.02360939431396786,0.048765030317563636,x_iiotid,E4_network_only,Exfiltration,Exfiltration,far,0,42,mlp:entropy,with_normal,58382,8090,SAFE_FINAL_01
0.4448084838768581,0.43785254599784756,0.4517644217558687,0.1913096864275177,0.7187613314961201,0.0007416563658838071,0.0492784103270723,x_iiotid,E4_network_only,Exfiltration,Exfiltration,far,0,42,mlp:entropy,attacks_only,27578,8090,SAFE_FINAL_01
0.22342253625677244,0.21894624078389263,0.22789883172965225,0.07754557194727553,0.9493850844438354,0.032509270704573545,0.048508101812202394,x_iiotid,E4_network_only,Exfiltration,Exfiltration,far,0,42,mlp:energy,with_normal,58382,8090,SAFE_FINAL_01
0.3054705874812343,0.299496653855997,0.3114445211064716,0.18156601113870013,0.8929218942635434,0.04042027194066749,0.04732032779751976,x_iiotid,E4_network_only,Exfiltration,Exfiltration,far,0,42,mlp:energy,attacks_only,27578,8090,SAFE_FINAL_01
0.9319350466106631,0.9280884589175566,0.9357816343037695,0.80446171658263,0.29562193826864447,0.7394313967861558,0.048011373368503994,x_iiotid,E4_network_only,Exfiltration,Exfiltration,far,0,42,mlp:mahalanobis,with_normal,58382,8090,SAFE_FINAL_01
0.9567777597395175,0.9536407580229246,0.9599147614561104,0.891929169146799,0.18743201102327942,0.7394313967861558,0.04822684748712742,x_iiotid,E4_network_only,Exfiltration,Exfiltration,far,0,42,mlp:mahalanobis,attacks_only,27578,8090,SAFE_FINAL_01
0.285447592746109,0.28024165202219226,0.2906535334700257,0.08190384704473694,0.7913226679455997,0.014215080346106305,0.047805830564214995,x_iiotid,E4_network_only,Exfiltration,Exfiltration,far,0,42,edl:vacuity,with_normal,58382,8090,SAFE_FINAL_01
0.4245441472175426,0.417688082500194,0.43140021193489114,0.1848672817117347,0.6297048371890638,0.002595797280593325,0.04460076872869679,x_iiotid,E4_network_only,Exfiltration,Exfiltration,far,0,42,edl:vacuity,attacks_only,27578,8090,SAFE_FINAL_01
0.9464670372054919,0.9430219536100538,0.9499121208009299,0.8161713134945623,0.2547360487821589,0.7395550061804698,0.04756603062587784,x_iiotid,E4_network_only,Exfiltration,Exfiltration,far,0,42,fusion_rank,with_normal,58382,8090,SAFE_FINAL_01
0.9655119413631241,0.96269729296283,0.9683265897634182,0.8987832685009705,0.16643701501196606,0.7406674907292954,0.046921459134092396,x_iiotid,E4_network_only,Exfiltration,Exfiltration,far,0,42,fusion_rank,attacks_only,27578,8090,SAFE_FINAL_01
0.9815893396202726,0.9795223490418665,0.9836563301986787,0.9209095476498039,0.03855640437121031,0.9702101359703338,0.04912473022506937,x_iiotid,E4_network_only,Exfiltration,Exfiltration,far,0,42,fusion_z,with_normal,58382,8090,SAFE_FINAL_01
0.9831548427066199,0.9811706270777389,0.9851390583355009,0.9563950211924612,0.03734861121183552,0.9702101359703338,0.048263108274711725,x_iiotid,E4_network_only,Exfiltration,Exfiltration,far,0,42,fusion_z,attacks_only,27578,8090,SAFE_FINAL_01
0.9186214497339651,0.9144540921022646,0.9227888073656656,0.6499287283968561,1.0,0.7975278121137206,0.05119728683498338,x_iiotid,E4_network_only,Exfiltration,Exfiltration,far,0,7,rf:maxprob,with_normal,58382,8090,SAFE_FINAL_01
0.8981380578614598,0.8934760213878624,0.9028000943350573,0.7107810940293855,1.0,0.7872682323856613,0.05232431648415404,x_iiotid,E4_network_only,Exfiltration,Exfiltration,far,0,7,rf:maxprob,attacks_only,27578,8090,SAFE_FINAL_01
0.24923225062299073,0.24443565099896303,0.25402885024701843,0.07649674135092038,0.936059059299099,0.002843016069221261,0.04936453016340653,x_iiotid,E4_network_only,Exfiltration,Exfiltration,far,0,7,mlp:maxprob,with_normal,58382,8090,SAFE_FINAL_01
0.3369113818623092,0.33065493822085484,0.3431678255037635,0.16411546460762802,0.8895859018057872,0.002843016069221261,0.049242149539487995,x_iiotid,E4_network_only,Exfiltration,Exfiltration,far,0,7,mlp:maxprob,attacks_only,27578,8090,SAFE_FINAL_01
0.24165921464609771,0.23695410020374613,0.2463643290884493,0.07577905352168808,0.942259600561817,0.00012360939431396787,0.052824500702271245,x_iiotid,E4_network_only,Exfiltration,Exfiltration,far,0,7,mlp:entropy,with_normal,58382,8090,SAFE_FINAL_01
0.32347621099600987,0.31733605908722673,0.329616362904793,0.16160459214729908,0.9025310029733846,0.00012360939431396787,0.051309014431793455,x_iiotid,E4_network_only,Exfiltration,Exfiltration,far,0,7,mlp:entropy,attacks_only,27578,8090,SAFE_FINAL_01
0.21126256001403143,0.2069456135436429,0.21557950648441995,0.08017850199634373,0.9940221301085951,0.04029666254635352,0.05253331506286184,x_iiotid,E4_network_only,Exfiltration,Exfiltration,far,0,7,mlp:energy,with_normal,58382,8090,SAFE_FINAL_01
0.25392847759105736,0.24849754284455003,0.25935941233756465,0.18832323312745058,0.9873449851330771,0.04029666254635352,0.05145405758213068,x_iiotid,E4_network_only,Exfiltration,Exfiltration,far,0,7,mlp:energy,attacks_only,27578,8090,SAFE_FINAL_01
0.9292469572656862,0.9253323855270443,0.933161529004328,0.7653635599332381,0.26360864650063376,0.7393077873918418,0.05253331506286184,x_iiotid,E4_network_only,Exfiltration,Exfiltration,far,0,7,mlp:mahalanobis,with_normal,58382,8090,SAFE_FINAL_01
0.9559226909251485,0.9527562056157894,0.9590891762345075,0.8763795348527923,0.16592936398578578,0.7394313967861558,0.04851693378780187,x_iiotid,E4_network_only,Exfiltration,Exfiltration,far,0,7,mlp:mahalanobis,attacks_only,27578,8090,SAFE_FINAL_01
0.18614013098759338,0.18216996445206482,0.19011029752312195,0.07134518684148088,0.9627282381555959,0.00012360939431396787,0.052499057928813674,x_iiotid,E4_network_only,Exfiltration,Exfiltration,far,0,7,edl:vacuity,with_normal,58382,8090,SAFE_FINAL_01
0.2511805037802207,0.24578138667963123,0.2565796208808102,0.14737876127548163,0.9222206106316629,0.0,0.054898832402639784,x_iiotid,E4_network_only,Exfiltration,Exfiltration,far,0,7,edl:vacuity,attacks_only,27578,8090,SAFE_FINAL_01
0.9399610590815303,0.9363285698826199,0.9435935482804406,0.8156338550662517,0.26998047343359255,0.7394313967861558,0.05176252954677812,x_iiotid,E4_network_only,Exfiltration,Exfiltration,far,0,7,fusion_rank,with_normal,58382,8090,SAFE_FINAL_01
0.9618785925184806,0.9589248184042416,0.9648323666327197,0.9000364041686375,0.1781855101892813,0.7394313967861558,0.047682935673362827,x_iiotid,E4_network_only,Exfiltration,Exfiltration,far,0,7,fusion_rank,attacks_only,27578,8090,SAFE_FINAL_01
0.9587714957693709,0.9557234045844882,0.9618195869542536,0.865408400369464,0.3498338528998664,0.9092707045735476,0.05263608646500634,x_iiotid,E4_network_only,Exfiltration,Exfiltration,far,0,7,fusion_z,with_normal,58382,8090,SAFE_FINAL_01
0.9629880179835578,0.9600759055158418,0.9659001304512739,0.9172411890858685,0.32681847849735296,0.9077873918417799,0.05217927333381681,x_iiotid,E4_network_only,Exfiltration,Exfiltration,far,0,7,fusion_z,attacks_only,27578,8090,SAFE_FINAL_01
0.9360165353554162,0.9322766445950582,0.9397564261157741,0.5633310390703722,0.11888938371415847,0.8018541409147095,0.0508889726285499,x_iiotid,E4_network_only,Exfiltration,Exfiltration,far,0,13,rf:maxprob,with_normal,58382,8090,SAFE_FINAL_01
0.9076155878716318,0.9031509933556756,0.9120801823875879,0.6284530153314675,0.18333454202625282,0.16291718170580965,0.054209877438537966,x_iiotid,E4_network_only,Exfiltration,Exfiltration,far,0,13,rf:maxprob,attacks_only,27578,8090,SAFE_FINAL_01
0.35437666222791886,0.3485171179331705,0.36023620652266725,0.08778847550275985,0.8186256037819876,0.012978986402966625,0.049158987359117536,x_iiotid,E4_network_only,Exfiltration,Exfiltration,far,0,13,mlp:maxprob,with_normal,58382,8090,SAFE_FINAL_01
0.5138844684692955,0.5066976544068487,0.5210712825317423,0.21115640687065113,0.6196968598157953,0.012978986402966625,0.04547102763072014,x_iiotid,E4_network_only,Exfiltration,Exfiltration,far,0,13,mlp:maxprob,attacks_only,27578,8090,SAFE_FINAL_01
0.3520146857665927,0.3461748615857983,0.35785450994738716,0.08700334766470384,0.818711246617108,0.0007416563658838071,0.04948443013257511,x_iiotid,E4_network_only,Exfiltration,Exfiltration,far,0,13,mlp:entropy,with_normal,58382,8090,SAFE_FINAL_01
0.5094803896371779,0.502303198121994,0.5166575811523618,0.20829103249991457,0.6195880774530422,0.00024721878862793575,0.04655885125824933,x_iiotid,E4_network_only,Exfiltration,Exfiltration,far,0,13,mlp:entropy,attacks_only,27578,8090,SAFE_FINAL_01
0.2461329729827238,0.24137356490383438,0.2508923810616132,0.07707068066004875,0.9027611250042822,0.014462299134734239,0.04885067315268404,x_iiotid,E4_network_only,Exfiltration,Exfiltration,far,0,13,mlp:energy,with_normal,58382,8090,SAFE_FINAL_01
0.39107985521860866,0.38442051293182977,0.39773919750538755,0.19664632764122572,0.7943650736093988,0.036217552533992586,0.04543476684313583,x_iiotid,E4_network_only,Exfiltration,Exfiltration,far,0,13,mlp:energy,attacks_only,27578,8090,SAFE_FINAL_01
0.9371555660072514,0.9334462400543161,0.9408648919601866,0.8116057796375001,0.2733719297043609,0.7394313967861558,0.05011818711246617,x_iiotid,E4_network_only,Exfiltration,Exfiltration,far,0,13,mlp:mahalanobis,with_normal,58382,8090,SAFE_FINAL_01
0.9583209498336263,0.9552380175197905,0.961403882147462,0.8962508292350948,0.18079628689535138,0.7394313967861558,0.04456450794111248,x_iiotid,E4_network_only,Exfiltration,Exfiltration,far,0,13,mlp:mahalanobis,attacks_only,27578,8090,SAFE_FINAL_01
0.2319968259007985,0.22741144010671077,0.23658221169488625,0.07532473020664766,0.9232640197321093,0.000865265760197775,0.04826830187386523,x_iiotid,E4_network_only,Exfiltration,Exfiltration,far,0,13,edl:vacuity,with_normal,58382,8090,SAFE_FINAL_01
0.35814039665984804,0.35171352599448574,0.36456726732521033,0.1670900407919412,0.8417941837696715,0.000865265760197775,0.048770759300892016,x_iiotid,E4_network_only,Exfiltration,Exfiltration,far,0,13,edl:vacuity,attacks_only,27578,8090,SAFE_FINAL_01
0.9483427529159956,0.9449543183386122,0.9517311874933789,0.8117186864278041,0.2490493645301634,0.7399258343634116,0.05097461546367031,x_iiotid,E4_network_only,Exfiltration,Exfiltration,far,0,13,fusion_rank,with_normal,58382,8090,SAFE_FINAL_01
0.9652998023092341,0.9624768117267066,0.9681227928917615,0.8945699431110965,0.1644064109072449,0.7400494437577256,0.046196243382406264,x_iiotid,E4_network_only,Exfiltration,Exfiltration,far,0,13,fusion_rank,attacks_only,27578,8090,SAFE_FINAL_01
0.9786316669559538,0.9764089886074572,0.9808543453044505,0.9171269104399651,0.04494535987119318,0.9637824474660074,0.05131718680415197,x_iiotid,E4_network_only,Exfiltration,Exfiltration,far,0,13,fusion_z,with_normal,58382,8090,SAFE_FINAL_01
0.9803412969313872,0.9782006701519014,0.982481923710873,0.9524062060477935,0.04703024149684531,0.9595797280593326,0.05080136340561317,x_iiotid,E4_network_only,Exfiltration,Exfiltration,far,0,13,fusion_z,attacks_only,27578,8090,SAFE_FINAL_01
0.9661730332789394,0.960410726655681,0.9719353399021979,0.5474662979003962,0.0440900248205541,0.9661654135338346,0.048970282417656136,x_iiotid,E4_network_only,False_data_injection,False_data_injection,far,0,42,rf:maxprob,with_normal,59628,1862,SAFE_FINAL_01
0.9468707434549262,0.9397420068994462,0.9539994800104061,0.5979994235527268,0.06917846239245073,0.25671321160042965,0.0517624202053844,x_iiotid,E4_network_only,False_data_injection,False_data_injection,far,0,42,rf:maxprob,attacks_only,28824,1862,SAFE_FINAL_01
0.7768563860705439,0.764270397161393,0.7894423749796947,0.0771802670639396,0.30675186154155765,0.01933404940923738,0.04977527336150802,x_iiotid,E4_network_only,False_data_injection,False_data_injection,far,0,42,mlp:maxprob,with_normal,59628,1862,SAFE_FINAL_01
0.8031217943156929,0.790924597223142,0.8153189914082437,0.14840811295508466,0.24306133777407715,0.004833512352309345,0.04905634193727449,x_iiotid,E4_network_only,False_data_injection,False_data_injection,far,0,42,mlp:maxprob,attacks_only,28824,1862,SAFE_FINAL_01
0.7796700985422185,0.767129337017006,0.7922108600674309,0.25751085466950446,0.31621050513181725,0.2620837808807734,0.048064667605822765,x_iiotid,E4_network_only,False_data_injection,False_data_injection,far,0,42,mlp:entropy,with_normal,59628,1862,SAFE_FINAL_01
0.8194308273508799,0.8075771973033433,0.8312844573984165,0.34594682721016073,0.26793644185401055,0.2620837808807734,0.04805023591451568,x_iiotid,E4_network_only,False_data_injection,False_data_injection,far,0,42,mlp:entropy,attacks_only,28824,1862,SAFE_FINAL_01
0.9567854172417503,0.9503184368654138,0.9632523976180867,0.47401731674605585,0.05359898034480445,0.5676691729323309,0.05047964043737841,x_iiotid,E4_network_only,False_data_injection,False_data_injection,far,0,42,mlp:energy,with_normal,59628,1862,SAFE_FINAL_01
0.9739590739665864,0.9688693554811807,0.9790487924519922,0.6891893872860142,0.03143213988343047,0.9688506981740065,0.0495767416042187,x_iiotid,E4_network_only,False_data_injection,False_data_injection,far,0,42,mlp:energy,attacks_only,28824,1862,SAFE_FINAL_01
0.9850671549932531,0.9811845761063932,0.9889497338801131,0.6676250562145578,0.051653585563829076,0.7556390977443609,0.049221842087609845,x_iiotid,E4_network_only,False_data_injection,False_data_injection,far,0,42,mlp:mahalanobis,with_normal,59628,1862,SAFE_FINAL_01
0.9908874161435467,0.987840575206864,0.9939342570802294,0.8445636181392494,0.030495420482930892,1.0,0.04853594227033028,x_iiotid,E4_network_only,False_data_injection,False_data_injection,far,0,42,mlp:mahalanobis,attacks_only,28824,1862,SAFE_FINAL_01
0.9010585915526246,0.891693799799766,0.9104233833054831,0.15515330166601593,0.14712886563359495,0.2921589688506982,0.04927215402160059,x_iiotid,E4_network_only,False_data_injection,False_data_injection,far,0,42,edl:vacuity,with_normal,59628,1862,SAFE_FINAL_01
0.8785369197199017,0.8683141208617978,0.8887597185780055,0.2245116429588074,0.16736053288925895,0.03920515574650913,0.047425756314182624,x_iiotid,E4_network_only,False_data_injection,False_data_injection,far,0,42,edl:vacuity,attacks_only,28824,1862,SAFE_FINAL_01
0.9984016098521898,0.9971189933856,0.9996842263187797,0.8948718104950815,0.001660293821694506,1.0,0.048517475011739454,x_iiotid,E4_network_only,False_data_injection,False_data_injection,far,0,42,fusion_rank,with_normal,59628,1862,SAFE_FINAL_01
0.9978882822465942,0.996414452963993,0.9993621115291954,0.9252595171810545,0.0022203719122953097,1.0,0.048570635581459895,x_iiotid,E4_network_only,False_data_injection,False_data_injection,far,0,42,fusion_rank,attacks_only,28824,1862,SAFE_FINAL_01
0.9971766232416853,0.9954734596450375,0.9988797868383331,0.852335871497759,0.007714496545247199,1.0,0.050144227544106794,x_iiotid,E4_network_only,False_data_injection,False_data_injection,far,0,42,fusion_z,with_normal,59628,1862,SAFE_FINAL_01
0.9975352843271496,0.9959434156134678,0.9991271530408313,0.9257350964588416,0.006383569247849014,0.9994629430719656,0.054017485428809325,x_iiotid,E4_network_only,False_data_injection,False_data_injection,far,0,42,fusion_z,attacks_only,28824,1862,SAFE_FINAL_01
0.9617012741799011,0.9555905138051028,0.9678120345546994,0.5214347287893146,0.04932246595559133,0.3007518796992481,0.048366539209767224,x_iiotid,E4_network_only,False_data_injection,False_data_injection,far,0,7,rf:maxprob,with_normal,59628,1862,SAFE_FINAL_01
0.9388854499905049,0.9312849147414293,0.9464859852395806,0.5656756378333908,0.07948237579794616,0.2556390977443609,0.04836247571468221,x_iiotid,E4_network_only,False_data_injection,False_data_injection,far,0,7,rf:maxprob,attacks_only,28824,1862,SAFE_FINAL_01
0.8206828361620782,0.8089226570980831,0.8324430152260732,0.2880635539299231,0.25006708257865434,0.2620837808807734,0.050144227544106794,x_iiotid,E4_network_only,False_data_injection,False_data_injection,far,0,7,mlp:maxprob,with_normal,59628,1862,SAFE_FINAL_01
0.8457329220964865,0.834522765423305,0.8569430787696681,0.37297144145836836,0.21787399389397724,0.2620837808807734,0.04787676935886761,x_iiotid,E4_network_only,False_data_injection,False_data_injection,far,0,7,mlp:maxprob,attacks_only,28824,1862,SAFE_FINAL_01
0.8262121591388989,0.8145761810071968,0.837848137270601,0.304570622037184,0.2436103843831757,0.27336197636949516,0.050110686254779636,x_iiotid,E4_network_only,False_data_injection,False_data_injection,far,0,7,mlp:entropy,with_normal,59628,1862,SAFE_FINAL_01
0.8489497950896034,0.837826703655628,0.8600728865235789,0.37245232523756205,0.2136761032472939,0.2502685284640172,0.04870940882597835,x_iiotid,E4_network_only,False_data_injection,False_data_injection,far,0,7,mlp:entropy,attacks_only,28824,1862,SAFE_FINAL_01
0.9534348009574867,0.9467388965640517,0.9601307053509216,0.42285431943784946,0.06226940363587576,0.27175080558539205,0.051049842355940164,x_iiotid,E4_network_only,False_data_injection,False_data_injection,far,0,7,mlp:energy,with_normal,59628,1862,SAFE_FINAL_01
0.9813924792056266,0.9770674197594658,0.9857175386517874,0.7110711437081733,0.026332223147377185,0.9844253490870032,0.051588953649736334,x_iiotid,E4_network_only,False_data_injection,False_data_injection,far,0,7,mlp:energy,attacks_only,28824,1862,SAFE_FINAL_01
0.9823533728666606,0.9781411143424078,0.9865656313909134,0.5213338775207704,0.04692426376869927,0.9983888292158969,0.0514523378278661,x_iiotid,E4_network_only,False_data_injection,False_data_injection,far,0,7,mlp:mahalanobis,with_normal,59628,1862,SAFE_FINAL_01
0.988222217104555,0.984764767410858,0.991679666798252,0.7558307352329066,0.03122398001665279,1.0,0.05075631418262559,x_iiotid,E4_network_only,False_data_injection,False_data_injection,far,0,7,mlp:mahalanobis,attacks_only,28824,1862,SAFE_FINAL_01
0.9312217308357286,0.9232227368501402,0.9392207248213169,0.1914544037540676,0.06901120279063527,0.03329752953813104,0.0482994566311129,x_iiotid,E4_network_only,False_data_injection,False_data_injection,far,0,7,edl:vacuity,with_normal,59628,1862,SAFE_FINAL_01
0.9059430797166581,0.8967483951216974,0.9151377643116189,0.25869246275291313,0.09453927282819873,0.03329752953813104,0.052213433250069385,x_iiotid,E4_network_only,False_data_injection,False_data_injection,far,0,7,edl:vacuity,attacks_only,28824,1862,SAFE_FINAL_01
0.9979581695088137,0.9965089755593185,0.9994073634583088,0.8863362747312048,0.0020795599382840277,1.0,0.05183806265512846,x_iiotid,E4_network_only,False_data_injection,False_data_injection,far,0,7,fusion_rank,with_normal,59628,1862,SAFE_FINAL_01
0.9972063500013266,0.9955119671035716,0.9989007328990817,0.9175337273185773,0.0028448515126283653,1.0,0.051311407160699415,x_iiotid,E4_network_only,False_data_injection,False_data_injection,far,0,7,fusion_rank,attacks_only,28824,1862,SAFE_FINAL_01
0.9959507179385084,0.9939128472914884,0.9979885885855284,0.7723592999508294,0.007613872677265714,1.0,0.05096598913262226,x_iiotid,E4_network_only,False_data_injection,False_data_injection,far,0,7,fusion_z,with_normal,59628,1862,SAFE_FINAL_01
0.9960010462399606,0.9939755181266017,0.9980265743533194,0.8646041605358548,0.0067305023591451565,1.0,0.05092978073827366,x_iiotid,E4_network_only,False_data_injection,False_data_injection,far,0,7,fusion_z,attacks_only,28824,1862,SAFE_FINAL_01
0.9670036530463092,0.9613089857739137,0.9726983203187047,0.5610916521715055,0.04024954719259408,0.9709989258861439,0.04833299792044006,x_iiotid,E4_network_only,False_data_injection,False_data_injection,far,0,13,rf:maxprob,with_normal,59628,1862,SAFE_FINAL_01
0.950145534900055,0.9432233221053743,0.9570677476947358,0.6160322777266868,0.06165001387732445,0.252953813104189,0.05027060782681099,x_iiotid,E4_network_only,False_data_injection,False_data_injection,far,0,13,rf:maxprob,attacks_only,28824,1862,SAFE_FINAL_01
0.8995979557682985,0.8901755680257547,0.9090203435108423,0.2920056918766885,0.14860468236399008,0.2593984962406015,0.04984235594016234,x_iiotid,E4_network_only,False_data_injection,False_data_injection,far,0,13,mlp:maxprob,with_normal,59628,1862,SAFE_FINAL_01
0.9116513870765888,0.9027003741127119,0.9206024000404657,0.40855933521103815,0.12170413544268666,0.2593984962406015,0.048605328892589506,x_iiotid,E4_network_only,False_data_injection,False_data_injection,far,0,13,mlp:maxprob,attacks_only,28824,1862,SAFE_FINAL_01
0.8916794734226532,0.8819562262229751,0.9014027206223313,0.25854433660215537,0.21367478365868384,0.2620837808807734,0.048064667605822765,x_iiotid,E4_network_only,False_data_injection,False_data_injection,far,0,13,mlp:entropy,with_normal,59628,1862,SAFE_FINAL_01
0.9086845406903722,0.8996054388503789,0.9177636425303655,0.3956212284757118,0.13762836525117958,0.25993555316863587,0.04808492922564529,x_iiotid,E4_network_only,False_data_injection,False_data_injection,far,0,13,mlp:entropy,attacks_only,28824,1862,SAFE_FINAL_01
0.7641272596146953,0.7513488619315046,0.776905657297886,0.2166175939013362,0.33026430535989804,0.2631578947368421,0.048819346615683906,x_iiotid,E4_network_only,False_data_injection,False_data_injection,far,0,13,mlp:energy,with_normal,59628,1862,SAFE_FINAL_01
0.9037781947434305,0.8944940522088842,0.9130623372779767,0.42864714575950386,0.13655287260616153,0.2953813104189044,0.04961143491534832,x_iiotid,E4_network_only,False_data_injection,False_data_injection,far,0,13,mlp:energy,attacks_only,28824,1862,SAFE_FINAL_01
0.981555776498141,0.9772519020113364,0.9858596509849455,0.5020928942914806,0.048987053062319715,0.9994629430719656,0.04917153015361911,x_iiotid,E4_network_only,False_data_injection,False_data_injection,far,0,13,mlp:mahalanobis,with_normal,59628,1862,SAFE_FINAL_01
0.9886222335903992,0.9852230579747396,0.9920214092060589,0.7484965679347099,0.028864834859839022,0.9994629430719656,0.046107410491257286,x_iiotid,E4_network_only,False_data_injection,False_data_injection,far,0,13,mlp:mahalanobis,attacks_only,28824,1862,SAFE_FINAL_01
0.7119197113763046,0.6985435375472775,0.7252958852053317,0.0750417606047169,0.3808277990205943,0.24812030075187969,0.048433621788421546,x_iiotid,E4_network_only,False_data_injection,False_data_injection,far,0,13,edl:vacuity,with_normal,59628,1862,SAFE_FINAL_01
0.737170704207885,0.7239416303674122,0.7503997780483578,0.12534462888379522,0.33506799888981403,0.0026852846401718583,0.0463849569802942,x_iiotid,E4_network_only,False_data_injection,False_data_injection,far,0,13,edl:vacuity,attacks_only,28824,1862,SAFE_FINAL_01
0.9983113708141209,0.996993131280175,0.9996296103480669,0.89266810810527,0.0015932112430401824,1.0,0.05007714496545247,x_iiotid,E4_network_only,False_data_injection,False_data_injection,far,0,13,fusion_rank,with_normal,59628,1862,SAFE_FINAL_01
0.9979329438291816,0.9964747383768497,0.9993911492815135,0.9282718683320788,0.00197751873438801,1.0,0.04506661115736886,x_iiotid,E4_network_only,False_data_injection,False_data_injection,far,0,13,fusion_rank,attacks_only,28824,1862,SAFE_FINAL_01
0.9960195658481799,0.9939989934213748,0.998040138274985,0.7710575059708876,0.0075635607432749715,1.0,0.04927215402160059,x_iiotid,E4_network_only,False_data_injection,False_data_injection,far,0,13,fusion_z,with_normal,59628,1862,SAFE_FINAL_01
0.9966254885757274,0.9947640128963022,0.9984869642551526,0.8810125985853837,0.005863169580904801,0.9962406015037594,0.04510130446849847,x_iiotid,E4_network_only,False_data_injection,False_data_injection,far,0,13,fusion_z,attacks_only,28824,1862,SAFE_FINAL_01
0.506439317976636,0.5016224415921421,0.5112561943611299,0.2657866087413846,1.0,0.05556462585034014,0.0426098535286285,x_iiotid,E4_network_only,Generic_scanning,Reconnaissance,near,2,42,rf:maxprob,with_normal,56325,18375,SAFE_FINAL_01
0.5083314117465488,0.5028531974550489,0.5138096260380488,0.43905115492874575,1.0,0.06993197278911564,0.0529367971474472,x_iiotid,E4_network_only,Generic_scanning,Reconnaissance,near,2,42,rf:maxprob,attacks_only,25521,18375,SAFE_FINAL_01
0.6765788654884947,0.6718768427184215,0.6812808882585678,0.32325725583227116,0.7101642254771416,0.0064761904761904765,0.048007101642254774,x_iiotid,E4_network_only,Generic_scanning,Reconnaissance,near,2,42,mlp:maxprob,with_normal,56325,18375,SAFE_FINAL_01
0.8230397812978881,0.8189113799609931,0.8271681826347832,0.6510905401257676,0.4754124054700051,0.011863945578231292,0.05015477449943184,x_iiotid,E4_network_only,Generic_scanning,Reconnaissance,near,2,42,mlp:maxprob,attacks_only,25521,18375,SAFE_FINAL_01
0.6743436250381201,0.669635037534012,0.6790522125422281,0.3227099031864442,0.7102707501109632,0.012244897959183673,0.048202396804260986,x_iiotid,E4_network_only,Generic_scanning,Reconnaissance,near,2,42,mlp:entropy,with_normal,56325,18375,SAFE_FINAL_01
0.8208006371703496,0.8166500494216232,0.8249512249190759,0.6495972421335268,0.47533403863484974,0.019210884353741495,0.05258414638924807,x_iiotid,E4_network_only,Generic_scanning,Reconnaissance,near,2,42,mlp:entropy,attacks_only,25521,18375,SAFE_FINAL_01
0.7074078665181118,0.7028117197200003,0.7120040133162233,0.36874894107161355,0.7292321349312029,0.009850340136054422,0.04992454505104305,x_iiotid,E4_network_only,Generic_scanning,Reconnaissance,near,2,42,mlp:energy,with_normal,56325,18375,SAFE_FINAL_01
0.8472383617919564,0.8433663339583898,0.8511103896255231,0.7257853966176657,0.46702715410838136,0.27956462585034014,0.050664158927941697,x_iiotid,E4_network_only,Generic_scanning,Reconnaissance,near,2,42,mlp:energy,attacks_only,25521,18375,SAFE_FINAL_01
0.6427854061251664,0.6379994785642228,0.6475713336861101,0.28923222946046107,0.4533155792276964,0.03531972789115646,0.05056369285397248,x_iiotid,E4_network_only,Generic_scanning,Reconnaissance,near,2,42,mlp:mahalanobis,with_normal,56325,18375,SAFE_FINAL_01
0.730419661865765,0.7255543854301306,0.7352849383013994,0.5299179352542517,0.3733004192625681,0.0364625850340136,0.04956702323576662,x_iiotid,E4_network_only,Generic_scanning,Reconnaissance,near,2,42,mlp:mahalanobis,attacks_only,25521,18375,SAFE_FINAL_01
0.7393925255215268,0.7349380951912333,0.7438469558518203,0.37214936308702595,0.5989702618730581,0.013333333333333334,0.04985352862849534,x_iiotid,E4_network_only,Generic_scanning,Reconnaissance,near,2,42,edl:vacuity,with_normal,56325,18375,SAFE_FINAL_01
0.7878472102606177,0.7833971741628023,0.792297246358433,0.5906989654748994,0.4986089886759923,0.012952380952380953,0.05270169664198111,x_iiotid,E4_network_only,Generic_scanning,Reconnaissance,near,2,42,edl:vacuity,attacks_only,25521,18375,SAFE_FINAL_01
0.6429476390360849,0.6381620372803497,0.64773324079182,0.3057763209836427,0.4536173990235242,0.03602721088435374,0.05058144695960941,x_iiotid,E4_network_only,Generic_scanning,Reconnaissance,near,2,42,fusion_rank,with_normal,56325,18375,SAFE_FINAL_01
0.7299990494689313,0.7251311808536829,0.7348669180841798,0.5395879341031727,0.3736138866031895,0.036897959183673466,0.04944947298303358,x_iiotid,E4_network_only,Generic_scanning,Reconnaissance,near,2,42,fusion_rank,attacks_only,25521,18375,SAFE_FINAL_01
0.6397806916250743,0.6349888612684131,0.6445725219817355,0.30293822131074827,0.4674300932090546,0.06993197278911564,0.050865512649800264,x_iiotid,E4_network_only,Generic_scanning,Reconnaissance,near,2,42,fusion_z,with_normal,56325,18375,SAFE_FINAL_01
0.7269115635596348,0.722024855601756,0.7317982715175136,0.5394207162490151,0.3830570902394107,0.06993197278911564,0.05254496297167039,x_iiotid,E4_network_only,Generic_scanning,Reconnaissance,near,2,42,fusion_z,attacks_only,25521,18375,SAFE_FINAL_01
0.5051621475221246,0.5003471719750007,0.5099771230692486,0.26565293618439184,1.0,0.05425850340136054,0.0431069684864625,x_iiotid,E4_network_only,Generic_scanning,Reconnaissance,near,2,7,rf:maxprob,with_normal,56325,18375,SAFE_FINAL_01
0.5063415050750523,0.5008640811017993,0.5118189290483053,0.43780292538192705,1.0,0.05425850340136054,0.040946671368676774,x_iiotid,E4_network_only,Generic_scanning,Reconnaissance,near,2,7,rf:maxprob,attacks_only,25521,18375,SAFE_FINAL_01
0.6036798980648629,0.5988362621243728,0.608523534005353,0.27696376839211195,0.744110075454949,0.01638095238095238,0.05169995561473591,x_iiotid,E4_network_only,Generic_scanning,Reconnaissance,near,2,7,mlp:maxprob,with_normal,56325,18375,SAFE_FINAL_01
0.7843719258010012,0.7798930920733093,0.7888507595286932,0.6238067671432368,0.5377924062536734,0.018068027210884352,0.05407311625719995,x_iiotid,E4_network_only,Generic_scanning,Reconnaissance,near,2,7,mlp:maxprob,attacks_only,25521,18375,SAFE_FINAL_01
0.5960239291526642,0.5911737441244487,0.6008741141808798,0.27824682633254866,0.7442876165113183,0.02291156462585034,0.05233910341766534,x_iiotid,E4_network_only,Generic_scanning,Reconnaissance,near,2,7,mlp:entropy,with_normal,56325,18375,SAFE_FINAL_01
0.7737194653889141,0.7691554555780604,0.7782834751997678,0.6095465203121753,0.5377924062536734,0.023020408163265307,0.05297598056502488,x_iiotid,E4_network_only,Generic_scanning,Reconnaissance,near,2,7,mlp:entropy,attacks_only,25521,18375,SAFE_FINAL_01
0.5544104563227865,0.5495509244195032,0.5592699882260699,0.25181912442614707,0.8374256546826454,0.024707482993197277,0.049747003994673765,x_iiotid,E4_network_only,Generic_scanning,Reconnaissance,near,2,7,mlp:energy,with_normal,56325,18375,SAFE_FINAL_01
0.7423864641816916,0.7375975517027168,0.7471753766606665,0.5705210904875213,0.7189373457152933,0.027210884353741496,0.04862662121390228,x_iiotid,E4_network_only,Generic_scanning,Reconnaissance,near,2,7,mlp:energy,attacks_only,25521,18375,SAFE_FINAL_01
0.6576976466147932,0.6529447356080261,0.6624505576215604,0.29639099826139126,0.438011540168664,0.031782312925170066,0.04893031513537505,x_iiotid,E4_network_only,Generic_scanning,Reconnaissance,near,2,7,mlp:mahalanobis,with_normal,56325,18375,SAFE_FINAL_01
0.7492617124432941,0.744518998113786,0.7540044267728022,0.5466623543618466,0.3526507581991301,0.03542857142857143,0.04843070412601387,x_iiotid,E4_network_only,Generic_scanning,Reconnaissance,near,2,7,mlp:mahalanobis,attacks_only,25521,18375,SAFE_FINAL_01
0.8404601545331849,0.8367104852695615,0.8442098237968083,0.46520175881873943,0.2723479804704838,0.02546938775510204,0.0493919218819352,x_iiotid,E4_network_only,Generic_scanning,Reconnaissance,near,2,7,edl:vacuity,with_normal,56325,18375,SAFE_FINAL_01
0.7592586657326619,0.7545862384953991,0.7639310929699247,0.5543708888118113,0.4071157086321069,0.01594557823129252,0.05062497551036401,x_iiotid,E4_network_only,Generic_scanning,Reconnaissance,near,2,7,edl:vacuity,attacks_only,25521,18375,SAFE_FINAL_01
0.657332069530875,0.652578274296637,0.662085864765113,0.3119920384649756,0.43822458943630715,0.034340136054421766,0.04878828229027963,x_iiotid,E4_network_only,Generic_scanning,Reconnaissance,near,2,7,fusion_rank,with_normal,56325,18375,SAFE_FINAL_01
0.7480018232284097,0.7432505139940134,0.752753132462806,0.5558939129389873,0.35300340895732923,0.03662585034013605,0.04901845538967909,x_iiotid,E4_network_only,Generic_scanning,Reconnaissance,near,2,7,fusion_rank,attacks_only,25521,18375,SAFE_FINAL_01
0.6521885326594019,0.6474226975370541,0.6569543677817498,0.3092827889033871,0.45203728362183754,0.06742857142857143,0.05081225033288948,x_iiotid,E4_network_only,Generic_scanning,Reconnaissance,near,2,7,fusion_z,with_normal,56325,18375,SAFE_FINAL_01
0.741896603224182,0.7371044645775323,0.7466887418708318,0.5526576450444428,0.3628384467693272,0.06742857142857143,0.047372751851416484,x_iiotid,E4_network_only,Generic_scanning,Reconnaissance,near,2,7,fusion_z,attacks_only,25521,18375,SAFE_FINAL_01
0.5107597257171842,0.5059367110011702,0.5155827404331982,0.26608427699596915,1.0,0.05959183673469388,0.04248557478917,x_iiotid,E4_network_only,Generic_scanning,Reconnaissance,near,2,13,rf:maxprob,with_normal,56325,18375,SAFE_FINAL_01
0.5121808344042135,0.5067013932521088,0.5176602755563181,0.439106221432262,1.0,0.05959183673469388,0.04035892010501156,x_iiotid,E4_network_only,Generic_scanning,Reconnaissance,near,2,13,rf:maxprob,attacks_only,25521,18375,SAFE_FINAL_01
0.6423806878810112,0.6375939507161831,0.6471674250458394,0.2895193495734761,0.6979494007989347,0.01561904761904762,0.04955170883266755,x_iiotid,E4_network_only,Generic_scanning,Reconnaissance,near,2,13,mlp:maxprob,with_normal,56325,18375,SAFE_FINAL_01
0.7777607865684577,0.7732285484553829,0.7822930246815325,0.5709188165977948,0.4918302574350535,0.016598639455782313,0.04819560362054778,x_iiotid,E4_network_only,Generic_scanning,Reconnaissance,near,2,13,mlp:maxprob,attacks_only,25521,18375,SAFE_FINAL_01
0.6536780253086587,0.648915599949021,0.6584404506682964,0.30346580298139947,0.6940790057700843,0.021387755102040815,0.04921438082556591,x_iiotid,E4_network_only,Generic_scanning,Reconnaissance,near,2,13,mlp:entropy,with_normal,56325,18375,SAFE_FINAL_01
0.7877341285168118,0.7832831474156776,0.792185109617946,0.5936050729033462,0.4847380588534932,0.022857142857142857,0.04866580463147996,x_iiotid,E4_network_only,Generic_scanning,Reconnaissance,near,2,13,mlp:entropy,attacks_only,25521,18375,SAFE_FINAL_01
0.6481434169406778,0.6433686359518898,0.6529181979294658,0.2988435788131019,0.6977541056369285,0.023238095238095238,0.050386151797603196,x_iiotid,E4_network_only,Generic_scanning,Reconnaissance,near,2,13,mlp:energy,with_normal,56325,18375,SAFE_FINAL_01
0.8055124362036652,0.8012167993704211,0.8098080730369093,0.6312158235428214,0.4397163120567376,0.0268843537414966,0.04831315387328083,x_iiotid,E4_network_only,Generic_scanning,Reconnaissance,near,2,13,mlp:energy,attacks_only,25521,18375,SAFE_FINAL_01
0.6652688455906108,0.6605351040928661,0.6700025870883556,0.30212864819797997,0.43151353750554816,0.03221768707482993,0.05297825122059476,x_iiotid,E4_network_only,Generic_scanning,Reconnaissance,near,2,13,mlp:mahalanobis,with_normal,56325,18375,SAFE_FINAL_01
0.753379811796981,0.7486655994757213,0.7580940241182407,0.5517946960864637,0.3498295521335371,0.03602721088435374,0.052662513224403434,x_iiotid,E4_network_only,Generic_scanning,Reconnaissance,near,2,13,mlp:mahalanobis,attacks_only,25521,18375,SAFE_FINAL_01
0.7233875278011781,0.7188579567445095,0.7279170988578467,0.35619590783387867,0.5757478916999557,0.018938775510204082,0.05134487350199734,x_iiotid,E4_network_only,Generic_scanning,Reconnaissance,near,2,13,edl:vacuity,with_normal,56325,18375,SAFE_FINAL_01
0.7841589716565283,0.7796783896727418,0.7886395536403147,0.5848645216031766,0.40864386191763646,0.01801360544217687,0.047607852356882564,x_iiotid,E4_network_only,Generic_scanning,Reconnaissance,near,2,13,edl:vacuity,attacks_only,25521,18375,SAFE_FINAL_01
0.6653484525847623,0.6606149213728909,0.6700819837966336,0.315922504370068,0.43167332445628054,0.03586394557823129,0.05312028406569019,x_iiotid,E4_network_only,Generic_scanning,Reconnaissance,near,2,13,fusion_rank,with_normal,56325,18375,SAFE_FINAL_01
0.7529055325119742,0.7481880055936571,0.7576230594302914,0.5589593142088445,0.34990791896869244,0.03700680272108844,0.04917518905998981,x_iiotid,E4_network_only,Generic_scanning,Reconnaissance,near,2,13,fusion_rank,attacks_only,25521,18375,SAFE_FINAL_01
0.6645320922368059,0.6597964132254459,0.6692677712481658,0.3171645699370613,0.44459831335996447,0.07896598639455782,0.05178872614292055,x_iiotid,E4_network_only,Generic_scanning,Reconnaissance,near,2,13,fusion_z,with_normal,56325,18375,SAFE_FINAL_01
0.749592394898479,0.7448519461345584,0.7543328436623995,0.5606079454345634,0.35907683868186985,0.07896598639455782,0.049527839818188944,x_iiotid,E4_network_only,Generic_scanning,Reconnaissance,near,2,13,fusion_z,attacks_only,25521,18375,SAFE_FINAL_01
0.9932432503627151,0.9920196588282724,0.9944668418971578,0.9492020800398889,0.028671436660318114,0.9996510816468946,0.05428870472366638,x_iiotid,E4_network_only,MQTT_cloud_broker_subscription,MQTT_cloud_broker_subscription,far,0,42,rf:maxprob,with_normal,58281,8598,SAFE_FINAL_01
0.9900198413318225,0.9885332400004071,0.991506442663238,0.9629476436297989,0.04370928412854387,0.9969760409397534,0.05455471849182953,x_iiotid,E4_network_only,MQTT_cloud_broker_subscription,MQTT_cloud_broker_subscription,far,0,42,rf:maxprob,attacks_only,27477,8598,SAFE_FINAL_01
0.9064868280852136,0.9021872265031796,0.9107864296672477,0.5068318919067004,0.22889106226729122,0.2894859269597581,0.05248708841646506,x_iiotid,E4_network_only,MQTT_cloud_broker_subscription,MQTT_cloud_broker_subscription,far,0,42,mlp:maxprob,with_normal,58281,8598,SAFE_FINAL_01
0.9035766876198844,0.8991551564279504,0.9079982188118184,0.6424286751323818,0.18884885540633986,0.12595952547103978,0.0470211449576009,x_iiotid,E4_network_only,MQTT_cloud_broker_subscription,MQTT_cloud_broker_subscription,far,0,42,mlp:maxprob,attacks_only,27477,8598,SAFE_FINAL_01
0.9492797354367791,0.9460194085320058,0.9525400623415524,0.6834485076118089,0.21248777474648683,0.8643870667597116,0.052006657401211374,x_iiotid,E4_network_only,MQTT_cloud_broker_subscription,MQTT_cloud_broker_subscription,far,0,42,mlp:entropy,with_normal,58281,8598,SAFE_FINAL_01
0.9325174271026212,0.9287592280819597,0.9362756261232827,0.7376468395799877,0.16937802525748807,0.19167248197255177,0.04844051388433963,x_iiotid,E4_network_only,MQTT_cloud_broker_subscription,MQTT_cloud_broker_subscription,far,0,42,mlp:entropy,attacks_only,27477,8598,SAFE_FINAL_01
0.8853739759644559,0.880685467932787,0.8900624839961248,0.6815746440259232,0.38595768775415656,0.5931612002791347,0.04991335083474889,x_iiotid,E4_network_only,MQTT_cloud_broker_subscription,MQTT_cloud_broker_subscription,far,0,42,mlp:energy,with_normal,58281,8598,SAFE_FINAL_01
0.9478618472445601,0.9445320327740638,0.9511916617150564,0.8735680037507277,0.18644684645339737,0.7459874389392882,0.050514976161880845,x_iiotid,E4_network_only,MQTT_cloud_broker_subscription,MQTT_cloud_broker_subscription,far,0,42,mlp:energy,attacks_only,27477,8598,SAFE_FINAL_01
0.9694612655367629,0.9668981792837243,0.9720243517898015,0.7226275864441181,0.06104905543830751,0.7602930914166085,0.05094284586743535,x_iiotid,E4_network_only,MQTT_cloud_broker_subscription,MQTT_cloud_broker_subscription,far,0,42,mlp:mahalanobis,with_normal,58281,8598,SAFE_FINAL_01
0.9810941161193473,0.9790563576240562,0.9831318746146384,0.888739915934454,0.035775375768824835,1.0,0.04942315391054336,x_iiotid,E4_network_only,MQTT_cloud_broker_subscription,MQTT_cloud_broker_subscription,far,0,42,mlp:mahalanobis,attacks_only,27477,8598,SAFE_FINAL_01
0.9827557676217937,0.9808135995823309,0.9846979356612565,0.8994072657022023,0.08965185909644653,0.8950918818329844,0.05168065064086066,x_iiotid,E4_network_only,MQTT_cloud_broker_subscription,MQTT_cloud_broker_subscription,far,0,42,edl:vacuity,with_normal,58281,8598,SAFE_FINAL_01
0.9775866932222355,0.9753715692120415,0.9798018172324294,0.9340463052408452,0.1282527204571096,0.7964642940218656,0.04767623830840339,x_iiotid,E4_network_only,MQTT_cloud_broker_subscription,MQTT_cloud_broker_subscription,far,0,42,edl:vacuity,attacks_only,27477,8598,SAFE_FINAL_01
0.9985189304655371,0.9979442244208023,0.9990936365102718,0.9824607865660402,0.004341037387827937,1.0,0.05152622638595769,x_iiotid,E4_network_only,MQTT_cloud_broker_subscription,MQTT_cloud_broker_subscription,far,0,42,fusion_rank,with_normal,58281,8598,SAFE_FINAL_01
0.9981537647215578,0.9975120496002918,0.9987954798428238,0.9886932149684642,0.004985988281107836,1.0,0.048367725734250466,x_iiotid,E4_network_only,MQTT_cloud_broker_subscription,MQTT_cloud_broker_subscription,far,0,42,fusion_rank,attacks_only,27477,8598,SAFE_FINAL_01
0.9943947819058038,0.9932795417052015,0.995510022106406,0.9257079170201986,0.010672431838849711,1.0,0.05140611863214427,x_iiotid,E4_network_only,MQTT_cloud_broker_subscription,MQTT_cloud_broker_subscription,far,0,42,fusion_z,with_normal,58281,8598,SAFE_FINAL_01
0.9949008082828614,0.9938358683508179,0.9959657482149049,0.9630284978592254,0.00917130691123485,1.0,0.05153401026312916,x_iiotid,E4_network_only,MQTT_cloud_broker_subscription,MQTT_cloud_broker_subscription,far,0,42,fusion_z,attacks_only,27477,8598,SAFE_FINAL_01
0.995340039267768,0.9943225897519635,0.9963574887835726,0.9664091548541012,0.018307853331274344,0.9991858571760874,0.04974176832930115,x_iiotid,E4_network_only,MQTT_cloud_broker_subscription,MQTT_cloud_broker_subscription,far,0,7,rf:maxprob,with_normal,58281,8598,SAFE_FINAL_01
0.9929949659603651,0.991747838475245,0.9942420934454852,0.9753842066200547,0.02747752665865997,0.9960455919981391,0.0489136368599192,x_iiotid,E4_network_only,MQTT_cloud_broker_subscription,MQTT_cloud_broker_subscription,far,0,7,rf:maxprob,attacks_only,27477,8598,SAFE_FINAL_01
0.9354315355290395,0.9317867038447173,0.9390763672133616,0.589752642918868,0.1420703145107325,0.5118632240055827,0.047476879257390914,x_iiotid,E4_network_only,MQTT_cloud_broker_subscription,MQTT_cloud_broker_subscription,far,0,7,mlp:maxprob,with_normal,58281,8598,SAFE_FINAL_01
0.93751396365484,0.9338880551875645,0.9411398721221155,0.7784655003969005,0.12424937220220549,0.5118632240055827,0.04538341158059468,x_iiotid,E4_network_only,MQTT_cloud_broker_subscription,MQTT_cloud_broker_subscription,far,0,7,mlp:maxprob,attacks_only,27477,8598,SAFE_FINAL_01
0.9721419109132057,0.969689735889887,0.9745940859365243,0.8121368153578135,0.12860108783308455,0.8718306582926262,0.0495015528216743,x_iiotid,E4_network_only,MQTT_cloud_broker_subscription,MQTT_cloud_broker_subscription,far,0,7,mlp:entropy,with_normal,58281,8598,SAFE_FINAL_01
0.9802545677082729,0.9781728661559133,0.9823362692606326,0.9388243361649075,0.12414018997707173,0.8718306582926262,0.04833133165920588,x_iiotid,E4_network_only,MQTT_cloud_broker_subscription,MQTT_cloud_broker_subscription,far,0,7,mlp:entropy,attacks_only,27477,8598,SAFE_FINAL_01
0.9692912006923455,0.9667212654506632,0.9718611359340279,0.692687768881296,0.08742128652562585,0.7807629681321238,0.04824900053190577,x_iiotid,E4_network_only,MQTT_cloud_broker_subscription,MQTT_cloud_broker_subscription,far,0,7,mlp:energy,with_normal,58281,8598,SAFE_FINAL_01
0.9869292254098911,0.9852303230812017,0.9886281277385806,0.9272692436695051,0.04753066200822506,0.9876715515236102,0.048950030934963785,x_iiotid,E4_network_only,MQTT_cloud_broker_subscription,MQTT_cloud_broker_subscription,far,0,7,mlp:energy,attacks_only,27477,8598,SAFE_FINAL_01
0.9838911666576245,0.9820127028837303,0.9857696304315188,0.7797097981981237,0.04037336353185429,0.9926727145847871,0.05149190988486814,x_iiotid,E4_network_only,MQTT_cloud_broker_subscription,MQTT_cloud_broker_subscription,far,0,7,mlp:mahalanobis,with_normal,58281,8598,SAFE_FINAL_01
0.9887223997523341,0.9871430454068518,0.9903017540978164,0.905122402549439,0.027914255559194964,0.9986043265875785,0.05298977326491247,x_iiotid,E4_network_only,MQTT_cloud_broker_subscription,MQTT_cloud_broker_subscription,far,0,7,mlp:mahalanobis,attacks_only,27477,8598,SAFE_FINAL_01
0.9743375074339946,0.9719806830374691,0.9766943318305201,0.8164638887162907,0.0746212316192241,0.8529890672249361,0.051251694377241294,x_iiotid,E4_network_only,MQTT_cloud_broker_subscription,MQTT_cloud_broker_subscription,far,0,7,edl:vacuity,with_normal,58281,8598,SAFE_FINAL_01
0.9628420049391815,0.9600098946093316,0.9656741152690314,0.8719871869681096,0.1123849037376715,0.6382879739474296,0.053390108090402885,x_iiotid,E4_network_only,MQTT_cloud_broker_subscription,MQTT_cloud_broker_subscription,far,0,7,edl:vacuity,attacks_only,27477,8598,SAFE_FINAL_01
0.9994642906013909,0.9991184543827278,0.9998101268200539,0.9919492907340709,0.001509926047940152,1.0,0.051251694377241294,x_iiotid,E4_network_only,MQTT_cloud_broker_subscription,MQTT_cloud_broker_subscription,far,0,7,fusion_rank,with_normal,58281,8598,SAFE_FINAL_01
0.99934012140823,0.9989562755349652,0.9997239672814948,0.9952393617304648,0.00185609782727372,1.0,0.05193434508861957,x_iiotid,E4_network_only,MQTT_cloud_broker_subscription,MQTT_cloud_broker_subscription,far,0,7,fusion_rank,attacks_only,27477,8598,SAFE_FINAL_01
0.9965888268402007,0.9957176572380723,0.9974599964423291,0.9307297830429017,0.006846141967365008,1.0,0.049038280056965394,x_iiotid,E4_network_only,MQTT_cloud_broker_subscription,MQTT_cloud_broker_subscription,far,0,7,fusion_z,with_normal,58281,8598,SAFE_FINAL_01
0.9963758942612183,0.9954775169869018,0.9972742715355348,0.9605359313492192,0.006478145357935728,1.0,0.04785820868362631,x_iiotid,E4_network_only,MQTT_cloud_broker_subscription,MQTT_cloud_broker_subscription,far,0,7,fusion_z,attacks_only,27477,8598,SAFE_FINAL_01
0.9901233254346712,0.9886467877943524,0.9915998630749899,0.9195773821349169,0.030593160721332852,0.9984880204698767,0.04974176832930115,x_iiotid,E4_network_only,MQTT_cloud_broker_subscription,MQTT_cloud_broker_subscription,far,0,13,rf:maxprob,with_normal,58281,8598,SAFE_FINAL_01
0.9857810088503635,0.9840099834538065,0.9875520342469204,0.9429935291628141,0.046366051606798415,0.9719702256338684,0.04865887833460713,x_iiotid,E4_network_only,MQTT_cloud_broker_subscription,MQTT_cloud_broker_subscription,far,0,13,rf:maxprob,attacks_only,27477,8598,SAFE_FINAL_01
0.9455080843558028,0.9421371099675819,0.9488790587440237,0.7458550812669127,0.13005953912939036,0.5060479181204931,0.052058132152845694,x_iiotid,E4_network_only,MQTT_cloud_broker_subscription,MQTT_cloud_broker_subscription,far,0,13,mlp:maxprob,with_normal,58281,8598,SAFE_FINAL_01
0.9399619879590047,0.9364032801952646,0.9435206957227447,0.8267440631503832,0.12468610110274048,0.5058153058850896,0.05324453179022455,x_iiotid,E4_network_only,MQTT_cloud_broker_subscription,MQTT_cloud_broker_subscription,far,0,13,mlp:maxprob,attacks_only,27477,8598,SAFE_FINAL_01
0.9634994629555387,0.9607079894411878,0.9662909364698895,0.8115307524509775,0.11753401623170502,0.7923935799023029,0.05217823990665912,x_iiotid,E4_network_only,MQTT_cloud_broker_subscription,MQTT_cloud_broker_subscription,far,0,13,mlp:entropy,with_normal,58281,8598,SAFE_FINAL_01
0.9529928530891741,0.9498229243540441,0.9561627818243041,0.8597491926650207,0.1286530552826,0.5226796929518492,0.0541907777413837,x_iiotid,E4_network_only,MQTT_cloud_broker_subscription,MQTT_cloud_broker_subscription,far,0,13,mlp:entropy,attacks_only,27477,8598,SAFE_FINAL_01
0.9824619151196312,0.9805036265799834,0.9844202036592791,0.9064753676123518,0.06659117036426966,0.9182367992556408,0.04761414526174911,x_iiotid,E4_network_only,MQTT_cloud_broker_subscription,MQTT_cloud_broker_subscription,far,0,13,mlp:energy,with_normal,58281,8598,SAFE_FINAL_01
0.9918667623325438,0.9905236319802777,0.9932098926848099,0.9785607031005962,0.026312916257233324,0.9689462665736218,0.04884084870983004,x_iiotid,E4_network_only,MQTT_cloud_broker_subscription,MQTT_cloud_broker_subscription,far,0,13,mlp:energy,attacks_only,27477,8598,SAFE_FINAL_01
0.9823326634830549,0.9803673299751344,0.9842979969909754,0.7613785771505914,0.031674130505653646,1.0,0.0503079905972787,x_iiotid,E4_network_only,MQTT_cloud_broker_subscription,MQTT_cloud_broker_subscription,far,0,13,mlp:mahalanobis,with_normal,58281,8598,SAFE_FINAL_01
0.9867131234198598,0.985000403020372,0.9884258438193477,0.8918268950883368,0.021800050951705063,1.0,0.04884084870983004,x_iiotid,E4_network_only,MQTT_cloud_broker_subscription,MQTT_cloud_broker_subscription,far,0,13,mlp:mahalanobis,attacks_only,27477,8598,SAFE_FINAL_01
0.9704868102604295,0.967965486832011,0.973008133688848,0.7934602485531104,0.09277466069559548,0.7173761339846476,0.052092448653935246,x_iiotid,E4_network_only,MQTT_cloud_broker_subscription,MQTT_cloud_broker_subscription,far,0,13,edl:vacuity,with_normal,58281,8598,SAFE_FINAL_01
0.9588885450965215,0.955915354192981,0.9618617360000621,0.8709813778639651,0.14772355060596135,0.6824842986741103,0.05342650216544746,x_iiotid,E4_network_only,MQTT_cloud_broker_subscription,MQTT_cloud_broker_subscription,far,0,13,edl:vacuity,attacks_only,27477,8598,SAFE_FINAL_01
0.9990828577825811,0.9986304560585305,0.9995352595066317,0.9791734418743842,0.0021276230675520325,1.0,0.05077126336198761,x_iiotid,E4_network_only,MQTT_cloud_broker_subscription,MQTT_cloud_broker_subscription,far,0,13,fusion_rank,with_normal,58281,8598,SAFE_FINAL_01
0.9986344412243434,0.9980824328549377,0.9991864495937491,0.9839379326377791,0.0028751319285220366,1.0,0.048695272409651706,x_iiotid,E4_network_only,MQTT_cloud_broker_subscription,MQTT_cloud_broker_subscription,far,0,13,fusion_rank,attacks_only,27477,8598,SAFE_FINAL_01
0.9956722733275865,0.9946915663249898,0.9966529803301831,0.919257776074365,0.007206465228805271,1.0,0.051560542887047235,x_iiotid,E4_network_only,MQTT_cloud_broker_subscription,MQTT_cloud_broker_subscription,far,0,13,fusion_z,with_normal,58281,8598,SAFE_FINAL_01
0.9957380836515656,0.9947641302046314,0.9967120370984998,0.9545473527815287,0.006441751282891145,1.0,0.050514976161880845,x_iiotid,E4_network_only,MQTT_cloud_broker_subscription,MQTT_cloud_broker_subscription,far,0,13,fusion_z,attacks_only,27477,8598,SAFE_FINAL_01
0.9885891733141254,0.9854413376565687,0.9917370089716822,0.6189689335521189,0.021505917904809872,1.0,0.05237975321077814,x_iiotid,E4_network_only,Modbus_register_reading,Modbus_register_reading,far,0,42,rf:maxprob,with_normal,59565,2176,SAFE_FINAL_01
0.9841668954793767,0.9804685083028716,0.9878652826558819,0.702104759239716,0.02986683355933382,0.9857536764705882,0.05104134070442613,x_iiotid,E4_network_only,Modbus_register_reading,Modbus_register_reading,far,0,42,rf:maxprob,attacks_only,28761,2176,SAFE_FINAL_01
0.9470681666962932,0.9404946536608497,0.9536416797317367,0.25713013709431504,0.10214051876101737,0.5160845588235294,0.049962226139511456,x_iiotid,E4_network_only,Modbus_register_reading,Modbus_register_reading,far,0,42,mlp:maxprob,with_normal,59565,2176,SAFE_FINAL_01
0.9276370856572522,0.9200452165215582,0.9352289547929462,0.3406313961777798,0.11286116616251174,0.09145220588235294,0.04641702305204965,x_iiotid,E4_network_only,Modbus_register_reading,Modbus_register_reading,far,0,42,mlp:maxprob,attacks_only,28761,2176,SAFE_FINAL_01
0.9579896344082834,0.9520846786107621,0.9638945902058048,0.28900342868395906,0.07527910685805422,0.8400735294117647,0.04974397716779988,x_iiotid,E4_network_only,Modbus_register_reading,Modbus_register_reading,far,0,42,mlp:entropy,with_normal,59565,2176,SAFE_FINAL_01
0.934405955227872,0.9271413630016343,0.9416705474541096,0.3511871368224266,0.08810542053475193,0.0546875,0.04763394875004346,x_iiotid,E4_network_only,Modbus_register_reading,Modbus_register_reading,far,0,42,mlp:entropy,attacks_only,28761,2176,SAFE_FINAL_01
0.9796126119328366,0.9754324288228469,0.9837927950428262,0.44967339602147616,0.031612524133299756,0.9921875,0.04977755393267859,x_iiotid,E4_network_only,Modbus_register_reading,Modbus_register_reading,far,0,42,mlp:energy,with_normal,59565,2176,SAFE_FINAL_01
0.9889630223960345,0.9858649878492873,0.9920610569427817,0.8063649063637569,0.02103542992246445,0.9972426470588235,0.05041549320260075,x_iiotid,E4_network_only,Modbus_register_reading,Modbus_register_reading,far,0,42,mlp:energy,attacks_only,28761,2176,SAFE_FINAL_01
0.9901099685341274,0.9871761715451505,0.9930437655231042,0.8223003025966695,0.05226223453370268,0.9223345588235294,0.050297993788298495,x_iiotid,E4_network_only,Modbus_register_reading,Modbus_register_reading,far,0,42,mlp:mahalanobis,with_normal,59565,2176,SAFE_FINAL_01
0.9944381893781816,0.9922307341692898,0.9966456445870735,0.930713171210117,0.030179757310246514,1.0,0.049129028893293,x_iiotid,E4_network_only,Modbus_register_reading,Modbus_register_reading,far,0,42,mlp:mahalanobis,attacks_only,28761,2176,SAFE_FINAL_01
0.8590456900148626,0.8490583274680051,0.8690330525617201,0.10571731633126515,0.16781667086376229,0.15900735294117646,0.05002937966926887,x_iiotid,E4_network_only,Modbus_register_reading,Modbus_register_reading,far,0,42,edl:vacuity,with_normal,59565,2176,SAFE_FINAL_01
0.8478390205435465,0.8375055969564629,0.8581724441306302,0.18077635288081234,0.17231667883592364,0.0013786764705882354,0.045791175550224265,x_iiotid,E4_network_only,Modbus_register_reading,Modbus_register_reading,far,0,42,edl:vacuity,attacks_only,28761,2176,SAFE_FINAL_01
0.9991876961216367,0.9983413993075954,1.0,0.9591149586234473,0.003290522958112986,1.0,0.05093595232099387,x_iiotid,E4_network_only,Modbus_register_reading,Modbus_register_reading,far,0,42,fusion_rank,with_normal,59565,2176,SAFE_FINAL_01
0.9989282872844558,0.9979563365432043,0.9999002380257074,0.9716063208658071,0.0037898543166092974,1.0,0.04885087444803727,x_iiotid,E4_network_only,Modbus_register_reading,Modbus_register_reading,far,0,42,fusion_rank,attacks_only,28761,2176,SAFE_FINAL_01
0.9981220080263281,0.9968361899550089,0.9994078260976473,0.9360411608669281,0.009367917401158398,1.0,0.05311844203810963,x_iiotid,E4_network_only,Modbus_register_reading,Modbus_register_reading,far,0,42,fusion_z,with_normal,59565,2176,SAFE_FINAL_01
0.9984765739246569,0.9973181081256526,0.9996350397236613,0.9728659530563,0.00761447793887556,1.0,0.05253642084767567,x_iiotid,E4_network_only,Modbus_register_reading,Modbus_register_reading,far,0,42,fusion_z,attacks_only,28761,2176,SAFE_FINAL_01
0.9915977000533278,0.9888906471248204,0.9943047529818352,0.7355385804791328,0.011735079325107025,0.9995404411764706,0.04801477377654663,x_iiotid,E4_network_only,Modbus_register_reading,Modbus_register_reading,far,0,7,rf:maxprob,with_normal,59565,2176,SAFE_FINAL_01
0.9873356958565214,0.9840208211617478,0.9906505705512949,0.786629058506775,0.017454191439796946,0.9995404411764706,0.049824415006432324,x_iiotid,E4_network_only,Modbus_register_reading,Modbus_register_reading,far,0,7,rf:maxprob,attacks_only,28761,2176,SAFE_FINAL_01
0.6753814997889108,0.662752226258803,0.6880107733190186,0.054910749095519455,0.3920087299588685,0.08639705882352941,0.04898849995802904,x_iiotid,E4_network_only,Modbus_register_reading,Modbus_register_reading,far,0,7,mlp:maxprob,with_normal,59565,2176,SAFE_FINAL_01
0.7402320860739726,0.7279968696289042,0.752467302519041,0.1340220497139526,0.31348005980320576,0.10707720588235294,0.05062410903654254,x_iiotid,E4_network_only,Modbus_register_reading,Modbus_register_reading,far,0,7,mlp:maxprob,attacks_only,28761,2176,SAFE_FINAL_01
0.7143235030256122,0.7019524954805157,0.7266945105707087,0.11742159914981534,0.3555779400654747,0.16865808823529413,0.050784856879039705,x_iiotid,E4_network_only,Modbus_register_reading,Modbus_register_reading,far,0,7,mlp:entropy,with_normal,59565,2176,SAFE_FINAL_01
0.7820490389099208,0.7703813588214407,0.793716718998401,0.23901269666807257,0.27189597023747436,0.16865808823529413,0.05159764959493759,x_iiotid,E4_network_only,Modbus_register_reading,Modbus_register_reading,far,0,7,mlp:entropy,attacks_only,28761,2176,SAFE_FINAL_01
0.9429005664844632,0.9360949462040106,0.9497061867649158,0.23055090200031653,0.07680684966003526,0.2532169117647059,0.05036514731805591,x_iiotid,E4_network_only,Modbus_register_reading,Modbus_register_reading,far,0,7,mlp:energy,with_normal,59565,2176,SAFE_FINAL_01
0.9674476210636545,0.9622061654761437,0.9726890766511652,0.5332371340611796,0.04756441013872953,0.9609375,0.05222349709676298,x_iiotid,E4_network_only,Modbus_register_reading,Modbus_register_reading,far,0,7,mlp:energy,attacks_only,28761,2176,SAFE_FINAL_01
0.9925731621658989,0.9900263027643489,0.9951200215674488,0.760002062993858,0.03146142869134559,1.0,0.048652732309242004,x_iiotid,E4_network_only,Modbus_register_reading,Modbus_register_reading,far,0,7,mlp:mahalanobis,with_normal,59565,2176,SAFE_FINAL_01
0.9953309104751736,0.9933071306137531,0.9973546903365942,0.8953331108064868,0.01874065574910469,1.0,0.05246688223636174,x_iiotid,E4_network_only,Modbus_register_reading,Modbus_register_reading,far,0,7,mlp:mahalanobis,attacks_only,28761,2176,SAFE_FINAL_01
0.8259455809520988,0.8151669326020311,0.8367242293021665,0.08994144281424023,0.21374968521782925,0.1479779411764706,0.0516242760010073,x_iiotid,E4_network_only,Modbus_register_reading,Modbus_register_reading,far,0,7,edl:vacuity,with_normal,59565,2176,SAFE_FINAL_01
0.7975056490534568,0.7860982707304147,0.8089130273764988,0.14496448041590804,0.24394144848927368,0.001838235294117647,0.052710267375960504,x_iiotid,E4_network_only,Modbus_register_reading,Modbus_register_reading,far,0,7,edl:vacuity,attacks_only,28761,2176,SAFE_FINAL_01
0.9994774885999477,0.9987985958052386,1.0,0.960963270244749,0.001158398388315286,1.0,0.05096952908587258,x_iiotid,E4_network_only,Modbus_register_reading,Modbus_register_reading,far,0,7,fusion_rank,with_normal,59565,2176,SAFE_FINAL_01
0.9991583622992328,0.9982969022755708,1.0,0.9684603816518964,0.0017036959771913355,1.0,0.05371857724001252,x_iiotid,E4_network_only,Modbus_register_reading,Modbus_register_reading,far,0,7,fusion_rank,attacks_only,28761,2176,SAFE_FINAL_01
0.9982679111055149,0.9970329221832559,0.999502900027774,0.9003807732938697,0.005691261646940318,1.0,0.04940820951901284,x_iiotid,E4_network_only,Modbus_register_reading,Modbus_register_reading,far,0,7,fusion_z,with_normal,59565,2176,SAFE_FINAL_01
0.9980735312013613,0.9967711588029711,0.9993759035997516,0.938254422412415,0.005736935433399395,1.0,0.048433642780153684,x_iiotid,E4_network_only,Modbus_register_reading,Modbus_register_reading,far,0,7,fusion_z,attacks_only,28761,2176,SAFE_FINAL_01
0.9927380447583215,0.9902193162469244,0.9952567732697186,0.7628491714832206,0.013497859481238982,1.0,0.04932426760681608,x_iiotid,E4_network_only,Modbus_register_reading,Modbus_register_reading,far,0,13,rf:maxprob,with_normal,59565,2176,SAFE_FINAL_01
0.9893521717777545,0.9863084325503053,0.9923959110052036,0.8167015950156357,0.01943604186224401,0.9990808823529411,0.04780779527832829,x_iiotid,E4_network_only,Modbus_register_reading,Modbus_register_reading,far,0,13,rf:maxprob,attacks_only,28761,2176,SAFE_FINAL_01
0.6406649881370328,0.6279121934989528,0.6534177827751128,0.046412900531358776,0.38215394946696885,0.0,0.05212792747418786,x_iiotid,E4_network_only,Modbus_register_reading,Modbus_register_reading,far,0,13,mlp:maxprob,with_normal,59565,2176,SAFE_FINAL_01
0.7287072676285493,0.7163476192036504,0.7410669160534482,0.11614672084346914,0.28090122040262855,0.0,0.05218872779110601,x_iiotid,E4_network_only,Modbus_register_reading,Modbus_register_reading,far,0,13,mlp:maxprob,attacks_only,28761,2176,SAFE_FINAL_01
0.6555058333456778,0.6427940791231779,0.6682175875681777,0.047798130573833454,0.3718290942667674,0.00045955882352941176,0.05133887349953832,x_iiotid,E4_network_only,Modbus_register_reading,Modbus_register_reading,far,0,13,mlp:entropy,with_normal,59565,2176,SAFE_FINAL_01
0.732969487569462,0.7206543411565384,0.7452846339823856,0.11634227245888813,0.28090122040262855,0.00045955882352941176,0.05194534265150725,x_iiotid,E4_network_only,Modbus_register_reading,Modbus_register_reading,far,0,13,mlp:entropy,attacks_only,28761,2176,SAFE_FINAL_01
0.9699633348208335,0.9649254113249729,0.9750012583166942,0.36760626934154916,0.05431041719130362,0.9168198529411765,0.05034835893561655,x_iiotid,E4_network_only,Modbus_register_reading,Modbus_register_reading,far,0,13,mlp:energy,with_normal,59565,2176,SAFE_FINAL_01
0.9823354430759996,0.978433945386716,0.9862369407652832,0.6358522515594269,0.023851743680678696,0.9967830882352942,0.05177149612322242,x_iiotid,E4_network_only,Modbus_register_reading,Modbus_register_reading,far,0,13,mlp:energy,attacks_only,28761,2176,SAFE_FINAL_01
0.9897108046819837,0.986719252179373,0.9927023571845944,0.8140222592617965,0.05269873247712583,0.8800551470588235,0.050533031142449426,x_iiotid,E4_network_only,Modbus_register_reading,Modbus_register_reading,far,0,13,mlp:mahalanobis,with_normal,59565,2176,SAFE_FINAL_01
0.9947936160486934,0.9926573428354597,0.9969298892619272,0.9315333379487204,0.026737596050206876,1.0,0.05104134070442613,x_iiotid,E4_network_only,Modbus_register_reading,Modbus_register_reading,far,0,13,mlp:mahalanobis,attacks_only,28761,2176,SAFE_FINAL_01
0.6317552755331546,0.6189860372409627,0.6445245138253465,0.04363254332846861,0.42197599261311175,0.0,0.05199362041467304,x_iiotid,E4_network_only,Modbus_register_reading,Modbus_register_reading,far,0,13,edl:vacuity,with_normal,59565,2176,SAFE_FINAL_01
0.6707368804672177,0.6579368836227982,0.6835368773116371,0.09469789613508028,0.36792879246201454,0.0,0.052675498070303535,x_iiotid,E4_network_only,Modbus_register_reading,Modbus_register_reading,far,0,13,edl:vacuity,attacks_only,28761,2176,SAFE_FINAL_01
0.9993189903763067,0.9985440276959221,1.0,0.970941598502093,0.0024343154537060352,1.0,0.049139595399983214,x_iiotid,E4_network_only,Modbus_register_reading,Modbus_register_reading,far,0,13,fusion_rank,with_normal,59565,2176,SAFE_FINAL_01
0.9990681953912264,0.9981618191260231,0.9999745716564297,0.9795069352622443,0.0029553909808421124,1.0,0.050241646674315917,x_iiotid,E4_network_only,Modbus_register_reading,Modbus_register_reading,far,0,13,fusion_rank,attacks_only,28761,2176,SAFE_FINAL_01
0.9983152904513606,0.9970972682476746,0.9995333126550465,0.9457880439160642,0.00861244019138756,1.0,0.05028120540585915,x_iiotid,E4_network_only,Modbus_register_reading,Modbus_register_reading,far,0,13,fusion_z,with_normal,59565,2176,SAFE_FINAL_01
0.9985533348365945,0.9974243735104992,0.9996822961626898,0.974338706010756,0.007301554187962867,1.0,0.0509718020931122,x_iiotid,E4_network_only,Modbus_register_reading,Modbus_register_reading,far,0,13,fusion_z,attacks_only,28761,2176,SAFE_FINAL_01
0.9535000045294414,0.9514241253727426,0.9555758836861402,0.8683900350809536,0.12020130850528435,0.69615,0.04996477101157524,x_iiotid,E4_network_only,RDOS,DoS,far,0,42,rf:maxprob,with_normal,49675,20000,SAFE_FINAL_01
0.9084641089502411,0.9054602219227238,0.9114679959777584,0.8993974757018321,0.24471411159980924,0.53205,0.046738381643792064,x_iiotid,E4_network_only,RDOS,DoS,far,0,42,rf:maxprob,attacks_only,18871,20000,SAFE_FINAL_01
0.5337802969300454,0.5290100432740713,0.5385505505860194,0.3026700361969056,0.6328535480624057,0.0018,0.05119275289380976,x_iiotid,E4_network_only,RDOS,DoS,far,0,42,mlp:maxprob,with_normal,49675,20000,SAFE_FINAL_01
0.6126666074929786,0.6071163621374921,0.6182168528484652,0.556253782994978,0.5382332679773197,0.0018,0.05198452652217689,x_iiotid,E4_network_only,RDOS,DoS,far,0,42,mlp:maxprob,attacks_only,18871,20000,SAFE_FINAL_01
0.5300939547055863,0.5253258687218908,0.5348620406892818,0.2915408285006107,0.6394564670357322,0.00185,0.05171615500754907,x_iiotid,E4_network_only,RDOS,DoS,far,0,42,mlp:entropy,with_normal,49675,20000,SAFE_FINAL_01
0.610068595993853,0.6045098311166643,0.6156273608710416,0.5444578078573743,0.5447512055534948,0.0018,0.05187854379736103,x_iiotid,E4_network_only,RDOS,DoS,far,0,42,mlp:entropy,attacks_only,18871,20000,SAFE_FINAL_01
0.09447917513839962,0.09234310941303076,0.09661524086376849,0.19786585758825379,0.9616708605938601,0.0,0.048112732762959236,x_iiotid,E4_network_only,RDOS,DoS,far,0,42,mlp:energy,with_normal,49675,20000,SAFE_FINAL_01
0.1874564503735891,0.18315302475280362,0.19175987599437458,0.3986240896801873,0.914471941073605,5e-05,0.04864607069047745,x_iiotid,E4_network_only,RDOS,DoS,far,0,42,mlp:energy,attacks_only,18871,20000,SAFE_FINAL_01
0.9965852098641168,0.9960132135875918,0.9971572061406418,0.9901831353308208,0.004066431806743835,0.99695,0.049240060392551584,x_iiotid,E4_network_only,RDOS,DoS,far,0,42,mlp:mahalanobis,with_normal,49675,20000,SAFE_FINAL_01
0.9970320624238249,0.9964976749696991,0.9975664498779507,0.9968735116408458,0.003974352180594563,0.99695,0.04981188066345186,x_iiotid,E4_network_only,RDOS,DoS,far,0,42,mlp:mahalanobis,attacks_only,18871,20000,SAFE_FINAL_01
0.7595594126824358,0.7553308413981149,0.7637879839667566,0.5253786231316548,0.5886663311524912,0.11185,0.052239557121288374,x_iiotid,E4_network_only,RDOS,DoS,far,0,42,edl:vacuity,with_normal,49675,20000,SAFE_FINAL_01
0.7028080493879498,0.6976796049071831,0.7079364938687166,0.6822089846383476,0.6062211859466907,0.0894,0.05654178368925865,x_iiotid,E4_network_only,RDOS,DoS,far,0,42,edl:vacuity,attacks_only,18871,20000,SAFE_FINAL_01
0.9964075948666331,0.9958209481865776,0.9969942415466886,0.9899711161772886,0.007126321087065929,0.99695,0.04764972320080523,x_iiotid,E4_network_only,RDOS,DoS,far,0,42,fusion_rank,with_normal,49675,20000,SAFE_FINAL_01
0.9955908815113137,0.9949392695285695,0.9962424934940579,0.9941494915870501,0.00895554024693975,0.99695,0.04949393248900429,x_iiotid,E4_network_only,RDOS,DoS,far,0,42,fusion_rank,attacks_only,18871,20000,SAFE_FINAL_01
0.9977120926019124,0.9972437079422922,0.9981804772615326,0.9943060492982043,0.001731253145445395,0.99735,0.0485556114745848,x_iiotid,E4_network_only,RDOS,DoS,far,0,42,fusion_z,with_normal,49675,20000,SAFE_FINAL_01
0.997072775687563,0.9965420726006233,0.9976034787745027,0.9968988174544696,0.0026495681203963753,0.99725,0.05251444014625616,x_iiotid,E4_network_only,RDOS,DoS,far,0,42,fusion_z,attacks_only,18871,20000,SAFE_FINAL_01
0.9596434977352795,0.9577046640321156,0.9615823314384433,0.8934323463427722,0.10929038751887267,0.64815,0.047971816809260194,x_iiotid,E4_network_only,RDOS,DoS,far,0,7,rf:maxprob,with_normal,49675,20000,SAFE_FINAL_01
0.9179196452228287,0.9150753426383329,0.9207639478073244,0.9149253912706998,0.2276508929044566,0.55535,0.04801017434158232,x_iiotid,E4_network_only,RDOS,DoS,far,0,7,rf:maxprob,attacks_only,18871,20000,SAFE_FINAL_01
0.5598477604428787,0.5550715055726895,0.5646240153130678,0.3616202027972329,0.7009964771011575,0.0,0.05091092098641167,x_iiotid,E4_network_only,RDOS,DoS,far,0,7,mlp:maxprob,with_normal,49675,20000,SAFE_FINAL_01
0.5831133471994064,0.5774777638353544,0.5887489305634585,0.607094861183813,0.6622330560118701,0.0,0.05087170791161041,x_iiotid,E4_network_only,RDOS,DoS,far,0,7,mlp:maxprob,attacks_only,18871,20000,SAFE_FINAL_01
0.5521270221439356,0.5473508327946397,0.5569032114932315,0.35615204279502083,0.7025264217413185,0.0,0.04863613487669854,x_iiotid,E4_network_only,RDOS,DoS,far,0,7,mlp:entropy,with_normal,49675,20000,SAFE_FINAL_01
0.5774745032059774,0.571825499400876,0.5831235070110787,0.6030917678695348,0.6580467383816437,0.0,0.051348630173281756,x_iiotid,E4_network_only,RDOS,DoS,far,0,7,mlp:entropy,attacks_only,18871,20000,SAFE_FINAL_01
0.09087721942627079,0.08878802511120433,0.09296641374133725,0.19574495143247753,0.965093105183694,0.0,0.046904881731253144,x_iiotid,E4_network_only,RDOS,DoS,far,0,7,mlp:energy,with_normal,49675,20000,SAFE_FINAL_01
0.13094603227173976,0.12729870565924128,0.13459335888423823,0.3922149713271275,0.9184992846166075,0.0,0.050129828837899425,x_iiotid,E4_network_only,RDOS,DoS,far,0,7,mlp:energy,attacks_only,18871,20000,SAFE_FINAL_01
0.9945106356316055,0.9937859447194423,0.9952353265437687,0.9837409933114343,0.008454957221942627,0.9968,0.05320583794665325,x_iiotid,E4_network_only,RDOS,DoS,far,0,7,mlp:mahalanobis,with_normal,49675,20000,SAFE_FINAL_01
0.9954120475862434,0.994747317644023,0.9960767775284637,0.9942156083952189,0.007100842562662286,0.9968,0.048540087965661595,x_iiotid,E4_network_only,RDOS,DoS,far,0,7,mlp:mahalanobis,attacks_only,18871,20000,SAFE_FINAL_01
0.6937102949169602,0.68917498038956,0.6982456094443604,0.40049325099013167,0.5550075490689481,0.00255,0.04867639657775541,x_iiotid,E4_network_only,RDOS,DoS,far,0,7,edl:vacuity,with_normal,49675,20000,SAFE_FINAL_01
0.6755799017010227,0.6702975127931242,0.6808622906089211,0.6061019264669745,0.5831169519368343,0.00255,0.051083673361242116,x_iiotid,E4_network_only,RDOS,DoS,far,0,7,edl:vacuity,attacks_only,18871,20000,SAFE_FINAL_01
0.9966632848515349,0.9960978498071504,0.9972287198959193,0.9917611725577737,0.006180171112229492,0.9968,0.05244086562657272,x_iiotid,E4_network_only,RDOS,DoS,far,0,7,fusion_rank,with_normal,49675,20000,SAFE_FINAL_01
0.9960899382650628,0.9954764001019927,0.9967034764281328,0.9954920033474255,0.008001695723597053,0.9968,0.050977690636426265,x_iiotid,E4_network_only,RDOS,DoS,far,0,7,fusion_rank,attacks_only,18871,20000,SAFE_FINAL_01
0.9974917267237041,0.9970013416390651,0.9979821118083432,0.9932161560783755,0.0024559637644690486,0.99725,0.05087065928535481,x_iiotid,E4_network_only,RDOS,DoS,far,0,7,fusion_z,with_normal,49675,20000,SAFE_FINAL_01
0.9967918790737109,0.9962362496825049,0.9973475084649169,0.9957340030014117,0.0034974299189232155,0.9969,0.04885803614010916,x_iiotid,E4_network_only,RDOS,DoS,far,0,7,fusion_z,attacks_only,18871,20000,SAFE_FINAL_01
0.9182432128837442,0.9155336755248833,0.9209527502426051,0.819732169180601,1.0,0.5757,0.048072471061902364,x_iiotid,E4_network_only,RDOS,DoS,far,0,13,rf:maxprob,with_normal,49675,20000,SAFE_FINAL_01
0.8704082149859573,0.8668420749030555,0.8739743550688591,0.8639445084310884,1.0,0.45765,0.046844364368607914,x_iiotid,E4_network_only,RDOS,DoS,far,0,13,rf:maxprob,attacks_only,18871,20000,SAFE_FINAL_01
0.7877260644187217,0.7836742831501624,0.791777845687281,0.566925807591363,0.41332662304982387,0.0012,0.04742828384499245,x_iiotid,E4_network_only,RDOS,DoS,far,0,13,mlp:maxprob,with_normal,49675,20000,SAFE_FINAL_01
0.7366705818451593,0.7317677564180998,0.7415734072722189,0.7137954498508134,0.41985056435800966,0.0012,0.04387684807376398,x_iiotid,E4_network_only,RDOS,DoS,far,0,13,mlp:maxprob,attacks_only,18871,20000,SAFE_FINAL_01
0.7806524675390035,0.7765534504497102,0.7847514846282968,0.5383416583338174,0.4084348263714142,0.00015,0.051333668847508805,x_iiotid,E4_network_only,RDOS,DoS,far,0,13,mlp:entropy,with_normal,49675,20000,SAFE_FINAL_01
0.7324743720523555,0.7275414545157463,0.7374072895889648,0.6929443223043626,0.41815484076095594,5e-05,0.05251444014625616,x_iiotid,E4_network_only,RDOS,DoS,far,0,13,mlp:entropy,attacks_only,18871,20000,SAFE_FINAL_01
0.2427045868142929,0.2390961608964088,0.246313012732177,0.21488301701042745,0.8767186713638652,5e-05,0.05155510820332159,x_iiotid,E4_network_only,RDOS,DoS,far,0,13,mlp:energy,with_normal,49675,20000,SAFE_FINAL_01
0.33472557495628213,0.3293555000155624,0.34009564989700186,0.42773632719548565,0.8032430713793651,0.0001,0.04536060622118595,x_iiotid,E4_network_only,RDOS,DoS,far,0,13,mlp:energy,attacks_only,18871,20000,SAFE_FINAL_01
0.9947360845495723,0.9940263742743113,0.9954457948248333,0.9836936878255809,0.008193256165072974,0.99705,0.05050830397584298,x_iiotid,E4_network_only,RDOS,DoS,far,0,13,mlp:mahalanobis,with_normal,49675,20000,SAFE_FINAL_01
0.9959351306237083,0.9953095363187062,0.9965607249287104,0.9943101599852401,0.006252980764135446,0.99705,0.047586243442318904,x_iiotid,E4_network_only,RDOS,DoS,far,0,13,mlp:mahalanobis,attacks_only,18871,20000,SAFE_FINAL_01
0.710838007549069,0.7063692261235008,0.7153067889746372,0.5469544001446678,0.5467337695017614,0.23295,0.05246099647710116,x_iiotid,E4_network_only,RDOS,DoS,far,0,13,edl:vacuity,with_normal,49675,20000,SAFE_FINAL_01
0.6769150270255948,0.6716396355448683,0.6821904185063213,0.7089276447715417,0.5806263579036617,0.23295,0.052991362407927504,x_iiotid,E4_network_only,RDOS,DoS,far,0,13,edl:vacuity,attacks_only,18871,20000,SAFE_FINAL_01
0.9960305541016607,0.9954139718327469,0.9966471363705746,0.9891247788311215,0.01342727730246603,0.99705,0.049662808253648716,x_iiotid,E4_network_only,RDOS,DoS,far,0,13,fusion_rank,with_normal,49675,20000,SAFE_FINAL_01
0.9952582507551269,0.9945824409599348,0.995934060550319,0.9941625150765938,0.015049546923851412,0.9971,0.04811615706639818,x_iiotid,E4_network_only,RDOS,DoS,far,0,13,fusion_rank,attacks_only,18871,20000,SAFE_FINAL_01
0.9951856265727228,0.9945067889209886,0.995864464224457,0.9863666554053245,0.03567186713638651,0.9972,0.046904881731253144,x_iiotid,E4_network_only,RDOS,DoS,far,0,13,fusion_z,with_normal,49675,20000,SAFE_FINAL_01
0.9944112527158073,0.9936773837515911,0.9951451216800236,0.9930151687855676,0.03799480684648402,0.99705,0.044353770335435326,x_iiotid,E4_network_only,RDOS,DoS,far,0,13,fusion_z,attacks_only,18871,20000,SAFE_FINAL_01
0.8925378361974378,0.8708816989672052,0.9141939734276703,0.11701064758730143,1.0,0.7277628032345014,0.04986149584487535,x_iiotid,E4_network_only,Reverse_shell,Malware_C2,near,2,42,rf:maxprob,with_normal,59926,371,SAFE_FINAL_01
0.8708405071998438,0.8475200016423416,0.894161012757346,0.14081768502688435,1.0,0.46630727762803237,0.05150745141130417,x_iiotid,E4_network_only,Reverse_shell,Malware_C2,near,2,42,rf:maxprob,attacks_only,29122,371,SAFE_FINAL_01
0.7118749692455376,0.6821067845239246,0.7416431539671506,0.010337474638287589,0.5425524813937189,0.10242587601078167,0.04956112538797851,x_iiotid,E4_network_only,Reverse_shell,Malware_C2,near,2,42,mlp:maxprob,with_normal,59926,371,SAFE_FINAL_01
0.7704809453898842,0.7421745466777478,0.7987873441020206,0.026255240612425318,0.406359453334249,0.10242587601078167,0.05088936199436852,x_iiotid,E4_network_only,Reverse_shell,Malware_C2,near,2,42,mlp:maxprob,attacks_only,29122,371,SAFE_FINAL_01
0.7075513978471022,0.6777043760579736,0.7373984196362308,0.010711018800710147,0.5509127924440143,0.0646900269541779,0.050579047491906684,x_iiotid,E4_network_only,Reverse_shell,Malware_C2,near,2,42,mlp:entropy,with_normal,59926,371,SAFE_FINAL_01
0.7720898475064748,0.7438372967061833,0.8003423983067663,0.028654805070459262,0.4099649749330403,0.09973045822102426,0.05205686422635808,x_iiotid,E4_network_only,Reverse_shell,Malware_C2,near,2,42,mlp:entropy,attacks_only,29122,371,SAFE_FINAL_01
0.5214871926948897,0.49164060896311435,0.5513337764266651,0.006087919793513968,0.669609184661082,0.0215633423180593,0.049294129426292424,x_iiotid,E4_network_only,Reverse_shell,Malware_C2,near,2,42,mlp:energy,with_normal,59926,371,SAFE_FINAL_01
0.7072995360534574,0.6773946279863658,0.737204444120549,0.020741129207955566,0.47634091065174095,0.02425876010781671,0.05137009820754069,x_iiotid,E4_network_only,Reverse_shell,Malware_C2,near,2,42,mlp:energy,attacks_only,29122,371,SAFE_FINAL_01
0.8458811240062205,0.8209868695298409,0.8707753784826001,0.0508767924396535,0.7287154156793378,0.6792452830188679,0.049194005940660146,x_iiotid,E4_network_only,Reverse_shell,Malware_C2,near,2,42,mlp:mahalanobis,with_normal,59926,371,SAFE_FINAL_01
0.8855809864662667,0.8633512363016653,0.9078107366308681,0.1518670056873414,0.6994368518645697,0.7088948787061995,0.05277796854611634,x_iiotid,E4_network_only,Reverse_shell,Malware_C2,near,2,42,mlp:mahalanobis,attacks_only,29122,371,SAFE_FINAL_01
0.8665810249532375,0.842986701970512,0.8901753479359631,0.028527793664056847,0.21665053566064812,0.33692722371967654,0.05119647565330574,x_iiotid,E4_network_only,Reverse_shell,Malware_C2,near,2,42,edl:vacuity,with_normal,59926,371,SAFE_FINAL_01
0.8272420180110405,0.80130455195244,0.853179484069641,0.04515949175599532,0.27817457592198336,0.33692722371967654,0.050477302383078085,x_iiotid,E4_network_only,Reverse_shell,Malware_C2,near,2,42,edl:vacuity,attacks_only,29122,371,SAFE_FINAL_01
0.8719827229863824,0.8487611877469211,0.8952042582258436,0.3467592921165426,0.6269565797817308,0.7250673854447439,0.050528985749090545,x_iiotid,E4_network_only,Reverse_shell,Malware_C2,near,2,42,fusion_rank,with_normal,59926,371,SAFE_FINAL_01
0.9014142289403941,0.8805023942826438,0.9223260635981445,0.4350024642355713,0.5816908179383284,0.7250673854447439,0.05253760043953025,x_iiotid,E4_network_only,Reverse_shell,Malware_C2,near,2,42,fusion_rank,attacks_only,29122,371,SAFE_FINAL_01
0.9186433708492046,0.8993845399730896,0.9379022017253195,0.2000918059334676,0.5126989954276941,0.816711590296496,0.04902713346460635,x_iiotid,E4_network_only,Reverse_shell,Malware_C2,near,2,42,fusion_z,with_normal,59926,371,SAFE_FINAL_01
0.926169135846576,0.9077005620294682,0.9446377096636838,0.34309146719180833,0.4339674472907081,0.7870619946091644,0.05137009820754069,x_iiotid,E4_network_only,Reverse_shell,Malware_C2,near,2,42,fusion_z,attacks_only,29122,371,SAFE_FINAL_01
0.8887330762747551,0.8667682696985969,0.9106978828509132,0.08445615778574081,1.0,0.7169811320754716,0.04767546640857057,x_iiotid,E4_network_only,Reverse_shell,Malware_C2,near,2,7,rf:maxprob,with_normal,59926,371,SAFE_FINAL_01
0.8655441250869333,0.8418599824988672,0.8892282676749995,0.10369016799227015,1.0,0.33692722371967654,0.05040862578119635,x_iiotid,E4_network_only,Reverse_shell,Malware_C2,near,2,7,rf:maxprob,attacks_only,29122,371,SAFE_FINAL_01
0.7945947351239036,0.7672069244917737,0.8219825457560334,0.01756520030090999,0.37124119747688816,0.18059299191374664,0.04707472549477689,x_iiotid,E4_network_only,Reverse_shell,Malware_C2,near,2,7,mlp:maxprob,with_normal,59926,371,SAFE_FINAL_01
0.8353603420576066,0.8098501563061408,0.8608705278090724,0.04271332272851051,0.27302383078085296,0.18059299191374664,0.0482109745209807,x_iiotid,E4_network_only,Reverse_shell,Malware_C2,near,2,7,mlp:maxprob,attacks_only,29122,371,SAFE_FINAL_01
0.793823253531107,0.7664046859662061,0.821241821096008,0.022597855069534108,0.36231352000800987,0.16442048517520216,0.04560624770550346,x_iiotid,E4_network_only,Reverse_shell,Malware_C2,near,2,7,mlp:entropy,with_normal,59926,371,SAFE_FINAL_01
0.8391320017970686,0.8138289478725595,0.8644350557215776,0.05509995312001625,0.2697273538905295,0.20215633423180593,0.048451342627566785,x_iiotid,E4_network_only,Reverse_shell,Malware_C2,near,2,7,mlp:entropy,attacks_only,29122,371,SAFE_FINAL_01
0.5184759541259916,0.48867829075525576,0.5482736174967274,0.010322936329893844,0.6555251476821413,0.0215633423180593,0.04817608383673197,x_iiotid,E4_network_only,Reverse_shell,Malware_C2,near,2,7,mlp:energy,with_normal,59926,371,SAFE_FINAL_01
0.6847004913431385,0.6544451505948401,0.7149558320914369,0.026964961988081914,0.4892864501064487,0.03234501347708895,0.05058031728590069,x_iiotid,E4_network_only,Reverse_shell,Malware_C2,near,2,7,mlp:energy,attacks_only,29122,371,SAFE_FINAL_01
0.8576078960997089,0.8334260358477427,0.8817897563516751,0.06179092973096437,0.7389947602042519,0.5363881401617251,0.050996228682041185,x_iiotid,E4_network_only,Reverse_shell,Malware_C2,near,2,7,mlp:mahalanobis,with_normal,59926,371,SAFE_FINAL_01
0.8930929294384014,0.8714679639306823,0.9147178949461204,0.15792133391959923,0.7121076849117506,0.7088948787061995,0.04889774053979809,x_iiotid,E4_network_only,Reverse_shell,Malware_C2,near,2,7,mlp:mahalanobis,attacks_only,29122,371,SAFE_FINAL_01
0.718798422816712,0.6891651120412337,0.7484317335921904,0.011331235241830556,0.44112739044821947,0.09703504043126684,0.04749190668491139,x_iiotid,E4_network_only,Reverse_shell,Malware_C2,near,2,7,edl:vacuity,with_normal,59926,371,SAFE_FINAL_01
0.7380379613156365,0.7087902482121367,0.7672856744191363,0.02634481270488209,0.393997664995536,0.09433962264150944,0.04786759151157201,x_iiotid,E4_network_only,Reverse_shell,Malware_C2,near,2,7,edl:vacuity,attacks_only,29122,371,SAFE_FINAL_01
0.8863464850134573,0.8641926746755226,0.9085002953513919,0.2916263867718304,0.6383539698962053,0.7277628032345014,0.05021192804458833,x_iiotid,E4_network_only,Reverse_shell,Malware_C2,near,2,7,fusion_rank,with_normal,59926,371,SAFE_FINAL_01
0.9113909399827586,0.891400758253035,0.9313811217124821,0.4028988990597314,0.6014010026783875,0.7277628032345014,0.04958450655861548,x_iiotid,E4_network_only,Reverse_shell,Malware_C2,near,2,7,fusion_rank,attacks_only,29122,371,SAFE_FINAL_01
0.9318424439558115,0.9140242399258395,0.9496606479857835,0.20959488260054185,0.4192670960851717,0.8032345013477089,0.04834295631278577,x_iiotid,E4_network_only,Reverse_shell,Malware_C2,near,2,7,fusion_z,with_normal,59926,371,SAFE_FINAL_01
0.9373489832068123,0.9201827728818894,0.9545151935317351,0.3509711772522737,0.36869033720211525,0.8032345013477089,0.05003090447084678,x_iiotid,E4_network_only,Reverse_shell,Malware_C2,near,2,7,fusion_z,attacks_only,29122,371,SAFE_FINAL_01
0.9016783322971647,0.8808029788677108,0.9225536857266186,0.06625654584562414,1.0,0.6522911051212938,0.049711310616426925,x_iiotid,E4_network_only,Reverse_shell,Malware_C2,near,2,13,rf:maxprob,with_normal,59926,371,SAFE_FINAL_01
0.8727639148328687,0.8495790142728591,0.8959488153928784,0.08192009068976405,1.0,0.18059299191374664,0.0527092919442346,x_iiotid,E4_network_only,Reverse_shell,Malware_C2,near,2,13,rf:maxprob,attacks_only,29122,371,SAFE_FINAL_01
0.799115022633935,0.7719110987659857,0.8263189465018842,0.02151252471294224,0.4388412375262824,0.21024258760107817,0.0521476487668124,x_iiotid,E4_network_only,Reverse_shell,Malware_C2,near,2,13,mlp:maxprob,with_normal,59926,371,SAFE_FINAL_01
0.8369306945721975,0.8115060698702715,0.8623553192741235,0.054006134404743195,0.3089416935650024,0.1509433962264151,0.054494883593159814,x_iiotid,E4_network_only,Reverse_shell,Malware_C2,near,2,13,mlp:maxprob,attacks_only,29122,371,SAFE_FINAL_01
0.8232107334895427,0.7970987609775537,0.8493227060015316,0.05478884093196499,0.43298401361679406,0.4636118598382749,0.050762607215565865,x_iiotid,E4_network_only,Reverse_shell,Malware_C2,near,2,13,mlp:entropy,with_normal,59926,371,SAFE_FINAL_01
0.8682026130058677,0.8446992290579852,0.8917059969537501,0.18702092010692242,0.30997184259322846,0.5013477088948787,0.053155689856465904,x_iiotid,E4_network_only,Reverse_shell,Malware_C2,near,2,13,mlp:entropy,attacks_only,29122,371,SAFE_FINAL_01
0.6669130022265556,0.6365180278666633,0.6973079765864478,0.009067222905710942,0.6084671094349698,0.03773584905660377,0.048960384474184826,x_iiotid,E4_network_only,Reverse_shell,Malware_C2,near,2,13,mlp:energy,with_normal,59926,371,SAFE_FINAL_01
0.8174188574842038,0.7909966997252237,0.843841015243184,0.035882509634957926,0.41051438774809423,0.04851752021563342,0.05109539180001373,x_iiotid,E4_network_only,Reverse_shell,Malware_C2,near,2,13,mlp:energy,attacks_only,29122,371,SAFE_FINAL_01
0.8591375454705008,0.835053146256574,0.8832219446844276,0.058647284100127824,0.7168507826319127,0.6388140161725068,0.049427627407135466,x_iiotid,E4_network_only,Reverse_shell,Malware_C2,near,2,13,mlp:mahalanobis,with_normal,59926,371,SAFE_FINAL_01
0.8940475527157709,0.8725020154747628,0.9155930899567789,0.1567416560425621,0.6923975001716915,0.7115902964959568,0.047489870201222445,x_iiotid,E4_network_only,Reverse_shell,Malware_C2,near,2,13,mlp:mahalanobis,attacks_only,29122,371,SAFE_FINAL_01
0.8059807680146034,0.7790684117164643,0.8328931243127424,0.01627390893460392,0.6046957914761539,0.09973045822102426,0.0531488836231352,x_iiotid,E4_network_only,Reverse_shell,Malware_C2,near,2,13,edl:vacuity,with_normal,59926,371,SAFE_FINAL_01
0.8243912448624441,0.79830955697736,0.8504729327475282,0.037432798865557955,0.4953986676739235,0.09973045822102426,0.05624613694114415,x_iiotid,E4_network_only,Reverse_shell,Malware_C2,near,2,13,edl:vacuity,attacks_only,29122,371,SAFE_FINAL_01
0.8883525305648755,0.8663573524335643,0.9103477086961868,0.2541770736742715,0.6171778526849782,0.7250673854447439,0.04874345025531489,x_iiotid,E4_network_only,Reverse_shell,Malware_C2,near,2,13,fusion_rank,with_normal,59926,371,SAFE_FINAL_01
0.9115576797378664,0.8915835720095558,0.9315317874661769,0.3684888147830967,0.5964219490419614,0.7277628032345014,0.04876038733603461,x_iiotid,E4_network_only,Reverse_shell,Malware_C2,near,2,13,fusion_rank,attacks_only,29122,371,SAFE_FINAL_01
0.9440542707074574,0.9277521006498359,0.9603564407650789,0.19844118447796352,0.40640122818142377,0.8409703504043127,0.04844307979841805,x_iiotid,E4_network_only,Reverse_shell,Malware_C2,near,2,13,fusion_z,with_normal,59926,371,SAFE_FINAL_01
0.9480552211710527,0.932291429905551,0.9638190124365543,0.34736263075033574,0.36285282604216745,0.8382749326145552,0.04721516379369549,x_iiotid,E4_network_only,Reverse_shell,Malware_C2,near,2,13,fusion_z,attacks_only,29122,371,SAFE_FINAL_01
0.7975371650449283,0.7935235538834685,0.8015507762063881,0.646180925263129,1.0,0.6361565541519983,0.05187309617542797,x_iiotid,E4_network_only,Scanning_vulnerability,Reconnaissance,near,2,42,rf:maxprob,with_normal,56137,19316,SAFE_FINAL_01
0.8016710816357675,0.7974212554750506,0.8059209077964844,0.7647621744062856,1.0,0.6361565541519983,0.04519796313109383,x_iiotid,E4_network_only,Scanning_vulnerability,Reconnaissance,near,2,42,rf:maxprob,attacks_only,25333,19316,SAFE_FINAL_01
0.7880491707317822,0.7839699893944637,0.7921283520691006,0.4857277467342739,0.6168658816823129,0.10462828743010975,0.05112492651905161,x_iiotid,E4_network_only,Scanning_vulnerability,Reconnaissance,near,2,42,mlp:maxprob,with_normal,56137,19316,SAFE_FINAL_01
0.8808449154507763,0.8774580662926212,0.8842317646089313,0.7588556619875414,0.40713693601231593,0.1388486229032926,0.05257963920577902,x_iiotid,E4_network_only,Scanning_vulnerability,Reconnaissance,near,2,42,mlp:maxprob,attacks_only,25333,19316,SAFE_FINAL_01
0.8068480953429418,0.8029025525581573,0.8107936381277262,0.6115256366865958,0.6113436770757255,0.3818078277075999,0.05178402835919269,x_iiotid,E4_network_only,Scanning_vulnerability,Reconnaissance,near,2,42,mlp:entropy,with_normal,56137,19316,SAFE_FINAL_01
0.8928884988544019,0.8896673648880621,0.8961096328207417,0.8454174195374038,0.3974657561283701,0.40991923793746116,0.052974381241858444,x_iiotid,E4_network_only,Scanning_vulnerability,Reconnaissance,near,2,42,mlp:entropy,attacks_only,25333,19316,SAFE_FINAL_01
0.7466581304383911,0.7423339301706473,0.750982330706135,0.49966618019037706,0.6084044391399611,0.3233588734727687,0.05078646881735754,x_iiotid,E4_network_only,Scanning_vulnerability,Reconnaissance,near,2,42,mlp:energy,with_normal,56137,19316,SAFE_FINAL_01
0.8894117515595152,0.8861415931248307,0.8926819099941998,0.8457157896386835,0.3378991828839853,0.45899772209567197,0.054908617218647614,x_iiotid,E4_network_only,Scanning_vulnerability,Reconnaissance,near,2,42,mlp:energy,attacks_only,25333,19316,SAFE_FINAL_01
0.7696582528941884,0.7654622756513362,0.7738542301370407,0.5764512926590334,0.7621711170885512,0.26853385794160284,0.052051231807898536,x_iiotid,E4_network_only,Scanning_vulnerability,Reconnaissance,near,2,42,mlp:mahalanobis,with_normal,56137,19316,SAFE_FINAL_01
0.8064221155284299,0.8022150347508387,0.8106291963060211,0.7891069426881776,0.7347728259582363,0.6610064195485608,0.05159278411558047,x_iiotid,E4_network_only,Scanning_vulnerability,Reconnaissance,near,2,42,mlp:mahalanobis,attacks_only,25333,19316,SAFE_FINAL_01
0.7556209345010034,0.751344438277129,0.7598974307248778,0.4659338115142737,0.6336284446977929,0.18725408987367986,0.05121399433528689,x_iiotid,E4_network_only,Scanning_vulnerability,Reconnaissance,near,2,42,edl:vacuity,with_normal,56137,19316,SAFE_FINAL_01
0.792338748225674,0.7880078056111824,0.7966696908401655,0.6623333163486139,0.4747957209963289,0.17312072892938496,0.05179015513362018,x_iiotid,E4_network_only,Scanning_vulnerability,Reconnaissance,near,2,42,edl:vacuity,attacks_only,25333,19316,SAFE_FINAL_01
0.7856465834498688,0.7815513856246757,0.7897417812750619,0.6686006707231171,0.762758964675704,0.5896665976392628,0.05116055364554572,x_iiotid,E4_network_only,Scanning_vulnerability,Reconnaissance,near,2,42,fusion_rank,with_normal,56137,19316,SAFE_FINAL_01
0.814925674586878,0.810797628580175,0.8190537205935811,0.8203195181477929,0.7358386294556507,0.6619382895009319,0.05159278411558047,x_iiotid,E4_network_only,Scanning_vulnerability,Reconnaissance,near,2,42,fusion_rank,attacks_only,25333,19316,SAFE_FINAL_01
0.7978106566371941,0.7937989914765337,0.8018223217978545,0.7272119828142828,0.772877068600032,0.6361565541519983,0.05185528261218091,x_iiotid,E4_network_only,Scanning_vulnerability,Reconnaissance,near,2,42,fusion_z,with_normal,56137,19316,SAFE_FINAL_01
0.8218330951624957,0.8177717162293779,0.8258944740956135,0.8380001580056432,0.7381676074685193,0.6387450817974736,0.0489085382702404,x_iiotid,E4_network_only,Scanning_vulnerability,Reconnaissance,near,2,42,fusion_z,attacks_only,25333,19316,SAFE_FINAL_01
0.8055412644552649,0.8015859391206501,0.8094965897898796,0.623045600417998,1.0,0.6335680265065231,0.03837041523415929,x_iiotid,E4_network_only,Scanning_vulnerability,Reconnaissance,near,2,7,rf:maxprob,with_normal,56137,19316,SAFE_FINAL_01
0.8086941046523508,0.8045078194094998,0.8128803898952018,0.7529233709171801,1.0,0.6557775937047008,0.04736904432953065,x_iiotid,E4_network_only,Scanning_vulnerability,Reconnaissance,near,2,7,rf:maxprob,attacks_only,25333,19316,SAFE_FINAL_01
0.6860164640705538,0.6814390194714489,0.6905939086696588,0.36488045203579633,0.6418404973546858,0.07905363429281424,0.04718812904145216,x_iiotid,E4_network_only,Scanning_vulnerability,Reconnaissance,near,2,7,mlp:maxprob,with_normal,56137,19316,SAFE_FINAL_01
0.8611280289513241,0.857492626692054,0.8647634312105943,0.7445374350288467,0.3787155094145976,0.13755435908055497,0.05009276437847866,x_iiotid,E4_network_only,Scanning_vulnerability,Reconnaissance,near,2,7,mlp:maxprob,attacks_only,25333,19316,SAFE_FINAL_01
0.6908133174611989,0.6862517513632382,0.6953748835591596,0.39155281740232645,0.6450291251759089,0.15484572375232966,0.04888041754992251,x_iiotid,E4_network_only,Scanning_vulnerability,Reconnaissance,near,2,7,mlp:entropy,with_normal,56137,19316,SAFE_FINAL_01
0.8623179025518832,0.858696771560304,0.8659390335434625,0.7571739430453053,0.37974183870840406,0.15764133360944294,0.052066474558875774,x_iiotid,E4_network_only,Scanning_vulnerability,Reconnaissance,near,2,7,mlp:entropy,attacks_only,25333,19316,SAFE_FINAL_01
0.6239096893031633,0.6191854575991944,0.6286339210071321,0.2964196530039312,0.6703065714234818,0.049544419134396354,0.047544400306393286,x_iiotid,E4_network_only,Scanning_vulnerability,Reconnaissance,near,2,7,mlp:energy,with_normal,56137,19316,SAFE_FINAL_01
0.8257121447966431,0.8216892071184198,0.8297350824748665,0.6772319795816583,0.3906367189041961,0.08319527852557465,0.05131646469032487,x_iiotid,E4_network_only,Scanning_vulnerability,Reconnaissance,near,2,7,mlp:energy,attacks_only,25333,19316,SAFE_FINAL_01
0.7682023307083184,0.763997664037676,0.7724069973789609,0.5626783584441674,0.7341503821009316,0.2641851314972044,0.05035894329942819,x_iiotid,E4_network_only,Scanning_vulnerability,Reconnaissance,near,2,7,mlp:mahalanobis,with_normal,56137,19316,SAFE_FINAL_01
0.8062522554717161,0.8020436292389624,0.8104608817044697,0.7830544246113802,0.7122330556981012,0.4647960240215365,0.0468558796826274,x_iiotid,E4_network_only,Scanning_vulnerability,Reconnaissance,near,2,7,mlp:mahalanobis,attacks_only,25333,19316,SAFE_FINAL_01
0.7197238918538833,0.7152727782273169,0.7241750054804497,0.4034449253134431,0.688690168694444,0.11280803478981155,0.049165434561875415,x_iiotid,E4_network_only,Scanning_vulnerability,Reconnaissance,near,2,7,edl:vacuity,with_normal,56137,19316,SAFE_FINAL_01
0.8172018469627551,0.813095520663674,0.8213081732618362,0.6720384656112075,0.4843879524730589,0.1253365085939118,0.05159278411558047,x_iiotid,E4_network_only,Scanning_vulnerability,Reconnaissance,near,2,7,edl:vacuity,attacks_only,25333,19316,SAFE_FINAL_01
0.7846733538638,0.780571734405188,0.788774973322412,0.6595833583189619,0.7348451110675669,0.5473700559121971,0.048826976860181344,x_iiotid,E4_network_only,Scanning_vulnerability,Reconnaissance,near,2,7,fusion_rank,with_normal,56137,19316,SAFE_FINAL_01
0.816469995513968,0.8123566593082678,0.8205833317196682,0.8179297663474987,0.7129041171594364,0.6590909090909091,0.04934275450992776,x_iiotid,E4_network_only,Scanning_vulnerability,Reconnaissance,near,2,7,fusion_rank,attacks_only,25333,19316,SAFE_FINAL_01
0.8006807595769769,0.7966897092174733,0.8046718099364806,0.7259899061279765,0.7460498423499653,0.6548974943052391,0.0470099934089816,x_iiotid,E4_network_only,Scanning_vulnerability,Reconnaissance,near,2,7,fusion_z,with_normal,56137,19316,SAFE_FINAL_01
0.8249438957860751,0.8209132864850796,0.8289745050870706,0.8376364334319343,0.7191015671258832,0.6562952992337958,0.04807957999447361,x_iiotid,E4_network_only,Scanning_vulnerability,Reconnaissance,near,2,7,fusion_z,attacks_only,25333,19316,SAFE_FINAL_01
0.8015187532683636,0.7975337887460652,0.8055037177906621,0.631529168105674,1.0,0.6445433837233382,0.04984234996526355,x_iiotid,E4_network_only,Scanning_vulnerability,Reconnaissance,near,2,13,rf:maxprob,with_normal,56137,19316,SAFE_FINAL_01
0.8052669688455508,0.8010494033936862,0.8094845342974154,0.7580204826546217,1.0,0.6445433837233382,0.04397426281924762,x_iiotid,E4_network_only,Scanning_vulnerability,Reconnaissance,near,2,13,rf:maxprob,attacks_only,25333,19316,SAFE_FINAL_01
0.7374058970117159,0.7330353718492677,0.7417764221741641,0.49428440765372395,0.6313126814756755,0.1844584800165666,0.05151682491048684,x_iiotid,E4_network_only,Scanning_vulnerability,Reconnaissance,near,2,13,mlp:maxprob,with_normal,56137,19316,SAFE_FINAL_01
0.8756964021180309,0.872242073872034,0.8791507303640278,0.7998638054082833,0.41665021908183003,0.26874094015324085,0.05123751628310899,x_iiotid,E4_network_only,Scanning_vulnerability,Reconnaissance,near,2,13,mlp:maxprob,attacks_only,25333,19316,SAFE_FINAL_01
0.7514130597979111,0.7471138153099536,0.7557123042858686,0.530414372923671,0.6316867663038638,0.3488817560571547,0.04948607870032243,x_iiotid,E4_network_only,Scanning_vulnerability,Reconnaissance,near,2,13,mlp:entropy,with_normal,56137,19316,SAFE_FINAL_01
0.882011857800627,0.878640572948219,0.885383142653035,0.8232200866899841,0.41641337386018235,0.3662766618347484,0.05060592902538191,x_iiotid,E4_network_only,Scanning_vulnerability,Reconnaissance,near,2,13,mlp:entropy,attacks_only,25333,19316,SAFE_FINAL_01
0.6746099445690532,0.6699974446266738,0.6792224445114327,0.3606697507895084,0.6401838359727097,0.10623317457030441,0.049682027896040044,x_iiotid,E4_network_only,Scanning_vulnerability,Reconnaissance,near,2,13,mlp:energy,with_normal,56137,19316,SAFE_FINAL_01
0.8552756226798126,0.8515712954309701,0.8589799499286551,0.7775753777028018,0.36742588718272606,0.2705529095050735,0.04665850866458769,x_iiotid,E4_network_only,Scanning_vulnerability,Reconnaissance,near,2,13,mlp:energy,attacks_only,25333,19316,SAFE_FINAL_01
0.7787652143885946,0.774625420307539,0.7829050084696502,0.6031768597057233,0.7631864901936334,0.36254918202526404,0.05078646881735754,x_iiotid,E4_network_only,Scanning_vulnerability,Reconnaissance,near,2,13,mlp:mahalanobis,with_normal,56137,19316,SAFE_FINAL_01
0.8087927523547457,0.8046073752857793,0.8129781294237121,0.8022155866741507,0.7356807326412189,0.6613688134189273,0.05021118698930249,x_iiotid,E4_network_only,Scanning_vulnerability,Reconnaissance,near,2,13,mlp:mahalanobis,attacks_only,25333,19316,SAFE_FINAL_01
0.6442290692282617,0.6395411903911286,0.6489169480653949,0.33665276438178915,0.7202201756417336,0.06036446469248292,0.049201061688369525,x_iiotid,E4_network_only,Scanning_vulnerability,Reconnaissance,near,2,13,edl:vacuity,with_normal,56137,19316,SAFE_FINAL_01
0.7959333346832002,0.7916331962016167,0.8002334731647837,0.6601356641785283,0.5380728693798602,0.09422240629529924,0.04894801247384834,x_iiotid,E4_network_only,Scanning_vulnerability,Reconnaissance,near,2,13,edl:vacuity,attacks_only,25333,19316,SAFE_FINAL_01
0.793392295815757,0.7893495792206295,0.7974350124108844,0.6975370443961293,0.7646650159431391,0.6464588941809899,0.051320875714769225,x_iiotid,E4_network_only,Scanning_vulnerability,Reconnaissance,near,2,13,fusion_rank,with_normal,56137,19316,SAFE_FINAL_01
0.8165629282851976,0.8124504808268874,0.8206753757435078,0.8297664230540128,0.7372202265819288,0.6626113066887555,0.048355899419729204,x_iiotid,E4_network_only,Scanning_vulnerability,Reconnaissance,near,2,13,fusion_rank,attacks_only,25333,19316,SAFE_FINAL_01
0.8022692879528488,0.7982897999500963,0.8062487759556013,0.7376441058068143,0.7742130858435613,0.6445433837233382,0.0496998414592871,x_iiotid,E4_network_only,Scanning_vulnerability,Reconnaissance,near,2,13,fusion_z,with_normal,56137,19316,SAFE_FINAL_01
0.8208271834897414,0.8167559549817306,0.8248984119977522,0.8393777078899084,0.7402992144633482,0.6458376475460758,0.04717167331149094,x_iiotid,E4_network_only,Scanning_vulnerability,Reconnaissance,near,2,13,fusion_z,attacks_only,25333,19316,SAFE_FINAL_01
0.8165674982953273,0.7982578346467475,0.834877161943907,0.36257626480533317,1.0,0.6270967741935484,0.051115381401955054,x_iiotid,E4_network_only,TCP Relay,Malware_C2,near,2,42,rf:maxprob,with_normal,59845,775,SAFE_FINAL_01
0.799097960503004,0.7802029038478945,0.8179930171581135,0.3876565418970015,1.0,0.5780645161290323,0.04965393753658621,x_iiotid,E4_network_only,TCP Relay,Malware_C2,near,2,42,rf:maxprob,attacks_only,29041,775,SAFE_FINAL_01
0.6820761483294209,0.6611183116077167,0.703033985051125,0.019525745831008273,0.4661876514328682,0.07870967741935483,0.048642326008856214,x_iiotid,E4_network_only,TCP Relay,Malware_C2,near,2,42,mlp:maxprob,with_normal,59845,775,SAFE_FINAL_01
0.7728571952223274,0.7532700935327049,0.79244429691195,0.051207204051444806,0.3226472917599256,0.07870967741935483,0.04841431080196963,x_iiotid,E4_network_only,TCP Relay,Malware_C2,near,2,42,mlp:maxprob,attacks_only,29041,775,SAFE_FINAL_01
0.6996634639485337,0.6788812284608778,0.7204456994361896,0.02445820811182662,0.45957055727295515,0.10967741935483871,0.050580666722366115,x_iiotid,E4_network_only,TCP Relay,Malware_C2,near,2,42,mlp:entropy,with_normal,59845,775,SAFE_FINAL_01
0.781409864363064,0.7620331197560861,0.800786608970042,0.06880891824441464,0.3202713405185772,0.0567741935483871,0.048311008574084914,x_iiotid,E4_network_only,TCP Relay,Malware_C2,near,2,42,mlp:entropy,attacks_only,29041,775,SAFE_FINAL_01
0.899116200722835,0.8845077910585255,0.9137246103871446,0.15040775480494703,0.3463113042025232,0.42451612903225805,0.0497785947029827,x_iiotid,E4_network_only,TCP Relay,Malware_C2,near,2,42,mlp:energy,with_normal,59845,775,SAFE_FINAL_01
0.9726607876961493,0.9645930229372774,0.9807285524550211,0.5859485018936595,0.12799146034916153,0.8516129032258064,0.048242140422161774,x_iiotid,E4_network_only,TCP Relay,Malware_C2,near,2,42,mlp:energy,attacks_only,29041,775,SAFE_FINAL_01
0.9474485215839844,0.9364834323855286,0.9584136107824403,0.18461190627745466,0.14042944272704486,0.6541935483870968,0.05094828306458351,x_iiotid,E4_network_only,TCP Relay,Malware_C2,near,2,42,mlp:mahalanobis,with_normal,59845,775,SAFE_FINAL_01
0.9672332442120206,0.9584368216808091,0.9760296667432321,0.37477784366094996,0.08288282083950277,0.68,0.04841431080196963,x_iiotid,E4_network_only,TCP Relay,Malware_C2,near,2,42,mlp:mahalanobis,attacks_only,29041,775,SAFE_FINAL_01
0.6789787596452125,0.6579945743476472,0.6999629449427778,0.023461356902566982,0.5558526192664383,0.05290322580645161,0.04994569304035425,x_iiotid,E4_network_only,TCP Relay,Malware_C2,near,2,42,edl:vacuity,with_normal,59845,775,SAFE_FINAL_01
0.6918438559056106,0.6708960879754844,0.7127916238357368,0.04821371180323091,0.4683034330773734,0.05161290322580645,0.04996384422024035,x_iiotid,E4_network_only,TCP Relay,Malware_C2,near,2,42,edl:vacuity,attacks_only,29041,775,SAFE_FINAL_01
0.9597704931287546,0.9500839725808491,0.9694570136766602,0.5223148718788039,0.14494109783607653,0.7161290322580646,0.04999582254156571,x_iiotid,E4_network_only,TCP Relay,Malware_C2,near,2,42,fusion_rank,with_normal,59845,775,SAFE_FINAL_01
0.9739823231004886,0.9661041808276041,0.9818604653733731,0.6159656273065237,0.08908095451258566,0.7238709677419355,0.05037705313177921,x_iiotid,E4_network_only,TCP Relay,Malware_C2,near,2,42,fusion_rank,attacks_only,29041,775,SAFE_FINAL_01
0.9316522953112746,0.9193032705705111,0.9440013200520381,0.36818580971577763,0.23624362937588772,0.6954838709677419,0.04924388002339377,x_iiotid,E4_network_only,TCP Relay,Malware_C2,near,2,42,fusion_z,with_normal,59845,775,SAFE_FINAL_01
0.9251682215688388,0.9123011562805045,0.9380352868571732,0.46965590054431255,0.2480630832271616,0.6954838709677419,0.04934403085293206,x_iiotid,E4_network_only,TCP Relay,Malware_C2,near,2,42,fusion_z,attacks_only,29041,775,SAFE_FINAL_01
0.8176862809569883,0.7994133959319101,0.8359591659820664,0.3790438552195973,1.0,0.6541935483870968,0.04772328515331273,x_iiotid,E4_network_only,TCP Relay,Malware_C2,near,2,7,rf:maxprob,with_normal,59845,775,SAFE_FINAL_01
0.8022648069303577,0.7834629509283078,0.8210666629324077,0.40937012164149306,1.0,0.6103225806451613,0.04676147515581419,x_iiotid,E4_network_only,TCP Relay,Malware_C2,near,2,7,rf:maxprob,attacks_only,29041,775,SAFE_FINAL_01
0.8216225787585671,0.8034814943955394,0.8397636631215949,0.035417146896084446,0.362319324922717,0.08774193548387096,0.051132091235692206,x_iiotid,E4_network_only,TCP Relay,Malware_C2,near,2,7,mlp:maxprob,with_normal,59845,775,SAFE_FINAL_01
0.8441122728600611,0.8267652474423529,0.8614592982777692,0.09061297367615126,0.28080988946661617,0.08774193548387096,0.05068695981543335,x_iiotid,E4_network_only,TCP Relay,Malware_C2,near,2,7,mlp:maxprob,attacks_only,29041,775,SAFE_FINAL_01
0.8609988922997313,0.8444034958356795,0.877594288763783,0.05528283988694897,0.3462277550338374,0.18580645161290324,0.04794051299189573,x_iiotid,E4_network_only,TCP Relay,Malware_C2,near,2,7,mlp:entropy,with_normal,59845,775,SAFE_FINAL_01
0.8726044491047695,0.8565282204486012,0.8886806777609378,0.15102771924616476,0.27698770703488174,0.14967741935483872,0.04655487070004476,x_iiotid,E4_network_only,TCP Relay,Malware_C2,near,2,7,mlp:entropy,attacks_only,29041,775,SAFE_FINAL_01
0.8921767900409392,0.8771621674609197,0.9071914126209587,0.09347564836082595,0.42730386832651013,0.5458064516129032,0.050246470047623025,x_iiotid,E4_network_only,TCP Relay,Malware_C2,near,2,7,mlp:energy,with_normal,59845,775,SAFE_FINAL_01
0.9493578711299153,0.938570260438726,0.9601454818211046,0.5137670348909754,0.2460314727454289,0.7316129032258064,0.0512379050308185,x_iiotid,E4_network_only,TCP Relay,Malware_C2,near,2,7,mlp:energy,attacks_only,29041,775,SAFE_FINAL_01
0.9452867650031398,0.9341174480714456,0.956456081934834,0.19090869262768584,0.15319575570223076,0.6645161290322581,0.05328765978778511,x_iiotid,E4_network_only,TCP Relay,Malware_C2,near,2,7,mlp:mahalanobis,with_normal,59845,775,SAFE_FINAL_01
0.9681546112226207,0.9594767216338728,0.9768325008113686,0.4039422456874733,0.0823663097000792,0.7638709677419355,0.04989497606831721,x_iiotid,E4_network_only,TCP Relay,Malware_C2,near,2,7,mlp:mahalanobis,attacks_only,29041,775,SAFE_FINAL_01
0.7836581491433515,0.7643924438450483,0.8029238544416547,0.050733554886635605,0.3835742334363773,0.1406451612903226,0.0489765226835993,x_iiotid,E4_network_only,TCP Relay,Malware_C2,near,2,7,edl:vacuity,with_normal,59845,775,SAFE_FINAL_01
0.7783122193206268,0.7588576431293818,0.7977667955118718,0.11624855345181079,0.3700974484349712,0.1367741935483871,0.047415722599084054,x_iiotid,E4_network_only,TCP Relay,Malware_C2,near,2,7,edl:vacuity,attacks_only,29041,775,SAFE_FINAL_01
0.9581630286843162,0.9482971796058892,0.9680288777627433,0.5362345919285254,0.15718940596541064,0.7148387096774194,0.05213468125992146,x_iiotid,E4_network_only,TCP Relay,Malware_C2,near,2,7,fusion_rank,with_normal,59845,775,SAFE_FINAL_01
0.9754992663320268,0.9678455733825203,0.9831529592815332,0.6339703239542668,0.08691160772700665,0.7806451612903226,0.0519610206260115,x_iiotid,E4_network_only,TCP Relay,Malware_C2,near,2,7,fusion_rank,attacks_only,29041,775,SAFE_FINAL_01
0.9299545330814281,0.9174701091920945,0.9424389569707616,0.4014412218666707,0.246887793466455,0.6903225806451613,0.05011279137772579,x_iiotid,E4_network_only,TCP Relay,Malware_C2,near,2,7,fusion_z,with_normal,59845,775,SAFE_FINAL_01
0.9266429330723749,0.9138883325375883,0.9393975336071615,0.5159512649677455,0.24517062084638958,0.6903225806451613,0.053820460727936364,x_iiotid,E4_network_only,TCP Relay,Malware_C2,near,2,7,fusion_z,attacks_only,29041,775,SAFE_FINAL_01
0.8229853357733286,0.8048907634371489,0.8410799081095082,0.5002371233387313,1.0,0.6735483870967742,0.04581836410727713,x_iiotid,E4_network_only,TCP Relay,Malware_C2,near,2,13,rf:maxprob,with_normal,59845,775,SAFE_FINAL_01
0.8097955171276204,0.7912242061340472,0.8283668281211937,0.525238607896144,1.0,0.6361290322580645,0.0444543920663889,x_iiotid,E4_network_only,TCP Relay,Malware_C2,near,2,13,rf:maxprob,attacks_only,29041,775,SAFE_FINAL_01
0.7868284250442675,0.7676447920911159,0.8060120579974192,0.029971660318550752,0.361884869245551,0.04129032258064516,0.05093157323084635,x_iiotid,E4_network_only,TCP Relay,Malware_C2,near,2,13,mlp:maxprob,with_normal,59845,775,SAFE_FINAL_01
0.818293358333213,0.7999978196745283,0.8365888969918978,0.06888045649115541,0.26906786956372025,0.03225806451612903,0.0512379050308185,x_iiotid,E4_network_only,TCP Relay,Malware_C2,near,2,13,mlp:maxprob,attacks_only,29041,775,SAFE_FINAL_01
0.8118839043874094,0.7934234877569093,0.8303443210179096,0.042655154791063375,0.3411479655777425,0.18580645161290324,0.05061408638984042,x_iiotid,E4_network_only,TCP Relay,Malware_C2,near,2,13,mlp:entropy,with_normal,59845,775,SAFE_FINAL_01
0.8335491202093592,0.8157928742523688,0.8513053661663497,0.08691270813941124,0.2631796425742915,0.05290322580645161,0.05230536138562722,x_iiotid,E4_network_only,TCP Relay,Malware_C2,near,2,13,mlp:entropy,attacks_only,29041,775,SAFE_FINAL_01
0.9299492937400111,0.9174644555422935,0.9424341319377287,0.28737179669589447,0.2637480157072437,0.7096774193548387,0.05079789456094912,x_iiotid,E4_network_only,TCP Relay,Malware_C2,near,2,13,mlp:energy,with_normal,59845,775,SAFE_FINAL_01
0.9643453360154888,0.9551894521952621,0.9735012198357155,0.6231550440389331,0.13625563857993872,0.7212903225806452,0.04951620123273992,x_iiotid,E4_network_only,TCP Relay,Malware_C2,near,2,13,mlp:energy,attacks_only,29041,775,SAFE_FINAL_01
0.94599293335741,0.9348897520640795,0.9570961146507404,0.1922610607928541,0.17455092321831397,0.6748387096774193,0.0489765226835993,x_iiotid,E4_network_only,TCP Relay,Malware_C2,near,2,13,mlp:mahalanobis,with_normal,59845,775,SAFE_FINAL_01
0.9671017282573803,0.9582885442161221,0.9759149122986385,0.41211643874765114,0.10643572879721773,0.7845161290322581,0.05144450948658793,x_iiotid,E4_network_only,TCP Relay,Malware_C2,near,2,13,mlp:mahalanobis,attacks_only,29041,775,SAFE_FINAL_01
0.8423182253078517,0.8249350469972514,0.859701403618452,0.05488675246343272,0.2933077115882697,0.1367741935483871,0.0522683599298187,x_iiotid,E4_network_only,TCP Relay,Malware_C2,near,2,13,edl:vacuity,with_normal,59845,775,SAFE_FINAL_01
0.7642096435406672,0.7444240230985627,0.7839952639827718,0.08078910520132923,0.4057711511311594,0.08903225806451613,0.04531524396542819,x_iiotid,E4_network_only,TCP Relay,Malware_C2,near,2,13,edl:vacuity,attacks_only,29041,775,SAFE_FINAL_01
0.9549641735774406,0.9447535236106139,0.9651748235442672,0.6043351845853175,0.1792630963321915,0.7161290322580646,0.0487927145124906,x_iiotid,E4_network_only,TCP Relay,Malware_C2,near,2,13,fusion_rank,with_normal,59845,775,SAFE_FINAL_01
0.9715549651160595,0.9633324694340666,0.9797774607980525,0.6798821415155639,0.11239282393856961,0.7767741935483871,0.05227092730966564,x_iiotid,E4_network_only,TCP Relay,Malware_C2,near,2,13,fusion_rank,attacks_only,29041,775,SAFE_FINAL_01
0.9275558633998043,0.9148839785387464,0.9402277482608623,0.4045654572807021,0.2671234021221489,0.6941935483870968,0.0487927145124906,x_iiotid,E4_network_only,TCP Relay,Malware_C2,near,2,13,fusion_z,with_normal,59845,775,SAFE_FINAL_01
0.9238550169893288,0.910889117151857,0.9368209168268006,0.5133218287570104,0.2679315450569884,0.6941935483870968,0.04879308563754692,x_iiotid,E4_network_only,TCP Relay,Malware_C2,near,2,13,fusion_z,attacks_only,29041,775,SAFE_FINAL_01
0.6345846931479255,0.607668475161496,0.661500911134355,0.012549512747740604,1.0,0.03333333333333333,0.05398637820512821,x_iiotid,E4_network_only,fuzzing,fuzzing,far,0,42,rf:maxprob,with_normal,59904,480,SAFE_FINAL_01
0.5924516394616266,0.5654667044770011,0.6194365744462521,0.019718998388296497,1.0,0.029166666666666667,0.055292096219931273,x_iiotid,E4_network_only,fuzzing,fuzzing,far,0,42,rf:maxprob,attacks_only,29100,480,SAFE_FINAL_01
0.48652423739093664,0.4608372145950021,0.5122112601868711,0.0069520193918297555,0.7046107104700855,0.016666666666666666,0.050597622863247864,x_iiotid,E4_network_only,fuzzing,fuzzing,far,0,42,mlp:maxprob,with_normal,59904,480,SAFE_FINAL_01
0.5993570661512028,0.5723516624523303,0.6263624698500753,0.018113662029304492,0.5726460481099657,0.016666666666666666,0.05443298969072165,x_iiotid,E4_network_only,fuzzing,fuzzing,far,0,42,mlp:maxprob,attacks_only,29100,480,SAFE_FINAL_01
0.4877690763555022,0.4620586801298035,0.513479472581201,0.006971934797120278,0.7055121527777778,0.00625,0.04986311431623932,x_iiotid,E4_network_only,fuzzing,fuzzing,far,0,42,mlp:entropy,with_normal,59904,480,SAFE_FINAL_01
0.5985558419243986,0.571552440327809,0.6255592435209881,0.018111346946152258,0.5725773195876289,0.00625,0.05254295532646048,x_iiotid,E4_network_only,fuzzing,fuzzing,far,0,42,mlp:entropy,attacks_only,29100,480,SAFE_FINAL_01
0.5348735059428419,0.5084361159581154,0.5613108959275683,0.007879922601813902,0.6102430555555556,0.03958333333333333,0.049178685897435896,x_iiotid,E4_network_only,fuzzing,fuzzing,far,0,42,mlp:energy,with_normal,59904,480,SAFE_FINAL_01
0.7184163445017183,0.6922867967845561,0.7445458922188806,0.02589505427030068,0.3925429553264605,0.04375,0.04807560137457045,x_iiotid,E4_network_only,fuzzing,fuzzing,far,0,42,mlp:energy,attacks_only,29100,480,SAFE_FINAL_01
0.9218957276086183,0.9052594657724896,0.9385319894447469,0.05042924935438754,0.1717247596153846,0.43125,0.05053084935897436,x_iiotid,E4_network_only,fuzzing,fuzzing,far,0,42,mlp:mahalanobis,with_normal,59904,480,SAFE_FINAL_01
0.9540032216494845,0.9408988599697496,0.9671075833292193,0.1560835252602639,0.10340206185567011,0.6479166666666667,0.05120274914089347,x_iiotid,E4_network_only,fuzzing,fuzzing,far,0,42,mlp:mahalanobis,attacks_only,29100,480,SAFE_FINAL_01
0.49803953687010327,0.4721444082816993,0.5239346654585073,0.007178318176469852,0.6817574786324786,0.0125,0.052083333333333336,x_iiotid,E4_network_only,fuzzing,fuzzing,far,0,42,edl:vacuity,with_normal,59904,480,SAFE_FINAL_01
0.5801827033218786,0.5532519172663212,0.607113489377436,0.01754625249266435,0.5703092783505155,0.010416666666666666,0.051786941580756016,x_iiotid,E4_network_only,fuzzing,fuzzing,far,0,42,edl:vacuity,attacks_only,29100,480,SAFE_FINAL_01
0.9286195760438924,0.9126282827700836,0.9446108693177013,0.06028500125996461,0.17082331730769232,0.5125,0.05089810363247863,x_iiotid,E4_network_only,fuzzing,fuzzing,far,0,42,fusion_rank,with_normal,59904,480,SAFE_FINAL_01
0.9564036726804124,0.9436220666865387,0.969185278674286,0.17157844741279918,0.10632302405498281,0.6979166666666666,0.051786941580756016,x_iiotid,E4_network_only,fuzzing,fuzzing,far,0,42,fusion_rank,attacks_only,29100,480,SAFE_FINAL_01
0.8822002008769587,0.8624379628312309,0.9019624389226866,0.059451436525115475,0.2612346420940171,0.41041666666666665,0.05285122863247863,x_iiotid,E4_network_only,fuzzing,fuzzing,far,0,42,fusion_z,with_normal,59904,480,SAFE_FINAL_01
0.8651305126002291,0.84427399636712,0.8859870288333382,0.11897591520853061,0.2665635738831615,0.41041666666666665,0.05436426116838488,x_iiotid,E4_network_only,fuzzing,fuzzing,far,0,42,fusion_z,attacks_only,29100,480,SAFE_FINAL_01
0.7567133629084313,0.7314746243327056,0.781952101484157,0.024195510517648365,1.0,0.01875,0.04811030982905983,x_iiotid,E4_network_only,fuzzing,fuzzing,far,0,7,rf:maxprob,with_normal,59904,480,SAFE_FINAL_01
0.706419029209622,0.6800872520066826,0.7327508064125613,0.03285970589289039,1.0,0.014583333333333334,0.04508591065292096,x_iiotid,E4_network_only,fuzzing,fuzzing,far,0,7,rf:maxprob,attacks_only,29100,480,SAFE_FINAL_01
0.4379039797008547,0.413294365618352,0.46251359378335744,0.006393175215109761,0.7462606837606838,0.004166666666666667,0.05081463675213675,x_iiotid,E4_network_only,fuzzing,fuzzing,far,0,7,mlp:maxprob,with_normal,59904,480,SAFE_FINAL_01
0.5835490048682702,0.5566011125005815,0.6104968972359589,0.01758771555370348,0.5847422680412371,0.004166666666666667,0.050446735395189006,x_iiotid,E4_network_only,fuzzing,fuzzing,far,0,7,mlp:maxprob,attacks_only,29100,480,SAFE_FINAL_01
0.4386426442029469,0.41401427862889456,0.46327100977699925,0.006386238525086145,0.744941907051282,0.00625,0.053251869658119656,x_iiotid,E4_network_only,fuzzing,fuzzing,far,0,7,mlp:entropy,with_normal,59904,480,SAFE_FINAL_01
0.5839867912371134,0.5570367987193566,0.6109367837548701,0.017607901695622763,0.582680412371134,0.0,0.050756013745704466,x_iiotid,E4_network_only,fuzzing,fuzzing,far,0,7,mlp:entropy,attacks_only,29100,480,SAFE_FINAL_01
0.4426529843583066,0.41792408995289115,0.467381878763722,0.00657182343703685,0.7026742788461539,0.025,0.05136551816239316,x_iiotid,E4_network_only,fuzzing,fuzzing,far,0,7,mlp:energy,with_normal,59904,480,SAFE_FINAL_01
0.6253431414662084,0.5983267526494096,0.6523595302830072,0.019624958296174704,0.5036082474226804,0.025,0.0529553264604811,x_iiotid,E4_network_only,fuzzing,fuzzing,far,0,7,mlp:energy,attacks_only,29100,480,SAFE_FINAL_01
0.9170175753427706,0.8999380803882381,0.9340970702973032,0.052389329656686495,0.21848290598290598,0.4479166666666667,0.052968082264957264,x_iiotid,E4_network_only,fuzzing,fuzzing,far,0,7,mlp:mahalanobis,with_normal,59904,480,SAFE_FINAL_01
0.9477661798396335,0.93386933063637,0.961663029042897,0.15125530715423957,0.15123711340206186,0.63125,0.05323024054982818,x_iiotid,E4_network_only,fuzzing,fuzzing,far,0,7,mlp:mahalanobis,attacks_only,29100,480,SAFE_FINAL_01
0.6590756147335738,0.6322789621966092,0.6858722672705384,0.01193529805630766,0.5737179487179487,0.020833333333333332,0.05061431623931624,x_iiotid,E4_network_only,fuzzing,fuzzing,far,0,7,edl:vacuity,with_normal,59904,480,SAFE_FINAL_01
0.5969958476517755,0.5699966255891245,0.6239950697144265,0.020920623174405024,0.5592783505154639,0.014583333333333334,0.05587628865979381,x_iiotid,E4_network_only,fuzzing,fuzzing,far,0,7,edl:vacuity,attacks_only,29100,480,SAFE_FINAL_01
0.9273939866286057,0.9112820104020065,0.9435059628552049,0.07248636310372135,0.21501068376068377,0.5229166666666667,0.05215010683760684,x_iiotid,E4_network_only,fuzzing,fuzzing,far,0,7,fusion_rank,with_normal,59904,480,SAFE_FINAL_01
0.9522715850515464,0.9389407900768878,0.965602380026205,0.18055155404262357,0.14876288659793815,0.6708333333333333,0.053402061855670105,x_iiotid,E4_network_only,fuzzing,fuzzing,far,0,7,fusion_rank,attacks_only,29100,480,SAFE_FINAL_01
0.9242269227987002,0.9078096209513591,0.9406442246460414,0.10289797766934049,0.29124933226495725,0.675,0.04919537927350427,x_iiotid,E4_network_only,fuzzing,fuzzing,far,0,7,fusion_z,with_normal,59904,480,SAFE_FINAL_01
0.9170116695303551,0.8999199248003095,0.9341034142604007,0.1964923809194134,0.2908591065292096,0.675,0.049759450171821304,x_iiotid,E4_network_only,fuzzing,fuzzing,far,0,7,fusion_z,attacks_only,29100,480,SAFE_FINAL_01
0.6910515331474805,0.6645655395717249,0.717537526723236,0.016737251669482787,1.0,0.03125,0.04944577991452991,x_iiotid,E4_network_only,fuzzing,fuzzing,far,0,13,rf:maxprob,with_normal,59904,480,SAFE_FINAL_01
0.6455960409507446,0.6186455652313745,0.6725465166701148,0.024191772820799744,1.0,0.025,0.04989690721649485,x_iiotid,E4_network_only,fuzzing,fuzzing,far,0,13,rf:maxprob,attacks_only,29100,480,SAFE_FINAL_01
0.5446451822916667,0.5180959705749283,0.5711943940084051,0.007951474525946054,0.6282385149572649,0.0020833333333333333,0.05016359508547009,x_iiotid,E4_network_only,fuzzing,fuzzing,far,0,13,mlp:maxprob,with_normal,59904,480,SAFE_FINAL_01
0.6710336483390608,0.6442625551541004,0.6978047415240212,0.022558859994847184,0.4547766323024055,0.0020833333333333333,0.05041237113402062,x_iiotid,E4_network_only,fuzzing,fuzzing,far,0,13,mlp:maxprob,attacks_only,29100,480,SAFE_FINAL_01
0.5492433727297009,0.5226462604175612,0.5758404850418406,0.00801431995423867,0.6246327457264957,0.0020833333333333333,0.04932892628205128,x_iiotid,E4_network_only,fuzzing,fuzzing,far,0,13,mlp:entropy,with_normal,59904,480,SAFE_FINAL_01
0.6717643184421536,0.6450000183394999,0.6985286185448072,0.022568702730998976,0.4491408934707904,0.0020833333333333333,0.050756013745704466,x_iiotid,E4_network_only,fuzzing,fuzzing,far,0,13,mlp:entropy,attacks_only,29100,480,SAFE_FINAL_01
0.5120472095630787,0.48592357143571546,0.5381708476904419,0.0074550878764420596,0.6570012019230769,0.01875,0.05086471688034188,x_iiotid,E4_network_only,fuzzing,fuzzing,far,0,13,mlp:energy,with_normal,59904,480,SAFE_FINAL_01
0.7031462986827034,0.6767641776760885,0.7295284196893183,0.02468472138672887,0.4442955326460481,0.03125,0.04907216494845361,x_iiotid,E4_network_only,fuzzing,fuzzing,far,0,13,mlp:energy,attacks_only,29100,480,SAFE_FINAL_01
0.9379971496060363,0.9229802790362929,0.9530140201757797,0.06756736442948483,0.17706663995726496,0.5895833333333333,0.050681089743589744,x_iiotid,E4_network_only,fuzzing,fuzzing,far,0,13,mlp:mahalanobis,with_normal,59904,480,SAFE_FINAL_01
0.9626037371134022,0.9507091033574288,0.9744983708693756,0.19375714984955972,0.10680412371134021,0.8166666666666667,0.04958762886597938,x_iiotid,E4_network_only,fuzzing,fuzzing,far,0,13,mlp:mahalanobis,attacks_only,29100,480,SAFE_FINAL_01
0.5312545732894854,0.5048620373833164,0.5576471091956545,0.007605882055101115,0.6506911057692307,0.00625,0.048761351495726496,x_iiotid,E4_network_only,fuzzing,fuzzing,far,0,13,edl:vacuity,with_normal,59904,480,SAFE_FINAL_01
0.5916508805841925,0.5646687880574647,0.6186329731109202,0.01788611602091154,0.5340549828178695,0.0020833333333333333,0.04924398625429553,x_iiotid,E4_network_only,fuzzing,fuzzing,far,0,13,edl:vacuity,attacks_only,29100,480,SAFE_FINAL_01
0.9463338563924502,0.9322699167024449,0.9603977960824555,0.08760090561711882,0.1810062767094017,0.6583333333333333,0.049679487179487176,x_iiotid,E4_network_only,fuzzing,fuzzing,far,0,13,fusion_rank,with_normal,59904,480,SAFE_FINAL_01
0.9660985466781213,0.9547429619961225,0.9774541313601202,0.22146831439721362,0.11178694158075601,0.8416666666666667,0.05020618556701031,x_iiotid,E4_network_only,fuzzing,fuzzing,far,0,13,fusion_rank,attacks_only,29100,480,SAFE_FINAL_01
0.9157606336805555,0.8985700614618212,0.9329512058992898,0.09420150041400427,0.2682625534188034,0.5291666666666667,0.048644497863247864,x_iiotid,E4_network_only,fuzzing,fuzzing,far,0,13,fusion_z,with_normal,59904,480,SAFE_FINAL_01
0.9032749856815578,0.8850299162220671,0.9215200551410486,0.17899521434060722,0.26738831615120273,0.5291666666666667,0.04570446735395189,x_iiotid,E4_network_only,fuzzing,fuzzing,far,0,13,fusion_z,attacks_only,29100,480,SAFE_FINAL_01
0.8592400504340143,0.8533537325654492,0.8651263683025794,0.7419067519700069,1.0,0.7189901207464325,0.05234567901234568,x_iiotid,E4_network_only,insider_malcious,insider_malcious,far,0,42,rf:maxprob,with_normal,58725,6377,SAFE_FINAL_01
0.8482019322455276,0.842042981431649,0.8543608830594063,0.771000162184254,1.0,0.7178924259055982,0.0552630636438523,x_iiotid,E4_network_only,insider_malcious,insider_malcious,far,0,42,rf:maxprob,attacks_only,27921,6377,SAFE_FINAL_01
0.8899616831534517,0.8846310831670914,0.895292283139812,0.7191038745172841,0.37822051936994466,0.7086404265328524,0.04955300127713921,x_iiotid,E4_network_only,insider_malcious,insider_malcious,far,0,42,mlp:maxprob,with_normal,58725,6377,SAFE_FINAL_01
0.9194296693312164,0.9147246571165012,0.9241346815459316,0.8151335950490267,0.2783567923784965,0.7100517484710679,0.045127323519931234,x_iiotid,E4_network_only,insider_malcious,insider_malcious,far,0,42,mlp:maxprob,attacks_only,27921,6377,SAFE_FINAL_01
0.8915859404003037,0.8862882931079723,0.8968835876926351,0.7545096634074345,0.38002554278416345,0.7150697820291673,0.04943380161770966,x_iiotid,E4_network_only,insider_malcious,insider_malcious,far,0,42,mlp:entropy,with_normal,58725,6377,SAFE_FINAL_01
0.9203639373948375,0.9156835747489576,0.9250443000407174,0.8263809463683993,0.2793238064539236,0.7150697820291673,0.046703198309516136,x_iiotid,E4_network_only,insider_malcious,insider_malcious,far,0,42,mlp:entropy,attacks_only,27921,6377,SAFE_FINAL_01
0.9646272293609437,0.961438336234499,0.9678161224873884,0.8290248320834763,0.12309919114516815,0.7153834091265485,0.05013197105151128,x_iiotid,E4_network_only,insider_malcious,insider_malcious,far,0,42,mlp:energy,with_normal,58725,6377,SAFE_FINAL_01
0.9834755385269928,0.981264027206203,0.9856870498477825,0.9323026987247268,0.05766269116435658,0.7164811039673827,0.04774184305719709,x_iiotid,E4_network_only,insider_malcious,insider_malcious,far,0,42,mlp:energy,attacks_only,27921,6377,SAFE_FINAL_01
0.9251088171872457,0.9205952077127231,0.9296224266617683,0.6787998726498354,0.2546785866326096,0.7166379175160734,0.050455512984248614,x_iiotid,E4_network_only,insider_malcious,insider_malcious,far,0,42,mlp:mahalanobis,with_normal,58725,6377,SAFE_FINAL_01
0.9497548800529678,0.9459709709799918,0.9535387891259438,0.8059009078693192,0.16826044912431504,0.7166379175160734,0.049246087174528136,x_iiotid,E4_network_only,insider_malcious,insider_malcious,far,0,42,mlp:mahalanobis,attacks_only,27921,6377,SAFE_FINAL_01
0.8547582804930421,0.8488004179937922,0.860716142992292,0.7250104969156428,0.5043848446147297,0.7119335110553552,0.04970625798212005,x_iiotid,E4_network_only,insider_malcious,insider_malcious,far,0,42,edl:vacuity,with_normal,58725,6377,SAFE_FINAL_01
0.8631203143064485,0.8572101952455637,0.8690304333673333,0.7798579174658853,0.4737652662870241,0.7119335110553552,0.05110848465312847,x_iiotid,E4_network_only,insider_malcious,insider_malcious,far,0,42,edl:vacuity,attacks_only,27921,6377,SAFE_FINAL_01
0.9285929472088422,0.924174530862116,0.9330113635555685,0.7830976282807626,0.25551298424861646,0.7166379175160734,0.050336313324819075,x_iiotid,E4_network_only,insider_malcious,insider_malcious,far,0,42,fusion_rank,with_normal,58725,6377,SAFE_FINAL_01
0.9522598474581195,0.948566094279971,0.9559536006362681,0.8624710497270549,0.1705168153003116,0.7169515446134546,0.0495684251996705,x_iiotid,E4_network_only,insider_malcious,insider_malcious,far,0,42,fusion_rank,attacks_only,27921,6377,SAFE_FINAL_01
0.9150344365623773,0.9102618639152783,0.9198070092094762,0.7451031367948224,0.34101319710515116,0.7581935079190842,0.05013197105151128,x_iiotid,E4_network_only,insider_malcious,insider_malcious,far,0,42,fusion_z,with_normal,58725,6377,SAFE_FINAL_01
0.9182140315613144,0.9134772351866394,0.9229508279359895,0.807130023198917,0.3266000501414706,0.7581935079190842,0.051001038644747684,x_iiotid,E4_network_only,insider_malcious,insider_malcious,far,0,42,fusion_z,attacks_only,27921,6377,SAFE_FINAL_01
0.8559904517972574,0.8500520409457967,0.8619288626487182,0.7526034645584538,1.0,0.7191469342951231,0.04808854831843338,x_iiotid,E4_network_only,insider_malcious,insider_malcious,far,0,7,rf:maxprob,with_normal,58725,6377,SAFE_FINAL_01
0.8454843249719266,0.8392825437301541,0.8516861062136991,0.777198341661402,1.0,0.7172651717108358,0.04849396511586261,x_iiotid,E4_network_only,insider_malcious,insider_malcious,far,0,7,rf:maxprob,attacks_only,27921,6377,SAFE_FINAL_01
0.722274490734816,0.7149580498057468,0.7295909316638851,0.14802920176415035,0.37464452958705835,0.004077152265955779,0.05020008514261388,x_iiotid,E4_network_only,insider_malcious,insider_malcious,far,0,7,mlp:maxprob,with_normal,58725,6377,SAFE_FINAL_01
0.7712216551619798,0.7640941371452946,0.778349173178665,0.3022378657002116,0.2845528455284553,0.004077152265955779,0.051645714695032416,x_iiotid,E4_network_only,insider_malcious,insider_malcious,far,0,7,mlp:maxprob,attacks_only,27921,6377,SAFE_FINAL_01
0.7797458498983916,0.7728642301437438,0.7866274696530393,0.1875505425827403,0.37018305661983825,0.04233965814646386,0.04953597275436356,x_iiotid,E4_network_only,insider_malcious,insider_malcious,far,0,7,mlp:entropy,with_normal,58725,6377,SAFE_FINAL_01
0.8114558691510143,0.8047754972605884,0.8181362410414402,0.36579190927753324,0.284696106872963,0.03998745491610475,0.04946097919128971,x_iiotid,E4_network_only,insider_malcious,insider_malcious,far,0,7,mlp:entropy,attacks_only,27921,6377,SAFE_FINAL_01
0.9150327075411295,0.9102600923740582,0.9198053227082008,0.7655746528568197,0.2960919540229885,0.715226595577858,0.049689229459344404,x_iiotid,E4_network_only,insider_malcious,insider_malcious,far,0,7,mlp:energy,with_normal,58725,6377,SAFE_FINAL_01
0.9773355195010012,0.9747541853090398,0.9799168536929626,0.9168126447720462,0.07872210880699115,0.7166379175160734,0.04695390566240464,x_iiotid,E4_network_only,insider_malcious,insider_malcious,far,0,7,mlp:energy,attacks_only,27921,6377,SAFE_FINAL_01
0.9279015950588176,0.9234640416186026,0.9323391484990327,0.7299023107749525,0.2536057896977437,0.7164811039673827,0.05336739037888463,x_iiotid,E4_network_only,insider_malcious,insider_malcious,far,0,7,mlp:mahalanobis,with_normal,58725,6377,SAFE_FINAL_01
0.9498223602573844,0.9460408442976359,0.9536038762171329,0.8400425329603268,0.17323878084595823,0.7166379175160734,0.049926578560939794,x_iiotid,E4_network_only,insider_malcious,insider_malcious,far,0,7,mlp:mahalanobis,attacks_only,27921,6377,SAFE_FINAL_01
0.8533918637066624,0.8474126206561492,0.8593711067571757,0.7459384403375655,0.5161685823754789,0.7153834091265485,0.04950191570881226,x_iiotid,E4_network_only,insider_malcious,insider_malcious,far,0,7,edl:vacuity,with_normal,58725,6377,SAFE_FINAL_01
0.8753870248074473,0.8697003832437703,0.8810736663711244,0.8010825844465754,0.43888112889939473,0.7153834091265485,0.04942516385516278,x_iiotid,E4_network_only,insider_malcious,insider_malcious,far,0,7,edl:vacuity,attacks_only,27921,6377,SAFE_FINAL_01
0.9293177742783456,0.9249195569631551,0.9337159915935361,0.7914917276014095,0.2527373350361856,0.7164811039673827,0.052873563218390804,x_iiotid,E4_network_only,insider_malcious,insider_malcious,far,0,7,fusion_rank,with_normal,58725,6377,SAFE_FINAL_01
0.9499859723734864,0.9462102667413204,0.9537616780056524,0.8637756314771541,0.17742917517280898,0.716794731064764,0.05268435944271337,x_iiotid,E4_network_only,insider_malcious,insider_malcious,far,0,7,fusion_rank,attacks_only,27921,6377,SAFE_FINAL_01
0.9149642943760814,0.9101899972989836,0.9197385914531792,0.7756484436940048,0.33389527458492974,0.748314254351576,0.05043848446147297,x_iiotid,E4_network_only,insider_malcious,insider_malcious,far,0,7,fusion_z,with_normal,58725,6377,SAFE_FINAL_01
0.9160662121943699,0.9112740393350378,0.920858385053702,0.8255211137170125,0.3277103255614054,0.748314254351576,0.053114143476236525,x_iiotid,E4_network_only,insider_malcious,insider_malcious,far,0,7,fusion_z,attacks_only,27921,6377,SAFE_FINAL_01
0.8574703698162824,0.8515555392167647,0.8633852004158001,0.7298317147538619,1.0,0.721969578171554,0.04893997445721584,x_iiotid,E4_network_only,insider_malcious,insider_malcious,far,0,13,rf:maxprob,with_normal,58725,6377,SAFE_FINAL_01
0.8461533197309191,0.8399620137069922,0.852344625754846,0.7608540266906497,1.0,0.7213423239767915,0.05060706994735146,x_iiotid,E4_network_only,insider_malcious,insider_malcious,far,0,13,rf:maxprob,attacks_only,27921,6377,SAFE_FINAL_01
0.8351890324243555,0.8289430807759838,0.8414349840727272,0.3873646240203166,0.449757343550447,0.2491767288693743,0.05065985525755641,x_iiotid,E4_network_only,insider_malcious,insider_malcious,far,0,13,mlp:maxprob,with_normal,58725,6377,SAFE_FINAL_01
0.8691287736113951,0.8633258588345963,0.8749316883881938,0.5843418458001491,0.32283943984814295,0.2491767288693743,0.05365137351814047,x_iiotid,E4_network_only,insider_malcious,insider_malcious,far,0,13,mlp:maxprob,attacks_only,27921,6377,SAFE_FINAL_01
0.8691346582442636,0.8634143340091066,0.8748549824794206,0.693153407402221,0.4498765432098765,0.7100517484710679,0.05151128139633887,x_iiotid,E4_network_only,insider_malcious,insider_malcious,far,0,13,mlp:entropy,with_normal,58725,6377,SAFE_FINAL_01
0.9046379130454748,0.8995666432485936,0.909709182842356,0.7919183570809293,0.3262777121163282,0.6928022581151011,0.05418860356004441,x_iiotid,E4_network_only,insider_malcious,insider_malcious,far,0,13,mlp:entropy,attacks_only,27921,6377,SAFE_FINAL_01
0.8716598410381925,0.8659837418737831,0.8773359402026019,0.67123287802129,0.4438143891017454,0.7153834091265485,0.05038739889314602,x_iiotid,E4_network_only,insider_malcious,insider_malcious,far,0,13,mlp:energy,with_normal,58725,6377,SAFE_FINAL_01
0.9223073026942428,0.9176788460702455,0.92693575931824,0.8183701721523372,0.27194584721177606,0.7164811039673827,0.05125174599763619,x_iiotid,E4_network_only,insider_malcious,insider_malcious,far,0,13,mlp:energy,attacks_only,27921,6377,SAFE_FINAL_01
0.9177282850452412,0.9130227297759913,0.922433840314491,0.5033163607778762,0.24074925500212857,0.7166379175160734,0.04774797786292039,x_iiotid,E4_network_only,insider_malcious,insider_malcious,far,0,13,mlp:mahalanobis,with_normal,58725,6377,SAFE_FINAL_01
0.9449098463064911,0.9409589246389276,0.9488607679740546,0.7254864468970702,0.16167042727696,0.716794731064764,0.05110848465312847,x_iiotid,E4_network_only,insider_malcious,insider_malcious,far,0,13,mlp:mahalanobis,attacks_only,27921,6377,SAFE_FINAL_01
0.8576701699040419,0.8517585411520281,0.8635817986560557,0.6800119304824959,0.4918348233290762,0.7055041555590403,0.05178373776074925,x_iiotid,E4_network_only,insider_malcious,insider_malcious,far,0,13,edl:vacuity,with_normal,58725,6377,SAFE_FINAL_01
0.8708608947003451,0.8650896791533345,0.8766321102473558,0.7431817822232505,0.4416389097811683,0.704406460718206,0.05300669746785574,x_iiotid,E4_network_only,insider_malcious,insider_malcious,far,0,13,edl:vacuity,attacks_only,27921,6377,SAFE_FINAL_01
0.9322305355433028,0.9279149253185418,0.9365461457680638,0.7717502477803354,0.24166879523201362,0.7166379175160734,0.047475521498510004,x_iiotid,E4_network_only,insider_malcious,insider_malcious,far,0,13,fusion_rank,with_normal,58725,6377,SAFE_FINAL_01
0.953677122706088,0.9500356256998118,0.9573186197123641,0.8544661942402518,0.16414168546971813,0.7169515446134546,0.050427993266716806,x_iiotid,E4_network_only,insider_malcious,insider_malcious,far,0,13,fusion_rank,attacks_only,27921,6377,SAFE_FINAL_01
0.9157121314472716,0.9109562729667063,0.9204679899278368,0.6880837754903162,0.32652192422307363,0.7547436098478909,0.046419753086419754,x_iiotid,E4_network_only,insider_malcious,insider_malcious,far,0,13,fusion_z,with_normal,58725,6377,SAFE_FINAL_01
0.9173007938452122,0.9125403313383408,0.9220612563520837,0.7798530440932455,0.3205472583360195,0.7547436098478909,0.0470255363346585,x_iiotid,E4_network_only,insider_malcious,insider_malcious,far,0,13,fusion_z,attacks_only,27921,6377,SAFE_FINAL_01
